<?xml version='1.0' encoding='UTF-8'?>
<arggraph id="micro_b002">
  <edu id="e1"><![CDATA[One can hardly move in Friedrichshain or Neukölln these days without permanently scanning the ground for dog dirt.]]></edu>
  <edu id="e2"><![CDATA[And when bad luck does strike and you step into one of the many 'land mines' you have to painstakingly scrape the remains off your soles.]]></edu>
  <edu id="e3"><![CDATA[Higher fines are therefore the right measure against negligent, lazy or simply thoughtless dog owners.]]></edu>
  <edu id="e4"><![CDATA[Of course, first they'd actually need to be caught in the act by public order officers,]]></edu>
  <edu id="e5"><![CDATA[but once they have to dig into their pockets, their laziness will sure vanish!]]></edu>
  <adu id="a1" type="pro"/>
  <adu id="a2" type="pro"/>
  <adu id="a3" type="pro"/>
  <adu id="a4" type="opp"/>
  <adu id="a5" type="pro"/>
  <edge id="c6" src="e1" trg="a1" type="seg"/>
  <edge id="c7" src="e2" trg="a2" type="seg"/>
  <edge id="c8" src="e3" trg="a3" type="seg"/>
  <edge id="c9" src="e4" trg="a4" type="seg"/>
  <edge id="c10" src="e5" trg="a5" type="seg"/>
  <edge id="c1" src="a1" trg="a3" type="sup"/>
  <edge id="c2" src="a2" trg="a3" type="sup"/>
  <edge id="c4" src="a4" trg="a3" type="reb"/>
  <edge id="c5" src="a5" trg="c4" type="und"/>
</arggraph>
