{"nodes":[{"nodeID":"460","text":"The situation was tailor-made for an individual voluntary arrangement ( IVA ).","type":"I","timestamp":"2012-04-12 18:19:01"},{"nodeID":"461","text":"Bankruptcy would destroy the business and yield relatively little for the creditors.","type":"I","timestamp":"2012-04-12 18:19:01"},{"nodeID":"462","text":"An IVA on the other hand would preserve the business and enable the creditors to receive payments from the income of the nursing home.","type":"I","timestamp":"2012-04-12 18:19:01"},{"nodeID":"463","text":"If Bankruptcy would destroy the business and yield relatively little for the creditors while an AVI would preserve the business and enable the creditors to receive payments from the income the situation is tailor-made for an IVA.","type":"I","timestamp":"2012-04-12 18:19:01"},{"nodeID":"464","text":"RA","type":"RA","timestamp":"2012-04-12 18:19:01"}],"edges":[{"edgeID":"427","fromID":"461","toID":"464","formEdgeID":null},{"edgeID":"428","fromID":"462","toID":"464","formEdgeID":null},{"edgeID":"429","fromID":"463","toID":"464","formEdgeID":null},{"edgeID":"430","fromID":"464","toID":"460","formEdgeID":null}]}