{"nodes":[{"nodeID":"4751","text":"This  murderous  campaign only demonstrates the importance of the governing council in bringing democracy to Iraq","type":"I","timestamp":"2012-04-12 18:33:32"},{"nodeID":"4752","text":"This shows all those sceptics that the [members of the governing council] are the real targets of those who are trying to destroy the New Iraq","type":"I","timestamp":"2012-04-12 18:33:32"},{"nodeID":"4753","text":"The council is extremely dangerous for the terrorists and for whom is trying to destabilize Iraq","type":"I","timestamp":"2012-04-12 18:33:32"},{"nodeID":"4754","text":"We are trying to bring the democracy to Iraq","type":"I","timestamp":"2012-04-12 18:33:32"},{"nodeID":"4755","text":"the insurgents and terrorists working to destabilize Iraq understand who their most important enemies are","type":"I","timestamp":"2012-04-12 18:33:32"},{"nodeID":"4756","text":"many critics   including some within the Coalition Provisional Authority   have dismissed the council as a group of squabbling exiles and minor politicians with little popular support","type":"I","timestamp":"2012-04-12 18:33:32"},{"nodeID":"4757","text":"There is a murderous campaign against the governing council","type":"I","timestamp":"2012-04-12 18:33:32"},{"nodeID":"4758","text":"If an institution is dangerous for terrorists it is likely to be attacked by them","type":"I","timestamp":"2012-04-12 18:33:32"},{"nodeID":"4759","text":"RA","type":"RA","timestamp":"2012-04-12 18:33:32"},{"nodeID":"4760","text":"RA","type":"RA","timestamp":"2012-04-12 18:33:33"},{"nodeID":"4761","text":"RA","type":"RA","timestamp":"2012-04-12 18:33:33","scheme":"Sign"}],"edges":[{"edgeID":"4461","fromID":"4752","toID":"4759","formEdgeID":null},{"edgeID":"4462","fromID":"4753","toID":"4759","formEdgeID":null},{"edgeID":"4463","fromID":"4754","toID":"4759","formEdgeID":null},{"edgeID":"4464","fromID":"4759","toID":"4751","formEdgeID":null},{"edgeID":"4465","fromID":"4755","toID":"4760","formEdgeID":null},{"edgeID":"4466","fromID":"4756","toID":"4760","formEdgeID":null},{"edgeID":"4467","fromID":"4760","toID":"4752","formEdgeID":null},{"edgeID":"4468","fromID":"4757","toID":"4761","formEdgeID":null},{"edgeID":"4469","fromID":"4758","toID":"4761","formEdgeID":null},{"edgeID":"4470","fromID":"4761","toID":"4755","formEdgeID":null}]}