{"nodes":[{"nodeID":"1216","text":"The Bali bombings are the work of an international terrorist group not just local Islamic radicals","type":"I","timestamp":"2012-04-12 18:21:26"},{"nodeID":"1217","text":"A group operating in more nations is international","type":"I","timestamp":"2012-04-12 18:21:26"},{"nodeID":"1218","text":"The bomb in Bali were used by the terroristic group X operating in more nations","type":"I","timestamp":"2012-04-12 18:21:26"},{"nodeID":"1219","text":"A particular terroristic group X used plastic bombs in Yemen","type":"I","timestamp":"2012-04-12 18:21:26"},{"nodeID":"1220","text":"the bomb used in the nightclub attack was reportedly made from a military plastic explosive similar to the one used in the attack on the USS Cole in Yemen two years ago","type":"I","timestamp":"2012-04-12 18:21:26"},{"nodeID":"1221","text":"There are particular features in the two kinds of bombs that allow to establish that they are connected with the same user","type":"I","timestamp":"2012-04-12 18:21:26"},{"nodeID":"1222","text":"RA","type":"RA","timestamp":"2012-04-12 18:21:26","scheme":"VerbalClassification"},{"nodeID":"1223","text":"RA","type":"RA","timestamp":"2012-04-12 18:21:27","scheme":"Analogy"}],"edges":[{"edgeID":"1110","fromID":"1217","toID":"1222","formEdgeID":null},{"edgeID":"1111","fromID":"1218","toID":"1222","formEdgeID":null},{"edgeID":"1112","fromID":"1222","toID":"1216","formEdgeID":null},{"edgeID":"1113","fromID":"1219","toID":"1223","formEdgeID":null},{"edgeID":"1114","fromID":"1220","toID":"1223","formEdgeID":null},{"edgeID":"1115","fromID":"1221","toID":"1223","formEdgeID":null},{"edgeID":"1116","fromID":"1223","toID":"1218","formEdgeID":null}]}