{"nodes":[{"nodeID":"3555","text":"We should not accept the proposal","type":"I","timestamp":"2012-04-12 18:29:31"},{"nodeID":"3556","text":"Is my hon. Friend aware that if we had substituted gas-fired power stations for British Energy production we would have created an extra 27 million tonnes of carbon emissions from August 2003 to August 2004?","type":"I","timestamp":"2012-04-12 18:29:31"},{"nodeID":"3557","text":"Is he not concerned about our being dependent on gas in future and our losing energy production capacity in this country?","type":"I","timestamp":"2012-04-12 18:29:31"},{"nodeID":"3558","text":"The hon. Member for Hazel Grove (Mr. Stunell) is interested in doing away not only with the DTI but with nuclear energy","type":"I","timestamp":"2012-04-12 18:29:31"},{"nodeID":"3559","text":"If nuclear and DTI energy stations are sostituted with gas ones carbon emissions will be produced","type":"I","timestamp":"2012-04-12 18:29:32"},{"nodeID":"3560","text":"Hazel Grove is interested in doing away not only with the DTI but with nuclear energy","type":"I","timestamp":"2012-04-12 18:29:32"},{"nodeID":"3561","text":"If the country does away with neuclear energy and DTI it will lose energy production capacity and will depend more on gas","type":"I","timestamp":"2012-04-12 18:29:32"},{"nodeID":"3562","text":"RA","type":"RA","timestamp":"2012-04-12 18:29:32"},{"nodeID":"3563","text":"RA","type":"RA","timestamp":"2012-04-12 18:29:32"},{"nodeID":"3564","text":"RA","type":"RA","timestamp":"2012-04-12 18:29:32","scheme":"CauseToEffect"},{"nodeID":"3565","text":"RA","type":"RA","timestamp":"2012-04-12 18:29:33","scheme":"CauseToEffect"}],"edges":[{"edgeID":"3373","fromID":"3556","toID":"3562","formEdgeID":null},{"edgeID":"3374","fromID":"3562","toID":"3555","formEdgeID":null},{"edgeID":"3375","fromID":"3557","toID":"3563","formEdgeID":null},{"edgeID":"3376","fromID":"3563","toID":"3555","formEdgeID":null},{"edgeID":"3377","fromID":"3558","toID":"3564","formEdgeID":null},{"edgeID":"3378","fromID":"3559","toID":"3564","formEdgeID":null},{"edgeID":"3379","fromID":"3564","toID":"3556","formEdgeID":null},{"edgeID":"3380","fromID":"3560","toID":"3565","formEdgeID":null},{"edgeID":"3381","fromID":"3561","toID":"3565","formEdgeID":null},{"edgeID":"3382","fromID":"3565","toID":"3557","formEdgeID":null}]}