{"nodes":[{"nodeID":"4228","text":"We should listen to the women and empower them","type":"I","timestamp":"2012-04-12 18:31:49"},{"nodeID":"4229","text":"empowering women in developing countries is four times as likely to improve health benefits for children.","type":"I","timestamp":"2012-04-12 18:31:49"},{"nodeID":"4230","text":"Nelson pointed out that 80% of the consumption in the US is determined by women.","type":"I","timestamp":"2012-04-12 18:31:49"},{"nodeID":"4231","text":"By not listening corporations risk losing touch with the consumer","type":"I","timestamp":"2012-04-12 18:31:49"},{"nodeID":"4232","text":"In a worldwide battle for talent not utilizing women to the fullest is a mistake","type":"I","timestamp":"2012-04-12 18:31:49"},{"nodeID":"4233","text":"If we do not utilize women we fail to utilize talented people","type":"I","timestamp":"2012-04-12 18:31:49"},{"nodeID":"4234","text":"RA","type":"RA","timestamp":"2012-04-12 18:31:49"},{"nodeID":"4235","text":"RA","type":"RA","timestamp":"2012-04-12 18:31:49"},{"nodeID":"4236","text":"RA","type":"RA","timestamp":"2012-04-12 18:31:50"}],"edges":[{"edgeID":"3978","fromID":"4229","toID":"4234","formEdgeID":null},{"edgeID":"3979","fromID":"4234","toID":"4228","formEdgeID":null},{"edgeID":"3980","fromID":"4230","toID":"4235","formEdgeID":null},{"edgeID":"3981","fromID":"4231","toID":"4235","formEdgeID":null},{"edgeID":"3982","fromID":"4235","toID":"4228","formEdgeID":null},{"edgeID":"3983","fromID":"4232","toID":"4236","formEdgeID":null},{"edgeID":"3984","fromID":"4233","toID":"4236","formEdgeID":null},{"edgeID":"3985","fromID":"4236","toID":"4228","formEdgeID":null}]}