{"nodes":[{"nodeID":"1054","text":"the problems here flow out of its having tried to proceed according to the most universally accepted standards available to it.","type":"I","timestamp":"2012-04-12 18:20:52"},{"nodeID":"1058","text":"Under normal circumstances there would be no question that the defense could have access to such a witness -- nor constitutionally speaking should there be such question now.","type":"I","timestamp":"2012-04-12 18:20:52"},{"nodeID":"1060","text":"The Sixth Amendment makes clear that  the accused shall enjoy the right . . . to have compulsory process for obtaining witnesses in his favor.","type":"I","timestamp":"2012-04-12 18:20:52"},{"nodeID":"2263","text":"Fair-trial rights in American courts cannot be contingent on other governmental interests even pressing ones.","type":"I","timestamp":"2012-04-12 18:25:15"},{"nodeID":"2264","text":"This case can be considered an exception to the Constitution","type":"I","timestamp":"2012-04-12 18:25:15"},{"nodeID":"2265","text":"And Mr. Binalshibh's testimony the defense argues would lessen a jury's sense of Mr. Moussaoui's culpability and make it less inclined to impose the death penalty.","type":"I","timestamp":"2012-04-12 18:25:15"},{"nodeID":"2266","text":"The Constitution's language is absolute after all and admits no national security exception.","type":"I","timestamp":"2012-04-12 18:25:15"},{"nodeID":"2267","text":"If this case can be an unacceptable risk for the Government it can be considered an exception to the rule","type":"I","timestamp":"2012-04-12 18:25:15"},{"nodeID":"2268","text":"It isn't unreasonable for the government to regard this as an unacceptable risk.","type":"I","timestamp":"2012-04-12 18:25:16"},{"nodeID":"2269","text":"Mr. Moussaoui is representing himself meaning that he would personally talk to a terrorist confederate in any deposition.","type":"I","timestamp":"2012-04-12 18:25:16"},{"nodeID":"2270","text":"Communication between two terrorists may have be extremely risky consequences on the State","type":"I","timestamp":"2012-04-12 18:25:16"},{"nodeID":"2271","text":"RA","type":"RA","timestamp":"2012-04-12 18:25:16"},{"nodeID":"2272","text":"RA","type":"RA","timestamp":"2012-04-12 18:25:16","scheme":"EstablishedRule"},{"nodeID":"2273","text":"RA","type":"RA","timestamp":"2012-04-12 18:25:17","scheme":"VerbalClassification"},{"nodeID":"2274","text":"RA","type":"RA","timestamp":"2012-04-12 18:25:17"}],"edges":[{"edgeID":"2194","fromID":"1058","toID":"2271","formEdgeID":null},{"edgeID":"2195","fromID":"2263","toID":"2271","formEdgeID":null},{"edgeID":"2196","fromID":"2264","toID":"2271","formEdgeID":null},{"edgeID":"2197","fromID":"2271","toID":"1054","formEdgeID":null},{"edgeID":"2198","fromID":"1060","toID":"2272","formEdgeID":null},{"edgeID":"2199","fromID":"2265","toID":"2272","formEdgeID":null},{"edgeID":"2200","fromID":"2266","toID":"2272","formEdgeID":null},{"edgeID":"2201","fromID":"2272","toID":"1058","formEdgeID":null},{"edgeID":"2202","fromID":"2267","toID":"2273","formEdgeID":null},{"edgeID":"2203","fromID":"2268","toID":"2273","formEdgeID":null},{"edgeID":"2204","fromID":"2273","toID":"2264","formEdgeID":null},{"edgeID":"2205","fromID":"2269","toID":"2274","formEdgeID":null},{"edgeID":"2206","fromID":"2270","toID":"2274","formEdgeID":null},{"edgeID":"2207","fromID":"2274","toID":"2268","formEdgeID":null}]}