{"nodes":[{"nodeID":"1850","text":"Yet if the carriers are not built and properly equipped a shadow will fall over the whole of Britain's defence capability","type":"I","timestamp":"2012-04-12 18:23:41"},{"nodeID":"1851","text":"Second Britain's military standing with America currently so high will suffer unless it can maintain some sort of equivalence with the American military machine now so preponderant.","type":"I","timestamp":"2012-04-12 18:23:41"},{"nodeID":"1852","text":"The British forces it says compensate for technical deficiencies by human achievement.","type":"I","timestamp":"2012-04-12 18:23:41"},{"nodeID":"1853","text":"Finally to touch a matter close to the Prime Minister's heart Britain is at present enjoying an artificial military superiority over its European partners.","type":"I","timestamp":"2012-04-12 18:23:41"},{"nodeID":"1854","text":"The bigger EU states - France Italy Spain and now Germany - are professionalising their armed forces. They are also bracing themselves to accept higher levels of defence spending.","type":"I","timestamp":"2012-04-12 18:23:41"},{"nodeID":"1855","text":"Under the operational point of view UK's military force will plausibly decline","type":"I","timestamp":"2012-04-12 18:23:41"},{"nodeID":"1856","text":"UK's military force plausibly decline under the strategic point of view","type":"I","timestamp":"2012-04-12 18:23:41"},{"nodeID":"1857","text":"UK's military force will probably decline under the point of view of European military politics","type":"I","timestamp":"2012-04-12 18:23:41"},{"nodeID":"1858","text":"It will not only be the Royal Navy that will be threatened with descent into decline","type":"I","timestamp":"2012-04-12 18:23:41"},{"nodeID":"1859","text":"It will be the Army and the Royal Air Force as well.","type":"I","timestamp":"2012-04-12 18:23:41"},{"nodeID":"1860","text":"If the Navy has not the carriers it cannot operate","type":"I","timestamp":"2012-04-12 18:23:41"},{"nodeID":"1861","text":"If a corps cannot operate it will decline","type":"I","timestamp":"2012-04-12 18:23:41"},{"nodeID":"1862","text":"First the Services' ability to mount independent operations will be compromised.","type":"I","timestamp":"2012-04-12 18:23:41"},{"nodeID":"1863","text":"If a corps cannot undertake missions it will descent into decline","type":"I","timestamp":"2012-04-12 18:23:42"},{"nodeID":"1864","text":"The Army will not be able to undertake missions at a distance from the home base because it will not have the air cover essential to its operability.","type":"I","timestamp":"2012-04-12 18:23:42"},{"nodeID":"1865","text":"The Air Force won't be able to operate","type":"I","timestamp":"2012-04-12 18:23:42"},{"nodeID":"1866","text":"It cannot acquire land bases from which to operate outside the home area unless the Navy can provide cover while it does so.","type":"I","timestamp":"2012-04-12 18:23:42"},{"nodeID":"1867","text":"If the Air Force has not bases it cannot operate","type":"I","timestamp":"2012-04-12 18:23:42"},{"nodeID":"1868","text":"It is likely to become less complimentary if Britain falls technically further behind.","type":"I","timestamp":"2012-04-12 18:23:42"},{"nodeID":"1869","text":"If US are not happy with UK military force it is plausible that the latter will lose its standing with them","type":"I","timestamp":"2012-04-12 18:23:42"},{"nodeID":"1870","text":"US are not happy with UK's military organization","type":"I","timestamp":"2012-04-12 18:23:42"},{"nodeID":"1871","text":"If now US are softly complaining about the deficiencies if the deficiencies will increase they will complain in a more severe way","type":"I","timestamp":"2012-04-12 18:23:42"},{"nodeID":"1872","text":"The Pentagon while expressing its appreciation of British combat skills already qualifies its admiration","type":"I","timestamp":"2012-04-12 18:23:42"},{"nodeID":"1873","text":"If the US are disappointed with the military organization they qualify their admiration","type":"I","timestamp":"2012-04-12 18:23:42"},{"nodeID":"1874","text":"RA","type":"RA","timestamp":"2012-04-12 18:23:42"},{"nodeID":"1875","text":"RA","type":"RA","timestamp":"2012-04-12 18:23:42","scheme":"Example"},{"nodeID":"1876","text":"RA","type":"RA","timestamp":"2012-04-12 18:23:43","scheme":"CauseToEffect"},{"nodeID":"1877","text":"RA","type":"RA","timestamp":"2012-04-12 18:23:43","scheme":"Example"},{"nodeID":"1878","text":"RA","type":"RA","timestamp":"2012-04-12 18:23:43"},{"nodeID":"1879","text":"RA","type":"RA","timestamp":"2012-04-12 18:23:44"},{"nodeID":"1880","text":"RA","type":"RA","timestamp":"2012-04-12 18:23:44","scheme":"CauseToEffect"},{"nodeID":"1881","text":"RA","type":"RA","timestamp":"2012-04-12 18:23:44","scheme":"CauseToEffect"},{"nodeID":"1882","text":"RA","type":"RA","timestamp":"2012-04-12 18:23:44"},{"nodeID":"1883","text":"RA","type":"RA","timestamp":"2012-04-12 18:23:45","scheme":"CauseToEffect"},{"nodeID":"1884","text":"RA","type":"RA","timestamp":"2012-04-12 18:23:45","scheme":"CauseToEffect"},{"nodeID":"1885","text":"RA","type":"RA","timestamp":"2012-04-12 18:23:45","scheme":"Analogy"},{"nodeID":"1886","text":"RA","type":"RA","timestamp":"2012-04-12 18:23:46"}],"edges":[{"edgeID":"1743","fromID":"1851","toID":"1874","formEdgeID":null},{"edgeID":"1744","fromID":"1874","toID":"1856","formEdgeID":null},{"edgeID":"1745","fromID":"1852","toID":"1875","formEdgeID":null},{"edgeID":"1746","fromID":"1875","toID":"1872","formEdgeID":null},{"edgeID":"1747","fromID":"1853","toID":"1876","formEdgeID":null},{"edgeID":"1748","fromID":"1876","toID":"1857","formEdgeID":null},{"edgeID":"1749","fromID":"1854","toID":"1877","formEdgeID":null},{"edgeID":"1750","fromID":"1877","toID":"1853","formEdgeID":null},{"edgeID":"1751","fromID":"1855","toID":"1878","formEdgeID":null},{"edgeID":"1752","fromID":"1856","toID":"1878","formEdgeID":null},{"edgeID":"1753","fromID":"1857","toID":"1878","formEdgeID":null},{"edgeID":"1754","fromID":"1878","toID":"1850","formEdgeID":null},{"edgeID":"1755","fromID":"1858","toID":"1879","formEdgeID":null},{"edgeID":"1756","fromID":"1859","toID":"1879","formEdgeID":null},{"edgeID":"1757","fromID":"1879","toID":"1855","formEdgeID":null},{"edgeID":"1758","fromID":"1860","toID":"1880","formEdgeID":null},{"edgeID":"1759","fromID":"1861","toID":"1880","formEdgeID":null},{"edgeID":"1760","fromID":"1880","toID":"1858","formEdgeID":null},{"edgeID":"1761","fromID":"1862","toID":"1881","formEdgeID":null},{"edgeID":"1762","fromID":"1863","toID":"1881","formEdgeID":null},{"edgeID":"1763","fromID":"1881","toID":"1859","formEdgeID":null},{"edgeID":"1764","fromID":"1864","toID":"1882","formEdgeID":null},{"edgeID":"1765","fromID":"1865","toID":"1882","formEdgeID":null},{"edgeID":"1766","fromID":"1882","toID":"1862","formEdgeID":null},{"edgeID":"1767","fromID":"1866","toID":"1883","formEdgeID":null},{"edgeID":"1768","fromID":"1867","toID":"1883","formEdgeID":null},{"edgeID":"1769","fromID":"1883","toID":"1865","formEdgeID":null},{"edgeID":"1770","fromID":"1868","toID":"1884","formEdgeID":null},{"edgeID":"1771","fromID":"1869","toID":"1884","formEdgeID":null},{"edgeID":"1772","fromID":"1884","toID":"1851","formEdgeID":null},{"edgeID":"1773","fromID":"1870","toID":"1885","formEdgeID":null},{"edgeID":"1774","fromID":"1871","toID":"1885","formEdgeID":null},{"edgeID":"1775","fromID":"1885","toID":"1868","formEdgeID":null},{"edgeID":"1776","fromID":"1872","toID":"1886","formEdgeID":null},{"edgeID":"1777","fromID":"1873","toID":"1886","formEdgeID":null},{"edgeID":"1778","fromID":"1886","toID":"1870","formEdgeID":null}]}