{"nodes":[{"nodeID":"3938","text":"we should not give in to the terrorists.","type":"I","timestamp":"2012-04-12 18:30:49"},{"nodeID":"3939","text":"Broadcasting them on television has only made them bolder and aggressive","type":"I","timestamp":"2012-04-12 18:30:49"},{"nodeID":"3940","text":"The broadcasting has been proved to have bad consequences","type":"I","timestamp":"2012-04-12 18:30:49"},{"nodeID":"3941","text":"RA","type":"RA","timestamp":"2012-04-12 18:30:50"}],"edges":[{"edgeID":"3718","fromID":"3939","toID":"3941","formEdgeID":null},{"edgeID":"3719","fromID":"3940","toID":"3941","formEdgeID":null},{"edgeID":"3720","fromID":"3941","toID":"3938","formEdgeID":null}]}