{"nodes":[{"nodeID":"3339","text":"The wise is honoured by everyone","type":"I","timestamp":"2012-04-12 18:28:49"},{"nodeID":"3340","text":"the Parians have honoured Archilochus in spite of his bitter tongue; the Chians Homer though he was not their countryman: the Mytilenaeans Sappho though she was a woman; the Lacedaemonians Chilon  though they are the least literary of men","type":"I","timestamp":"2012-04-12 18:28:49"},{"nodeID":"3341","text":"Archilocus Homer Sappho were wise people","type":"I","timestamp":"2012-04-12 18:28:49"},{"nodeID":"3342","text":"RA","type":"RA","timestamp":"2012-04-12 18:28:49"}],"edges":[{"edgeID":"3188","fromID":"3340","toID":"3342","formEdgeID":null},{"edgeID":"3189","fromID":"3341","toID":"3342","formEdgeID":null},{"edgeID":"3190","fromID":"3342","toID":"3339","formEdgeID":null}]}