{"nodes":[{"nodeID":"3955","text":"The speech is postmodernistic","type":"I","timestamp":"2012-04-12 18:30:52"},{"nodeID":"3956","text":"Not only consists the speech mainly of quotes the speech is also stylistically awkward eclectic and a-historic; the speech manifests a loss of depth and meaning","type":"I","timestamp":"2012-04-12 18:30:53"},{"nodeID":"3957","text":"to mention just a few other definitions of postmodernism","type":"I","timestamp":"2012-04-12 18:30:53"},{"nodeID":"3958","text":"RA","type":"RA","timestamp":"2012-04-12 18:30:53"}],"edges":[{"edgeID":"3731","fromID":"3956","toID":"3958","formEdgeID":null},{"edgeID":"3732","fromID":"3957","toID":"3958","formEdgeID":null},{"edgeID":"3733","fromID":"3958","toID":"3955","formEdgeID":null}]}