{"nodes":[{"nodeID":"2458","text":"There is no way that a university by its very definition should be in the business of censorship.","type":"I","timestamp":"2012-04-12 18:25:57"},{"nodeID":"2459","text":"Universities bring light they don t cover up. Universities open conversation they don t bind and gag. Universities welcome they don t cast off.","type":"I","timestamp":"2012-04-12 18:25:57"},{"nodeID":"2460","text":"Universities are committed by definition to bring light to open conversation to welcome","type":"I","timestamp":"2012-04-12 18:25:57"},{"nodeID":"2461","text":"If censorship is allowed universities will cover up bind conversation and cast off","type":"I","timestamp":"2012-04-12 18:25:57"},{"nodeID":"2462","text":"RA","type":"RA","timestamp":"2012-04-12 18:25:57","scheme":"InconsistentCommitment"}],"edges":[{"edgeID":"2373","fromID":"2459","toID":"2462","formEdgeID":null},{"edgeID":"2374","fromID":"2460","toID":"2462","formEdgeID":null},{"edgeID":"2375","fromID":"2461","toID":"2462","formEdgeID":null},{"edgeID":"2376","fromID":"2462","toID":"2458","formEdgeID":null}]}