{"nodes":[{"nodeID":"3468","text":"As far as the comment that we only use 10% of our brain's potential as opposed to 10% of a physical part this is silly","type":"I","timestamp":"2012-04-12 18:29:13"},{"nodeID":"3469","text":"the 10% number was invented","type":"I","timestamp":"2012-04-12 18:29:13"},{"nodeID":"3470","text":"A claim is reasonable only if it is founded","type":"I","timestamp":"2012-04-12 18:29:13"},{"nodeID":"3471","text":"It's not based on anything","type":"I","timestamp":"2012-04-12 18:29:13"},{"nodeID":"3472","text":"If a claim is not based on any proof the best explanation for that is that it has been invented","type":"I","timestamp":"2012-04-12 18:29:13"},{"nodeID":"3473","text":"RA","type":"RA","timestamp":"2012-04-12 18:29:13","scheme":"VerbalClassification"},{"nodeID":"3474","text":"RA","type":"RA","timestamp":"2012-04-12 18:29:13"}],"edges":[{"edgeID":"3293","fromID":"3469","toID":"3473","formEdgeID":null},{"edgeID":"3294","fromID":"3470","toID":"3473","formEdgeID":null},{"edgeID":"3295","fromID":"3473","toID":"3468","formEdgeID":null},{"edgeID":"3296","fromID":"3471","toID":"3474","formEdgeID":null},{"edgeID":"3297","fromID":"3472","toID":"3474","formEdgeID":null},{"edgeID":"3298","fromID":"3474","toID":"3469","formEdgeID":null}]}