{"nodes":[{"nodeID":"1074","text":"His suggestion is disturbing unworkable and potentially dangerous.","type":"I","timestamp":"2012-04-12 18:20:56"},{"nodeID":"1075","text":"Addiction cannot be cured by implementing his suggestions","type":"I","timestamp":"2012-04-12 18:20:56"},{"nodeID":"1076","text":"Locking up addicts against their will would not only violate their rights; it would be likely to prove counter-productive.","type":"I","timestamp":"2012-04-12 18:20:56"},{"nodeID":"1077","text":"If implementing Walter's suggestions cannot cure addicts and will be counterproductive the suggestions are disturbing unworkable and potentially dangerous","type":"I","timestamp":"2012-04-12 18:20:56"},{"nodeID":"1078","text":"Drug workers talk about a  circuit-breaker  the event that triggers a person's decision to quit - a long-suffering partner walking out a valued job being lost. The addict realises what they stand to lose if they don't stop using.  This realisation is an internal one: the decision to quit drugs cannot be enforced from the outside. Addiction means the person has lost control over their drug use. The addiction cannot be  cured  by reducing still further that person's control over their own lives and circumstances as Watters is suggesting.","type":"I","timestamp":"2012-04-12 18:20:56"},{"nodeID":"1079","text":"Locking up drug addicts against their will will decrease their control over their lives and circumstances","type":"I","timestamp":"2012-04-12 18:20:56"},{"nodeID":"1080","text":"This may be a recipe for getting the addict straight back on the gear again","type":"I","timestamp":"2012-04-12 18:20:56"},{"nodeID":"1081","text":"If something may be a recipe for getting the addict on the gear again it is likely that some addicts will get on the gear again","type":"I","timestamp":"2012-04-12 18:20:56"},{"nodeID":"1082","text":"an excellent emotional recipe for getting straight back on the gear again","type":"I","timestamp":"2012-04-12 18:20:56"},{"nodeID":"1083","text":"The newly  clean  addict may also feel violated traumatised and betrayed by their detention","type":"I","timestamp":"2012-04-12 18:20:56"},{"nodeID":"1084","text":"If the addict may feel betrayed by his family and if feeling betrayed may cause one to get back on the gear again it may be a recipe for the addict's getting straight back on the gear again.","type":"I","timestamp":"2012-04-12 18:20:56"},{"nodeID":"1085","text":"However much they want to help if your loved ones have conspired to have you thrown in the slammer against your will - and many addicts will see it that way - you're hardly going to pop round to their place for a cuppa and a chat when you get out. Broken trust is not an easy thing to mend.","type":"I","timestamp":"2012-04-12 18:20:56"},{"nodeID":"1086","text":"A newly clean addict will sometimes have been put in jail by his loved ones","type":"I","timestamp":"2012-04-12 18:20:56"},{"nodeID":"1087","text":"you might be able to physically clear drugs from a person's system with the aid of a solid door and a deadlock but what are the emotional consequences of forcing them to endure an involuntary and painful drug withdrawal without being psychologically prepared or even willing to do so?    Has Watters considered what would happen once they were released? People use drugs to block out painful underlying problems and those problems won't dissolve after a mandatory drying-out period.","type":"I","timestamp":"2012-04-12 18:20:56"},{"nodeID":"1088","text":"If drugs are used to block out problems and these problems remain after the drying out period the addict is likely to use drugs again","type":"I","timestamp":"2012-04-12 18:20:56"},{"nodeID":"1089","text":"RA","type":"RA","timestamp":"2012-04-12 18:20:56"},{"nodeID":"1090","text":"RA","type":"RA","timestamp":"2012-04-12 18:20:57"},{"nodeID":"1091","text":"RA","type":"RA","timestamp":"2012-04-12 18:20:57"},{"nodeID":"1092","text":"RA","type":"RA","timestamp":"2012-04-12 18:20:58"},{"nodeID":"1093","text":"RA","type":"RA","timestamp":"2012-04-12 18:20:58"},{"nodeID":"1094","text":"RA","type":"RA","timestamp":"2012-04-12 18:20:58"}],"edges":[{"edgeID":"967","fromID":"1075","toID":"1089","formEdgeID":null},{"edgeID":"968","fromID":"1076","toID":"1089","formEdgeID":null},{"edgeID":"969","fromID":"1077","toID":"1089","formEdgeID":null},{"edgeID":"970","fromID":"1089","toID":"1074","formEdgeID":null},{"edgeID":"971","fromID":"1078","toID":"1090","formEdgeID":null},{"edgeID":"972","fromID":"1079","toID":"1090","formEdgeID":null},{"edgeID":"973","fromID":"1090","toID":"1075","formEdgeID":null},{"edgeID":"974","fromID":"1080","toID":"1091","formEdgeID":null},{"edgeID":"975","fromID":"1081","toID":"1091","formEdgeID":null},{"edgeID":"976","fromID":"1091","toID":"1076","formEdgeID":null},{"edgeID":"977","fromID":"1082","toID":"1092","formEdgeID":null},{"edgeID":"978","fromID":"1083","toID":"1092","formEdgeID":null},{"edgeID":"979","fromID":"1084","toID":"1092","formEdgeID":null},{"edgeID":"980","fromID":"1092","toID":"1080","formEdgeID":null},{"edgeID":"981","fromID":"1085","toID":"1093","formEdgeID":null},{"edgeID":"982","fromID":"1086","toID":"1093","formEdgeID":null},{"edgeID":"983","fromID":"1093","toID":"1083","formEdgeID":null},{"edgeID":"984","fromID":"1087","toID":"1094","formEdgeID":null},{"edgeID":"985","fromID":"1088","toID":"1094","formEdgeID":null},{"edgeID":"986","fromID":"1094","toID":"1076","formEdgeID":null}]}