{"nodes":[{"nodeID":"5058","text":"Dr. Curley objections have not any force","type":"I","timestamp":"2012-04-12 18:34:34"},{"nodeID":"5059","text":"It is only by equating Calvinism with Christianity that his objections have any force","type":"I","timestamp":"2012-04-12 18:34:34"},{"nodeID":"5060","text":"And I just deny that equation","type":"I","timestamp":"2012-04-12 18:34:34"},{"nodeID":"5061","text":"What Dr. Curley offers is really seven deadly objections to the Calvinistic God not the Christian God","type":"I","timestamp":"2012-04-12 18:34:34"},{"nodeID":"5062","text":"If the objections are addressed to a Calvinistic God only if we equate the Calivinistic and the Christian God his objections are valid","type":"I","timestamp":"2012-04-12 18:34:34"},{"nodeID":"5063","text":"RA","type":"RA","timestamp":"2012-04-12 18:34:34","scheme":"CauseToEffect"},{"nodeID":"5064","text":"RA","type":"RA","timestamp":"2012-04-12 18:34:34","scheme":"CauseToEffect"}],"edges":[{"edgeID":"4747","fromID":"5059","toID":"5063","formEdgeID":null},{"edgeID":"4748","fromID":"5060","toID":"5063","formEdgeID":null},{"edgeID":"4749","fromID":"5063","toID":"5058","formEdgeID":null},{"edgeID":"4750","fromID":"5061","toID":"5064","formEdgeID":null},{"edgeID":"4751","fromID":"5062","toID":"5064","formEdgeID":null},{"edgeID":"4752","fromID":"5064","toID":"5059","formEdgeID":null}]}