{"nodes":[{"nodeID":"263","text":"if Doyle did better than expected Howard who is soaring high would receive some credit.","type":"I","timestamp":"2012-04-12 18:18:23"},{"nodeID":"264","text":"his defeat would be no skin off the prime ministerial nose","type":"I","timestamp":"2012-04-12 18:18:23"},{"nodeID":"266","text":"Doyle is not expected to win","type":"I","timestamp":"2012-04-12 18:18:23"},{"nodeID":"1527","text":"For Howard Victoria is a no-lose situation","type":"I","timestamp":"2012-04-12 18:22:31"},{"nodeID":"1528","text":"If all the possible outcomes of the campaing are positive the campaing cannot be negative","type":"I","timestamp":"2012-04-12 18:22:31"},{"nodeID":"1529","text":"If something is expected it cannot surprise","type":"I","timestamp":"2012-04-12 18:22:31"},{"nodeID":"1530","text":"RA","type":"RA","timestamp":"2012-04-12 18:22:31"},{"nodeID":"1531","text":"RA","type":"RA","timestamp":"2012-04-12 18:22:32","scheme":"CauseToEffect"}],"edges":[{"edgeID":"1415","fromID":"264","toID":"1530","formEdgeID":null},{"edgeID":"1416","fromID":"263","toID":"1530","formEdgeID":null},{"edgeID":"1417","fromID":"1528","toID":"1530","formEdgeID":null},{"edgeID":"1418","fromID":"1530","toID":"1527","formEdgeID":null},{"edgeID":"1419","fromID":"266","toID":"1531","formEdgeID":null},{"edgeID":"1420","fromID":"1529","toID":"1531","formEdgeID":null},{"edgeID":"1421","fromID":"1531","toID":"264","formEdgeID":null}]}