{"nodes":[{"nodeID":"4654","text":"Women should intervene in the political life and redesign it","type":"I","timestamp":"2012-04-12 18:33:12"},{"nodeID":"4655","text":"Women look at the world from a different angle than men do   more creatively","type":"I","timestamp":"2012-04-12 18:33:13"},{"nodeID":"4656","text":"This change also provides the possibility for men to alter their traditional roles.","type":"I","timestamp":"2012-04-12 18:33:13"},{"nodeID":"4657","text":"To bring women into the public world where they have not been before is also to let men experience what they have not had before","type":"I","timestamp":"2012-04-12 18:33:13"},{"nodeID":"4658","text":"She explained that women shouldn t have to fit themselves into a traditional structure built by men","type":"I","timestamp":"2012-04-12 18:33:13"},{"nodeID":"4659","text":"The younger generation is saying let s redesign the house for both men and women she continued","type":"I","timestamp":"2012-04-12 18:33:13"},{"nodeID":"4660","text":"This is not just politically correct but humanly correct","type":"I","timestamp":"2012-04-12 18:33:13"},{"nodeID":"4661","text":"She likened it to someone saying  Come into my house come into every room but it is still my house.","type":"I","timestamp":"2012-04-12 18:33:13"},{"nodeID":"4662","text":"The person would not be completely free in that house and expecially she would not have the same rights","type":"I","timestamp":"2012-04-12 18:33:13"},{"nodeID":"4663","text":"We should utilize the creative voice of women","type":"I","timestamp":"2012-04-12 18:33:13"},{"nodeID":"4664","text":"their creative voice will be silenced unless it finds resonance","type":"I","timestamp":"2012-04-12 18:33:13"},{"nodeID":"4665","text":"RA","type":"RA","timestamp":"2012-04-12 18:33:13"},{"nodeID":"4666","text":"RA","type":"RA","timestamp":"2012-04-12 18:33:13"},{"nodeID":"4667","text":"RA","type":"RA","timestamp":"2012-04-12 18:33:14"},{"nodeID":"4668","text":"RA","type":"RA","timestamp":"2012-04-12 18:33:14"},{"nodeID":"4669","text":"RA","type":"RA","timestamp":"2012-04-12 18:33:14","scheme":"Analogy"},{"nodeID":"4670","text":"RA","type":"RA","timestamp":"2012-04-12 18:33:15"}],"edges":[{"edgeID":"4375","fromID":"4655","toID":"4665","formEdgeID":null},{"edgeID":"4376","fromID":"4665","toID":"4663","formEdgeID":null},{"edgeID":"4377","fromID":"4656","toID":"4666","formEdgeID":null},{"edgeID":"4378","fromID":"4666","toID":"4654","formEdgeID":null},{"edgeID":"4379","fromID":"4657","toID":"4667","formEdgeID":null},{"edgeID":"4380","fromID":"4667","toID":"4654","formEdgeID":null},{"edgeID":"4381","fromID":"4658","toID":"4668","formEdgeID":null},{"edgeID":"4382","fromID":"4659","toID":"4668","formEdgeID":null},{"edgeID":"4383","fromID":"4660","toID":"4668","formEdgeID":null},{"edgeID":"4384","fromID":"4668","toID":"4654","formEdgeID":null},{"edgeID":"4385","fromID":"4661","toID":"4669","formEdgeID":null},{"edgeID":"4386","fromID":"4662","toID":"4669","formEdgeID":null},{"edgeID":"4387","fromID":"4669","toID":"4658","formEdgeID":null},{"edgeID":"4388","fromID":"4663","toID":"4670","formEdgeID":null},{"edgeID":"4389","fromID":"4664","toID":"4670","formEdgeID":null},{"edgeID":"4390","fromID":"4670","toID":"4654","formEdgeID":null}]}