{"nodes":[{"nodeID":"3974","text":"Doctors should go back to wearing white jackets","type":"I","timestamp":"2012-04-12 18:30:56"},{"nodeID":"3975","text":"this will create distance","type":"I","timestamp":"2012-04-12 18:30:56"},{"nodeID":"3976","text":"it is a good thing to have a certain distance between the doctor and the patient","type":"I","timestamp":"2012-04-12 18:30:56"},{"nodeID":"3977","text":"RA","type":"RA","timestamp":"2012-04-12 18:30:56"}],"edges":[{"edgeID":"3746","fromID":"3975","toID":"3977","formEdgeID":null},{"edgeID":"3747","fromID":"3976","toID":"3977","formEdgeID":null},{"edgeID":"3748","fromID":"3977","toID":"3974","formEdgeID":null}]}