{"nodes":[{"nodeID":"366","text":"in  their heart of hearts they know God does not exist.","type":"I","timestamp":"2012-04-12 18:18:42"},{"nodeID":"367","text":"Christians will proclaim that God does exist  but they never live their lives as such","type":"I","timestamp":"2012-04-12 18:18:42"},{"nodeID":"368","text":"If someone proclaims that God exists but does not behave as if he does in her heart she does not know God exists","type":"I","timestamp":"2012-04-12 18:18:43"},{"nodeID":"369","text":"RA","type":"RA","timestamp":"2012-04-12 18:18:43"}],"edges":[{"edgeID":"345","fromID":"367","toID":"369","formEdgeID":null},{"edgeID":"346","fromID":"368","toID":"369","formEdgeID":null},{"edgeID":"347","fromID":"369","toID":"366","formEdgeID":null}]}