{"nodes":[{"nodeID":"4201","text":"you can know God exists wholly apart from arguments simply by immediately experiencing Him","type":"I","timestamp":"2012-04-12 18:31:43"},{"nodeID":"4202","text":"God can be immediately known and experienced.","type":"I","timestamp":"2012-04-12 18:31:43"},{"nodeID":"4203","text":"This was the way that people in the Bible knew God","type":"I","timestamp":"2012-04-12 18:31:43"},{"nodeID":"4204","text":"Professor John Hick explains:    God was known to them as a dynamic will interacting with their own wills a sheer given reality as inescapably to be reckoned with as destructive storm and life-giving sunshine.... They did not think of God as an inferred entity but as an experienced reality.... To them God was not...an idea adopted by the mind but the experiential reality which gave significance to their lives","type":"I","timestamp":"2012-04-12 18:31:43"},{"nodeID":"4205","text":"RA","type":"RA","timestamp":"2012-04-12 18:31:43","scheme":"CauseToEffect"},{"nodeID":"4206","text":"RA","type":"RA","timestamp":"2012-04-12 18:31:44","scheme":"Example"},{"nodeID":"4207","text":"RA","type":"RA","timestamp":"2012-04-12 18:31:44","scheme":"ExpertOpinion"}],"edges":[{"edgeID":"3955","fromID":"4202","toID":"4205","formEdgeID":null},{"edgeID":"3956","fromID":"4205","toID":"4201","formEdgeID":null},{"edgeID":"3957","fromID":"4203","toID":"4206","formEdgeID":null},{"edgeID":"3958","fromID":"4206","toID":"4201","formEdgeID":null},{"edgeID":"3959","fromID":"4204","toID":"4207","formEdgeID":null},{"edgeID":"3960","fromID":"4207","toID":"4203","formEdgeID":null}]}