{"nodes":[{"nodeID":"4946","text":"The United States always comes to help to lend a hand. To assist others on a path forward; to end poverty; to fight disease; to bring hope of a kind that His Majesty and Jim Wolfensohn spoke about to any dark corner of the world","type":"I","timestamp":"2012-04-12 18:34:12"},{"nodeID":"4947","text":"Today thousands of American soldiers are building schoolhouses.","type":"I","timestamp":"2012-04-12 18:34:12"},{"nodeID":"4948","text":"They re shaking hands with young children.","type":"I","timestamp":"2012-04-12 18:34:12"},{"nodeID":"4949","text":"They re refurbishing hospitals","type":"I","timestamp":"2012-04-12 18:34:12"},{"nodeID":"4950","text":"They re installing sanitation systems.","type":"I","timestamp":"2012-04-12 18:34:12"},{"nodeID":"4951","text":"Every day in Iraq American soldiers 18- 19- 20-year-old soldiers perform thousands of acts of kindness and courage just as they have done around the world in so many places as they went to secure peace for others to bring freedom for others.","type":"I","timestamp":"2012-04-12 18:34:12"},{"nodeID":"4952","text":"Our heads bow our hearts ache over what a small number of them did at that prison.","type":"I","timestamp":"2012-04-12 18:34:13"},{"nodeID":"4953","text":"take into account the magnificent work of so many of these youngsters who have left their homes in America to serve in Iraq to serve in other parts of the world where freedom has been at risk and is at risk and their willingness to do this as members of a proud organization the United States Armed Forces and its representatives of a nation that does not seek dominion over anyone else","type":"I","timestamp":"2012-04-12 18:34:13"},{"nodeID":"4954","text":"The facts cited are only exceptions to the general behaviour of US troops","type":"I","timestamp":"2012-04-12 18:34:13"},{"nodeID":"4955","text":"RA","type":"RA","timestamp":"2012-04-12 18:34:13","scheme":"Example"},{"nodeID":"4956","text":"RA","type":"RA","timestamp":"2012-04-12 18:34:13","scheme":"Example"},{"nodeID":"4957","text":"RA","type":"RA","timestamp":"2012-04-12 18:34:13","scheme":"Example"},{"nodeID":"4958","text":"RA","type":"RA","timestamp":"2012-04-12 18:34:14","scheme":"Example"},{"nodeID":"4959","text":"RA","type":"RA","timestamp":"2012-04-12 18:34:14","scheme":"Example"}],"edges":[{"edgeID":"4644","fromID":"4947","toID":"4955","formEdgeID":null},{"edgeID":"4645","fromID":"4955","toID":"4951","formEdgeID":null},{"edgeID":"4646","fromID":"4948","toID":"4956","formEdgeID":null},{"edgeID":"4647","fromID":"4956","toID":"4951","formEdgeID":null},{"edgeID":"4648","fromID":"4949","toID":"4957","formEdgeID":null},{"edgeID":"4649","fromID":"4957","toID":"4951","formEdgeID":null},{"edgeID":"4650","fromID":"4950","toID":"4958","formEdgeID":null},{"edgeID":"4651","fromID":"4958","toID":"4951","formEdgeID":null},{"edgeID":"4652","fromID":"4951","toID":"4959","formEdgeID":null},{"edgeID":"4653","fromID":"4952","toID":"4959","formEdgeID":null},{"edgeID":"4654","fromID":"4953","toID":"4959","formEdgeID":null},{"edgeID":"4655","fromID":"4954","toID":"4959","formEdgeID":null},{"edgeID":"4656","fromID":"4959","toID":"4946","formEdgeID":null}]}