{"nodes":[{"nodeID":"3848","text":"I just don't think that the British American (or any other government with citizens in Iraq) should be expected to give in to the kidnappers demands","type":"I","timestamp":"2012-04-12 18:30:32"},{"nodeID":"3849","text":"We needn't help him by giving in to the blackmails","type":"I","timestamp":"2012-04-12 18:30:32"},{"nodeID":"3850","text":"The best means to do that is not to give in to their demands","type":"I","timestamp":"2012-04-12 18:30:32"},{"nodeID":"3851","text":"Our goal is to defeat the terrorists","type":"I","timestamp":"2012-04-12 18:30:32"},{"nodeID":"3852","text":"We should not worry too much about him","type":"I","timestamp":"2012-04-12 18:30:32"},{"nodeID":"3853","text":"The hostage is suffering","type":"I","timestamp":"2012-04-12 18:30:32"},{"nodeID":"3854","text":"We can do something for relieve his distress","type":"I","timestamp":"2012-04-12 18:30:32"},{"nodeID":"3855","text":"They accepted to meet the risk of being kidnapped","type":"I","timestamp":"2012-04-12 18:30:32"},{"nodeID":"3856","text":"If a person accepted the risks we should not worry too much about his distress","type":"I","timestamp":"2012-04-12 18:30:32"},{"nodeID":"3857","text":"We should not forget that the great majority of foreign hostages (if not all) went to Iraq of their own free choice and in many cases went because of the financial rewards.","type":"I","timestamp":"2012-04-12 18:30:32"},{"nodeID":"3858","text":"They must have weighed the risks against the rewards.","type":"I","timestamp":"2012-04-12 18:30:32"},{"nodeID":"3859","text":"RA","type":"RA","timestamp":"2012-04-12 18:30:32","scheme":"PracticalReasoning"},{"nodeID":"3860","text":"RA","type":"RA","timestamp":"2012-04-12 18:30:33"},{"nodeID":"3861","text":"RA","type":"RA","timestamp":"2012-04-12 18:30:33"},{"nodeID":"3862","text":"RA","type":"RA","timestamp":"2012-04-12 18:30:33","scheme":"CauseToEffect"}],"edges":[{"edgeID":"3635","fromID":"3849","toID":"3859","formEdgeID":null},{"edgeID":"3636","fromID":"3850","toID":"3859","formEdgeID":null},{"edgeID":"3637","fromID":"3851","toID":"3859","formEdgeID":null},{"edgeID":"3638","fromID":"3859","toID":"3848","formEdgeID":null},{"edgeID":"3639","fromID":"3852","toID":"3860","formEdgeID":null},{"edgeID":"3640","fromID":"3853","toID":"3860","formEdgeID":null},{"edgeID":"3641","fromID":"3854","toID":"3860","formEdgeID":null},{"edgeID":"3642","fromID":"3860","toID":"3849","formEdgeID":null},{"edgeID":"3643","fromID":"3855","toID":"3861","formEdgeID":null},{"edgeID":"3644","fromID":"3856","toID":"3861","formEdgeID":null},{"edgeID":"3645","fromID":"3861","toID":"3852","formEdgeID":null},{"edgeID":"3646","fromID":"3857","toID":"3862","formEdgeID":null},{"edgeID":"3647","fromID":"3858","toID":"3862","formEdgeID":null},{"edgeID":"3648","fromID":"3862","toID":"3855","formEdgeID":null}]}