{"nodes":[{"nodeID":"4181","text":"Figliuol mio alla tua impresa chente che tu la vogli chiamare o malvagia o altrimenti non bisogna di domandar ne` di dar perdono","type":"I","timestamp":"2012-04-12 18:31:39"},{"nodeID":"4182","text":"Un`azione perseguita per odio deve essere punita","type":"I","timestamp":"2012-04-12 18:31:39"},{"nodeID":"4183","text":"un`azione perseguita per odio e` opposta ad un`azione perseguita per un nobile desiderio","type":"I","timestamp":"2012-04-12 18:31:39"},{"nodeID":"4184","text":"non per odio la seguivi ma per potere essere tenuto migliore","type":"I","timestamp":"2012-04-12 18:31:39"},{"nodeID":"4185","text":"RA","type":"RA","timestamp":"2012-04-12 18:31:40"}],"edges":[{"edgeID":"3938","fromID":"4182","toID":"4185","formEdgeID":null},{"edgeID":"3939","fromID":"4183","toID":"4185","formEdgeID":null},{"edgeID":"3940","fromID":"4184","toID":"4185","formEdgeID":null},{"edgeID":"3941","fromID":"4185","toID":"4181","formEdgeID":null}]}