{"nodes":[{"nodeID":"523","text":"if growth remains below par - by which I mean below 6.0 per cent - and inflation moves upwards Singh will see all this praise melt away","type":"I","timestamp":"2012-04-12 18:19:12"},{"nodeID":"524","text":"If nothing angers the middle class more than inflation and their anger would cause Singh's praise to melt away then - if growth remains below par and inflation moves upwards Singh will lose his support.","type":"I","timestamp":"2012-04-12 18:19:12"},{"nodeID":"525","text":"Nothing angers the middle class more than inflation and that is a threat a Singh tenure at the fisc certainly faces.","type":"I","timestamp":"2012-04-12 18:19:12"},{"nodeID":"526","text":"If the middle class are angry at Singh he will see his praise melt away","type":"I","timestamp":"2012-04-12 18:19:12"},{"nodeID":"527","text":"RA","type":"RA","timestamp":"2012-04-12 18:19:12"}],"edges":[{"edgeID":"481","fromID":"524","toID":"527","formEdgeID":null},{"edgeID":"482","fromID":"525","toID":"527","formEdgeID":null},{"edgeID":"483","fromID":"526","toID":"527","formEdgeID":null},{"edgeID":"484","fromID":"527","toID":"523","formEdgeID":null}]}