{"nodes":[{"nodeID":"3262","text":"Yet they show no such feeling with regard to Philip and his present actions although not only he is not a Greek and has nothing in common with the Greeks but is not even a barbarian with an honourable origin!","type":"I","timestamp":"2012-04-12 18:28:35"},{"nodeID":"3263","text":"And you know very well too that all the wrongs the Greeks suffered from the Lacedaemonians or from us they at least suffered at the hands of true-born sons of Greece.","type":"I","timestamp":"2012-04-12 18:28:35"},{"nodeID":"3264","text":"It was just what happens in a noble house when a legitimate son manages his estate badly. He certainly deserves blame and reproach but it cannot be said that he was not the legitimate heir or he has no rights to the property.","type":"I","timestamp":"2012-04-12 18:28:35"},{"nodeID":"3265","text":"But if some slave or suppositious son were ruining and spoiling property to which he had no title how much more scandalous and intolerable everybody would have though it!","type":"I","timestamp":"2012-04-12 18:28:35"},{"nodeID":"3266","text":"RA","type":"RA","timestamp":"2012-04-12 18:28:35"}],"edges":[{"edgeID":"3126","fromID":"3263","toID":"3266","formEdgeID":null},{"edgeID":"3127","fromID":"3264","toID":"3266","formEdgeID":null},{"edgeID":"3128","fromID":"3265","toID":"3266","formEdgeID":null},{"edgeID":"3129","fromID":"3266","toID":"3262","formEdgeID":null}]}