{"nodes":[{"nodeID":"2385","text":"The prohibition of the free creation of art should not be brought about","type":"I","timestamp":"2012-04-12 18:25:42"},{"nodeID":"2386","text":"If we stop the free creation of art we will stop the free viewing of art.","type":"I","timestamp":"2012-04-12 18:25:42"},{"nodeID":"2387","text":"The prohibition of free viewing of art is not acceptable","type":"I","timestamp":"2012-04-12 18:25:42"},{"nodeID":"2388","text":"RA","type":"RA","timestamp":"2012-04-12 18:25:42"}],"edges":[{"edgeID":"2308","fromID":"2386","toID":"2388","formEdgeID":null},{"edgeID":"2309","fromID":"2387","toID":"2388","formEdgeID":null},{"edgeID":"2310","fromID":"2388","toID":"2385","formEdgeID":null}]}