{"nodes":[{"nodeID":"4079","text":"Al quale niuna altra cosa rispose Natan se non:    - Dunque l'ho io meritato","type":"I","timestamp":"2012-04-12 18:31:18"},{"nodeID":"4080","text":"Il fatto che una persona abbia commesso atti ignobili causa il desiderio da parte di altri di ucciderla","type":"I","timestamp":"2012-04-12 18:31:18"},{"nodeID":"4081","text":"Vegliardo tu se'morto.","type":"I","timestamp":"2012-04-12 18:31:18"},{"nodeID":"4082","text":"RA","type":"RA","timestamp":"2012-04-12 18:31:18"}],"edges":[{"edgeID":"3841","fromID":"4080","toID":"4082","formEdgeID":null},{"edgeID":"3842","fromID":"4081","toID":"4082","formEdgeID":null},{"edgeID":"3843","fromID":"4082","toID":"4079","formEdgeID":null}]}