{"nodes":[{"nodeID":"378","text":"semesterisation is a good idea","type":"I","timestamp":"2012-04-12 18:18:45"},{"nodeID":"379","text":"should be avoided at all costs","type":"I","timestamp":"2012-04-12 18:18:45"},{"nodeID":"380","text":"semesterisation is going to involve an enormous amount of work","type":"I","timestamp":"2012-04-12 18:18:45"},{"nodeID":"381","text":"more flexibility for students","type":"I","timestamp":"2012-04-12 18:18:45"},{"nodeID":"382","text":"administration for the university","type":"I","timestamp":"2012-04-12 18:18:45"},{"nodeID":"383","text":"semesterisation would lead to a reduced workload for staff","type":"I","timestamp":"2012-04-12 18:18:45"},{"nodeID":"384","text":"VCBrown says 'semesterisation is a good idea'","type":"L","timestamp":"2012-04-12 18:18:45"},{"nodeID":"386","text":"VCBrown says 'more flexibility for students'","type":"L","timestamp":"2012-04-12 18:18:45"},{"nodeID":"388","text":"VCBrown says 'administration for the university'","type":"L","timestamp":"2012-04-12 18:18:45"},{"nodeID":"390","text":"VCBrown says 'semesterisation would lead to a reduced workload for staff'","type":"L","timestamp":"2012-04-12 18:18:46"},{"nodeID":"392","text":"Speaker says 'should be avoided at all costs'","type":"L","timestamp":"2012-04-12 18:18:46"},{"nodeID":"394","text":"Speaker says 'semesterisation is going to involve an enormous amount of work'","type":"L","timestamp":"2012-04-12 18:18:46"},{"nodeID":"1181","text":"YA_c8e3134a267a19d0838232b93a03172d","type":"YA","timestamp":"2012-04-12 18:21:17"},{"nodeID":"1182","text":"YA_c8e3134a267a19d0838232b93a03172d","type":"YA","timestamp":"2012-04-12 18:21:17"},{"nodeID":"1183","text":"YA_c8e3134a267a19d0838232b93a03172d","type":"YA","timestamp":"2012-04-12 18:21:17"},{"nodeID":"1184","text":"YA_c8e3134a267a19d0838232b93a03172d","type":"YA","timestamp":"2012-04-12 18:21:17"},{"nodeID":"1185","text":"YA_c8e3134a267a19d0838232b93a03172d","type":"YA","timestamp":"2012-04-12 18:21:18"},{"nodeID":"1186","text":"YA_c8e3134a267a19d0838232b93a03172d","type":"YA","timestamp":"2012-04-12 18:21:18"},{"nodeID":"1187","text":"CA","type":"CA","timestamp":"2012-04-12 18:21:18"},{"nodeID":"1188","text":"RA","type":"RA","timestamp":"2012-04-12 18:21:19","scheme":"PositionToKnow"},{"nodeID":"1189","text":"RA","type":"RA","timestamp":"2012-04-12 18:21:19"},{"nodeID":"1190","text":"RA","type":"RA","timestamp":"2012-04-12 18:21:19"},{"nodeID":"1191","text":"RA","type":"RA","timestamp":"2012-04-12 18:21:19"}],"edges":[{"edgeID":"1064","fromID":"384","toID":"1181","formEdgeID":null},{"edgeID":"1065","fromID":"1181","toID":"378","formEdgeID":null},{"edgeID":"1066","fromID":"386","toID":"1182","formEdgeID":null},{"edgeID":"1067","fromID":"1182","toID":"381","formEdgeID":null},{"edgeID":"1068","fromID":"388","toID":"1183","formEdgeID":null},{"edgeID":"1069","fromID":"1183","toID":"382","formEdgeID":null},{"edgeID":"1070","fromID":"390","toID":"1184","formEdgeID":null},{"edgeID":"1071","fromID":"1184","toID":"383","formEdgeID":null},{"edgeID":"1072","fromID":"392","toID":"1185","formEdgeID":null},{"edgeID":"1073","fromID":"1185","toID":"379","formEdgeID":null},{"edgeID":"1074","fromID":"394","toID":"1186","formEdgeID":null},{"edgeID":"1075","fromID":"1186","toID":"380","formEdgeID":null},{"edgeID":"1076","fromID":"379","toID":"1187","formEdgeID":null},{"edgeID":"1077","fromID":"1187","toID":"378","formEdgeID":null},{"edgeID":"1078","fromID":"380","toID":"1188","formEdgeID":null},{"edgeID":"1079","fromID":"1188","toID":"379","formEdgeID":null},{"edgeID":"1080","fromID":"381","toID":"1189","formEdgeID":null},{"edgeID":"1081","fromID":"1189","toID":"378","formEdgeID":null},{"edgeID":"1082","fromID":"382","toID":"1190","formEdgeID":null},{"edgeID":"1083","fromID":"1190","toID":"378","formEdgeID":null},{"edgeID":"1084","fromID":"383","toID":"1191","formEdgeID":null},{"edgeID":"1085","fromID":"1191","toID":"378","formEdgeID":null}]}