{"nodes":[{"nodeID":"3922","text":"That goal must be central to any poverty reduction strategy and if when we have the presidency of the EU and the G8 we make it a high if not the top priority then all the better.","type":"I","timestamp":"2012-04-12 18:30:46"},{"nodeID":"3923","text":"children without parents","type":"I","timestamp":"2012-04-12 18:30:46"},{"nodeID":"3924","text":"parents without children","type":"I","timestamp":"2012-04-12 18:30:46"},{"nodeID":"3925","text":"children unable to go to school because they are orphans","type":"I","timestamp":"2012-04-12 18:30:46"},{"nodeID":"3926","text":"countries unable to create wealth because their work force is dying of AIDS","type":"I","timestamp":"2012-04-12 18:30:46"},{"nodeID":"3927","text":"So we fully support the millennium development goal to begin to reverse the spread of HIV\/AIDS","type":"I","timestamp":"2012-04-12 18:30:46"},{"nodeID":"3928","text":"HIV\/AIDS poverty and the state of civil society are all linked.","type":"I","timestamp":"2012-04-12 18:30:47"},{"nodeID":"3929","text":"The best means to help these people is to make the HIV control the central goal of any poverty reduction strategy","type":"I","timestamp":"2012-04-12 18:30:47"},{"nodeID":"3930","text":"The figures are appalling and the agony that they represent is especially severe for the developing world","type":"I","timestamp":"2012-04-12 18:30:47"},{"nodeID":"3931","text":"This is a crisis that the world must know about and we cannot ignore it.","type":"I","timestamp":"2012-04-12 18:30:47"},{"nodeID":"3932","text":"RA","type":"RA","timestamp":"2012-04-12 18:30:47","scheme":"Example"},{"nodeID":"3933","text":"RA","type":"RA","timestamp":"2012-04-12 18:30:47","scheme":"Example"},{"nodeID":"3934","text":"RA","type":"RA","timestamp":"2012-04-12 18:30:47","scheme":"Example"},{"nodeID":"3935","text":"RA","type":"RA","timestamp":"2012-04-12 18:30:48","scheme":"Example"},{"nodeID":"3936","text":"RA","type":"RA","timestamp":"2012-04-12 18:30:48"},{"nodeID":"3937","text":"RA","type":"RA","timestamp":"2012-04-12 18:30:48"}],"edges":[{"edgeID":"3703","fromID":"3923","toID":"3932","formEdgeID":null},{"edgeID":"3704","fromID":"3932","toID":"3930","formEdgeID":null},{"edgeID":"3705","fromID":"3924","toID":"3933","formEdgeID":null},{"edgeID":"3706","fromID":"3933","toID":"3930","formEdgeID":null},{"edgeID":"3707","fromID":"3925","toID":"3934","formEdgeID":null},{"edgeID":"3708","fromID":"3934","toID":"3930","formEdgeID":null},{"edgeID":"3709","fromID":"3926","toID":"3935","formEdgeID":null},{"edgeID":"3710","fromID":"3935","toID":"3930","formEdgeID":null},{"edgeID":"3711","fromID":"3927","toID":"3936","formEdgeID":null},{"edgeID":"3712","fromID":"3928","toID":"3936","formEdgeID":null},{"edgeID":"3713","fromID":"3929","toID":"3936","formEdgeID":null},{"edgeID":"3714","fromID":"3936","toID":"3922","formEdgeID":null},{"edgeID":"3715","fromID":"3930","toID":"3937","formEdgeID":null},{"edgeID":"3716","fromID":"3931","toID":"3937","formEdgeID":null},{"edgeID":"3717","fromID":"3937","toID":"3927","formEdgeID":null}]}