{"nodes":[{"nodeID":"352","text":"Not even did the blessed Biblical prophets nor Jesus himself change the behavior of a people so steeped in immorality and idolatry.","type":"I","timestamp":"2012-04-12 18:18:39"},{"nodeID":"1340","text":"Mohammed's exceptional personality derived from a Revelation from God","type":"I","timestamp":"2012-04-12 18:21:53"},{"nodeID":"1341","text":"They as well believed with all their hearts that this man whom they slept with whom they ate with and whom they fought with was in fact recieving Revelation from GOD.","type":"I","timestamp":"2012-04-12 18:21:53"},{"nodeID":"1342","text":"They knew because of his outstanding moral character and from his trustworthy personality","type":"I","timestamp":"2012-04-12 18:21:53"},{"nodeID":"1343","text":"If we were to take a look at Arabia before and after the coming of Muhammad we would see two completely different societies.","type":"I","timestamp":"2012-04-12 18:21:53"},{"nodeID":"1344","text":"The best explanation for Mohammed's exceptional moral characteristics is that he has received the Revelation from God","type":"I","timestamp":"2012-04-12 18:21:53"},{"nodeID":"1345","text":"Mohammed`s exceptional characteristics changed the society","type":"I","timestamp":"2012-04-12 18:21:53"},{"nodeID":"1346","text":"The changes that happened under Mohammed were incredible","type":"I","timestamp":"2012-04-12 18:21:53"},{"nodeID":"1347","text":"Now something has to accomodate for this","type":"I","timestamp":"2012-04-12 18:21:53"},{"nodeID":"1348","text":"if Muhammad exhibited such outstanding moral characteristics that those who were not close to him would come to believe that he was always a trustworthy and honourable person and that they would have no reason to disbelieve in his claim of Divine Revelation.","type":"I","timestamp":"2012-04-12 18:21:54"},{"nodeID":"1349","text":"RA","type":"RA","timestamp":"2012-04-12 18:21:54"},{"nodeID":"1350","text":"RA","type":"RA","timestamp":"2012-04-12 18:21:54","scheme":"CauseToEffect"},{"nodeID":"1351","text":"RA","type":"RA","timestamp":"2012-04-12 18:21:54","scheme":"Example"},{"nodeID":"1352","text":"RA","type":"RA","timestamp":"2012-04-12 18:21:54","scheme":"Example"},{"nodeID":"1353","text":"RA","type":"RA","timestamp":"2012-04-12 18:21:55"},{"nodeID":"1354","text":"RA","type":"RA","timestamp":"2012-04-12 18:21:55"}],"edges":[{"edgeID":"1238","fromID":"1341","toID":"1349","formEdgeID":null},{"edgeID":"1239","fromID":"1349","toID":"1340","formEdgeID":null},{"edgeID":"1240","fromID":"1342","toID":"1350","formEdgeID":null},{"edgeID":"1241","fromID":"1350","toID":"1341","formEdgeID":null},{"edgeID":"1242","fromID":"352","toID":"1351","formEdgeID":null},{"edgeID":"1243","fromID":"1351","toID":"1346","formEdgeID":null},{"edgeID":"1244","fromID":"1343","toID":"1352","formEdgeID":null},{"edgeID":"1245","fromID":"1352","toID":"1346","formEdgeID":null},{"edgeID":"1246","fromID":"1344","toID":"1353","formEdgeID":null},{"edgeID":"1247","fromID":"1345","toID":"1353","formEdgeID":null},{"edgeID":"1248","fromID":"1353","toID":"1340","formEdgeID":null},{"edgeID":"1249","fromID":"1346","toID":"1354","formEdgeID":null},{"edgeID":"1250","fromID":"1347","toID":"1354","formEdgeID":null},{"edgeID":"1251","fromID":"1348","toID":"1354","formEdgeID":null},{"edgeID":"1252","fromID":"1354","toID":"1345","formEdgeID":null}]}