{"nodes":[{"nodeID":"2796","text":"For Russia it is the most realistic and ideal choice to enhance its cooperation with China so as to enter the Asia-Pacific economic and political space as soon as possible. .","type":"I","timestamp":"2012-04-12 18:27:04"},{"nodeID":"2797","text":"From the west the eastern expansion of NATO has taken on a strong momentum","type":"I","timestamp":"2012-04-12 18:27:04"},{"nodeID":"2798","text":"in the south it is facing infiltration of the separatists.","type":"I","timestamp":"2012-04-12 18:27:05"},{"nodeID":"2799","text":"Russia has made it the top priority to establish  good neighboring areas.","type":"I","timestamp":"2012-04-12 18:27:05"},{"nodeID":"2800","text":"Developing relations with China is significant not only for the improvement of Russia's surrounding environment but also for the future prospect of its far east area.","type":"I","timestamp":"2012-04-12 18:27:05"},{"nodeID":"2801","text":"After the disintegration of the Soviet Union certain changes have taken place in the geopolitical situation which are unfavorable to Russia.","type":"I","timestamp":"2012-04-12 18:27:05"},{"nodeID":"2802","text":"The goal of Russia is to strengthen its geopolitical role","type":"I","timestamp":"2012-04-12 18:27:05"},{"nodeID":"2803","text":"If Russia establishes good neighboring areas its geopolitical situation will improve","type":"I","timestamp":"2012-04-12 18:27:05"},{"nodeID":"2804","text":"RA","type":"RA","timestamp":"2012-04-12 18:27:05","scheme":"Example"},{"nodeID":"2805","text":"RA","type":"RA","timestamp":"2012-04-12 18:27:05","scheme":"Example"},{"nodeID":"2806","text":"RA","type":"RA","timestamp":"2012-04-12 18:27:05","scheme":"PracticalReasoning"},{"nodeID":"2807","text":"RA","type":"RA","timestamp":"2012-04-12 18:27:06","scheme":"PracticalReasoning"}],"edges":[{"edgeID":"2690","fromID":"2797","toID":"2804","formEdgeID":null},{"edgeID":"2691","fromID":"2804","toID":"2801","formEdgeID":null},{"edgeID":"2692","fromID":"2798","toID":"2805","formEdgeID":null},{"edgeID":"2693","fromID":"2805","toID":"2801","formEdgeID":null},{"edgeID":"2694","fromID":"2799","toID":"2806","formEdgeID":null},{"edgeID":"2695","fromID":"2800","toID":"2806","formEdgeID":null},{"edgeID":"2696","fromID":"2806","toID":"2796","formEdgeID":null},{"edgeID":"2697","fromID":"2801","toID":"2807","formEdgeID":null},{"edgeID":"2698","fromID":"2802","toID":"2807","formEdgeID":null},{"edgeID":"2699","fromID":"2803","toID":"2807","formEdgeID":null},{"edgeID":"2700","fromID":"2807","toID":"2799","formEdgeID":null}]}