{"nodes":[{"nodeID":"1336","text":"Are Americans now dying in Iraq for a mistake?","type":"I","timestamp":"2012-04-12 18:21:52"},{"nodeID":"1337","text":"Speaking of Vietnam you spoke to Congress in 1971 after you came back from Vietnam and you said quote  How do you ask a man to be the last man to die for a mistake?","type":"I","timestamp":"2012-04-12 18:21:52"},{"nodeID":"1338","text":"You said that the war in Iraq is a mistake","type":"I","timestamp":"2012-04-12 18:21:52"},{"nodeID":"1339","text":"RA","type":"RA","timestamp":"2012-04-12 18:21:52","scheme":"Commitment"}],"edges":[{"edgeID":"1235","fromID":"1337","toID":"1339","formEdgeID":null},{"edgeID":"1236","fromID":"1338","toID":"1339","formEdgeID":null},{"edgeID":"1237","fromID":"1339","toID":"1336","formEdgeID":null}]}