{"nodes":[{"nodeID":"1279","text":"An exemption should be given to the laws","type":"I","timestamp":"2012-04-12 18:21:39"},{"nodeID":"1280","text":"The evidence shows there is no reasonable case for such exemptions","type":"I","timestamp":"2012-04-12 18:21:39"},{"nodeID":"1281","text":"Environmental laws have not affected military readiness","type":"I","timestamp":"2012-04-12 18:21:39"},{"nodeID":"1282","text":"The need presented by the military is that the laws cause problems to military readiness","type":"I","timestamp":"2012-04-12 18:21:39"},{"nodeID":"1283","text":"The environmental laws already allow the Department of Defense to apply for exemptions on a case-by-case basis if they really need it","type":"I","timestamp":"2012-04-12 18:21:39"},{"nodeID":"1284","text":"the GAO and EPA Administrator Whitman have testified that environmental laws have not affected military readiness","type":"I","timestamp":"2012-04-12 18:21:39"},{"nodeID":"1285","text":"The GAO and EPA Administrator Whitman are experts","type":"I","timestamp":"2012-04-12 18:21:39"},{"nodeID":"1286","text":"CA","type":"CA","timestamp":"2012-04-12 18:21:39"},{"nodeID":"1287","text":"CA","type":"CA","timestamp":"2012-04-12 18:21:39"},{"nodeID":"1288","text":"RA","type":"RA","timestamp":"2012-04-12 18:21:39","scheme":"ExceptionalCase"},{"nodeID":"1289","text":"RA","type":"RA","timestamp":"2012-04-12 18:21:40","scheme":"ExpertOpinion"}],"edges":[{"edgeID":"1170","fromID":"1280","toID":"1286","formEdgeID":null},{"edgeID":"1171","fromID":"1286","toID":"1279","formEdgeID":null},{"edgeID":"1172","fromID":"1281","toID":"1287","formEdgeID":null},{"edgeID":"1173","fromID":"1287","toID":"1282","formEdgeID":null},{"edgeID":"1174","fromID":"1282","toID":"1288","formEdgeID":null},{"edgeID":"1175","fromID":"1283","toID":"1288","formEdgeID":null},{"edgeID":"1176","fromID":"1288","toID":"1279","formEdgeID":null},{"edgeID":"1177","fromID":"1284","toID":"1289","formEdgeID":null},{"edgeID":"1178","fromID":"1285","toID":"1289","formEdgeID":null},{"edgeID":"1179","fromID":"1289","toID":"1281","formEdgeID":null}]}