{"nodes":[{"nodeID":"2507","text":"there is virtually no chance a prison labor camp will be located in Siskiyou county to improve the badly neglected Klamath River","type":"I","timestamp":"2012-04-12 18:26:06"},{"nodeID":"2508","text":"The camp is located either in Los Angeles or in Siskiyou","type":"I","timestamp":"2012-04-12 18:26:06"},{"nodeID":"2509","text":"Siskiyou county apparently has been double crossed again by the state administration.","type":"I","timestamp":"2012-04-12 18:26:06"},{"nodeID":"2510","text":"The prison camp would have been aimed at improving the river","type":"I","timestamp":"2012-04-12 18:26:06"},{"nodeID":"2511","text":"The Board of Prison directors announced this week that a prison labor camp would be located in Palomar Park near Los Angeles to build a recreation center","type":"I","timestamp":"2012-04-12 18:26:07"},{"nodeID":"2512","text":"If the camp is located in Los Angeles it won't be located in Siskiyou","type":"I","timestamp":"2012-04-12 18:26:07"},{"nodeID":"2513","text":"RA","type":"RA","timestamp":"2012-04-12 18:26:07"},{"nodeID":"2514","text":"RA","type":"RA","timestamp":"2012-04-12 18:26:07"},{"nodeID":"2515","text":"RA","type":"RA","timestamp":"2012-04-12 18:26:07","scheme":"CauseToEffect"}],"edges":[{"edgeID":"2419","fromID":"2508","toID":"2513","formEdgeID":null},{"edgeID":"2420","fromID":"2513","toID":"2512","formEdgeID":null},{"edgeID":"2421","fromID":"2509","toID":"2514","formEdgeID":null},{"edgeID":"2422","fromID":"2510","toID":"2514","formEdgeID":null},{"edgeID":"2423","fromID":"2514","toID":"2507","formEdgeID":null},{"edgeID":"2424","fromID":"2511","toID":"2515","formEdgeID":null},{"edgeID":"2425","fromID":"2512","toID":"2515","formEdgeID":null},{"edgeID":"2426","fromID":"2515","toID":"2509","formEdgeID":null}]}