{"nodes":[{"nodeID":"2845","text":"La legge non deve essere accettata","type":"I","timestamp":"2012-04-12 18:27:14"},{"nodeID":"2846","text":"L'Italia di Berlusconi sarebbe ridotta a zimbello dell'Europa che ha gia` giudicato questa legge vergognosa","type":"I","timestamp":"2012-04-12 18:27:14"},{"nodeID":"2847","text":"L'immagine complessiva del capitalismo italiano gia` pessima precipiterebbe a livelli da terzo mondo","type":"I","timestamp":"2012-04-12 18:27:14"},{"nodeID":"2848","text":"Con la nuova legge ci sarebebro meno possibilita` di creare nuovi posti di lavoro","type":"I","timestamp":"2012-04-12 18:27:14"},{"nodeID":"2849","text":"La legge provoca il declino del settore","type":"I","timestamp":"2012-04-12 18:27:14"},{"nodeID":"2850","text":"com'e` accaduto in passato per la chimica i computer e l'automobile.","type":"I","timestamp":"2012-04-12 18:27:14"},{"nodeID":"2851","text":"E` assai piu` facile che la maggioranza decida di blindare le reti di Berlusconi con un decreto immediato e quindi si dedichi in Parlamento a un lieve ritocco estetico all'impresentabile riforma","type":"I","timestamp":"2012-04-12 18:27:14"},{"nodeID":"2852","text":"Le conseguenze non sono accettabili","type":"I","timestamp":"2012-04-12 18:27:14"},{"nodeID":"2853","text":"Le conseguenze della riforma sono estremamente negative dal punto di vista internazionale ed economico","type":"I","timestamp":"2012-04-12 18:27:14"},{"nodeID":"2854","text":"La Gasparri infatti non e` soltanto un monumento al conflitto d'interessi che grazie al cielo in tutte le democrazie rimane una malattia da combattere come testimonia lo scandalo americano intorno agli appalti in Iraq. Non e` soltanto antidemocratica. E` anche antieconomica","type":"I","timestamp":"2012-04-12 18:27:14"},{"nodeID":"2855","text":"Se una legge antieconomica viene promulgata l`immagine del capitalismo italiano viene screditata","type":"I","timestamp":"2012-04-12 18:27:14"},{"nodeID":"2856","text":"Quando Berlusconi e Fede piangono per i mille posti di lavoro di Rete4 in pericolo (in realta` sono meno della meta`) qualcuno dovrebbe ricordare che Mediaset con i suoi soli 3.500 dipendenti e il 35 per cento della raccolta pubblicitaria globale da anni di fatto impedisce la creazione di decine di migliaia di nuovi posti di lavoro","type":"I","timestamp":"2012-04-12 18:27:14"},{"nodeID":"2857","text":"Con la nuova legge le piccole aziende sarebbero ulteriormente svantaggiate","type":"I","timestamp":"2012-04-12 18:27:14"},{"nodeID":"2858","text":"Quando il ministro Gasparri spiega che la sua legge rimedia al nanismo delle imprese editoriali italiane qualcuno dovrebbe spiegare che il nanismo deriva dal fatto che Mediaset non conta nulla oltre Chiasso e regalarle il monopolio in patria non servira` di sicuro a renderla piu` competitiva sul mercato mondiale. Al contrario e` la garanzia del declino del settore","type":"I","timestamp":"2012-04-12 18:27:14"},{"nodeID":"2859","text":"la legge rafforza il monopolio","type":"I","timestamp":"2012-04-12 18:27:15"},{"nodeID":"2860","text":"RA","type":"RA","timestamp":"2012-04-12 18:27:15"},{"nodeID":"2861","text":"RA","type":"RA","timestamp":"2012-04-12 18:27:15"},{"nodeID":"2862","text":"RA","type":"RA","timestamp":"2012-04-12 18:27:15"},{"nodeID":"2863","text":"RA","type":"RA","timestamp":"2012-04-12 18:27:15"},{"nodeID":"2864","text":"RA","type":"RA","timestamp":"2012-04-12 18:27:16"},{"nodeID":"2865","text":"RA","type":"RA","timestamp":"2012-04-12 18:27:16"},{"nodeID":"2866","text":"RA","type":"RA","timestamp":"2012-04-12 18:27:16"},{"nodeID":"2867","text":"RA","type":"RA","timestamp":"2012-04-12 18:27:17"},{"nodeID":"2868","text":"RA","type":"RA","timestamp":"2012-04-12 18:27:17"}],"edges":[{"edgeID":"2735","fromID":"2846","toID":"2860","formEdgeID":null},{"edgeID":"2736","fromID":"2860","toID":"2853","formEdgeID":null},{"edgeID":"2737","fromID":"2847","toID":"2861","formEdgeID":null},{"edgeID":"2738","fromID":"2861","toID":"2853","formEdgeID":null},{"edgeID":"2739","fromID":"2848","toID":"2862","formEdgeID":null},{"edgeID":"2740","fromID":"2862","toID":"2854","formEdgeID":null},{"edgeID":"2741","fromID":"2849","toID":"2863","formEdgeID":null},{"edgeID":"2742","fromID":"2863","toID":"2854","formEdgeID":null},{"edgeID":"2743","fromID":"2850","toID":"2864","formEdgeID":null},{"edgeID":"2744","fromID":"2864","toID":"2858","formEdgeID":null},{"edgeID":"2745","fromID":"2851","toID":"2865","formEdgeID":null},{"edgeID":"2746","fromID":"2852","toID":"2865","formEdgeID":null},{"edgeID":"2747","fromID":"2853","toID":"2865","formEdgeID":null},{"edgeID":"2748","fromID":"2865","toID":"2845","formEdgeID":null},{"edgeID":"2749","fromID":"2854","toID":"2866","formEdgeID":null},{"edgeID":"2750","fromID":"2855","toID":"2866","formEdgeID":null},{"edgeID":"2751","fromID":"2866","toID":"2847","formEdgeID":null},{"edgeID":"2752","fromID":"2856","toID":"2867","formEdgeID":null},{"edgeID":"2753","fromID":"2857","toID":"2867","formEdgeID":null},{"edgeID":"2754","fromID":"2867","toID":"2848","formEdgeID":null},{"edgeID":"2755","fromID":"2858","toID":"2868","formEdgeID":null},{"edgeID":"2756","fromID":"2859","toID":"2868","formEdgeID":null},{"edgeID":"2757","fromID":"2868","toID":"2849","formEdgeID":null}]}