{"nodes":[{"nodeID":"4533","text":"It is not right to assume from the low possibilites of an event to be brough about the existence of a creator","type":"I","timestamp":"2012-04-12 18:32:48"},{"nodeID":"4534","text":"Today I bought a lottery ticket. The Lotto wasn't won last night. It's up to seven million. A lot of people are playing this right now. The fact is it's extraordinary unlikely that I'm going to win this.","type":"I","timestamp":"2012-04-12 18:32:48"},{"nodeID":"4535","text":"But let's suppose I did win. Suppose I won this lottery. It's extremely unlikely event that just might have come true. From the fact that I won this lottery that this extremely improbable event happened do I have any right to assume that somebody arranged this?","type":"I","timestamp":"2012-04-12 18:32:49"},{"nodeID":"4536","text":"The creation of universe is analogous to the lottery","type":"I","timestamp":"2012-04-12 18:32:49"},{"nodeID":"4537","text":"RA","type":"RA","timestamp":"2012-04-12 18:32:49","scheme":"Analogy"}],"edges":[{"edgeID":"4263","fromID":"4534","toID":"4537","formEdgeID":null},{"edgeID":"4264","fromID":"4535","toID":"4537","formEdgeID":null},{"edgeID":"4265","fromID":"4536","toID":"4537","formEdgeID":null},{"edgeID":"4266","fromID":"4537","toID":"4533","formEdgeID":null}]}