{"nodes":[{"nodeID":"3405","text":"you should not bother about what he says.","type":"I","timestamp":"2012-04-12 18:29:01"},{"nodeID":"3406","text":"He is just a kid","type":"I","timestamp":"2012-04-12 18:29:01"},{"nodeID":"3407","text":"Bob is nasty he told me that I am fat!","type":"I","timestamp":"2012-04-12 18:29:01"},{"nodeID":"3408","text":"The opinion of a kid is not very reliable","type":"I","timestamp":"2012-04-12 18:29:01"},{"nodeID":"3409","text":"RA","type":"RA","timestamp":"2012-04-12 18:29:01"}],"edges":[{"edgeID":"3239","fromID":"3406","toID":"3409","formEdgeID":null},{"edgeID":"3240","fromID":"3407","toID":"3409","formEdgeID":null},{"edgeID":"3241","fromID":"3408","toID":"3409","formEdgeID":null},{"edgeID":"3242","fromID":"3409","toID":"3405","formEdgeID":null}]}