{"nodes":[{"nodeID":"3970","text":"Lydia must have weak eyes","type":"I","timestamp":"2012-04-12 18:30:55"},{"nodeID":"3971","text":"she is always reading in poor light","type":"I","timestamp":"2012-04-12 18:30:55"},{"nodeID":"3972","text":"Reading in poor light gives you weak eyes","type":"I","timestamp":"2012-04-12 18:30:55"},{"nodeID":"3973","text":"RA","type":"RA","timestamp":"2012-04-12 18:30:56"}],"edges":[{"edgeID":"3743","fromID":"3971","toID":"3973","formEdgeID":null},{"edgeID":"3744","fromID":"3972","toID":"3973","formEdgeID":null},{"edgeID":"3745","fromID":"3973","toID":"3970","formEdgeID":null}]}