{"nodes":[{"nodeID":"4214","text":"If God does not exist then objective moral values do not exist.","type":"I","timestamp":"2012-04-12 18:31:46"},{"nodeID":"4215","text":"Many theists and atheists alike concur on this point","type":"I","timestamp":"2012-04-12 18:31:46"},{"nodeID":"4216","text":"For example the late J.L. Mackie of Oxford University one of the most influential atheists of our time admitted  If...there are...objective values they make the existence of a god more probable than it would have been without them. Thus we have a...defensible...argument from morality to the existence of a god.","type":"I","timestamp":"2012-04-12 18:31:46"},{"nodeID":"4217","text":"RA","type":"RA","timestamp":"2012-04-12 18:31:46"},{"nodeID":"4218","text":"RA","type":"RA","timestamp":"2012-04-12 18:31:46","scheme":"Example"}],"edges":[{"edgeID":"3966","fromID":"4215","toID":"4217","formEdgeID":null},{"edgeID":"3967","fromID":"4217","toID":"4214","formEdgeID":null},{"edgeID":"3968","fromID":"4216","toID":"4218","formEdgeID":null},{"edgeID":"3969","fromID":"4218","toID":"4215","formEdgeID":null}]}