{"nodes":[{"nodeID":"4873","text":"Se una squadra e` debole rischia di essere retrocessa","type":"I","timestamp":"2012-04-12 18:33:56"},{"nodeID":"4874","text":"Il Chievo era plausibilmente estremamente debole","type":"I","timestamp":"2012-04-12 18:33:56"},{"nodeID":"4875","text":"Non erano pochi infatti quelli che consideravano il Chievo come una delle candidate principali alla retrocessione:","type":"I","timestamp":"2012-04-12 18:33:56"},{"nodeID":"4876","text":"l'addio a Barzagli Perrotta e soprattutto a Luigi Del Neri il tecnico artefice delle splendide annate vissute dagli Asini Volanti sembrava presagire l'inizio di un periodo difficile per la squadra veronese","type":"I","timestamp":"2012-04-12 18:33:56"},{"nodeID":"4877","text":"Se i principali elementi di una squadra se ne vanno la squadra rischia di essere fortemente indebolita","type":"I","timestamp":"2012-04-12 18:33:56"},{"nodeID":"4878","text":"troppe cessioni in pochi anni avevano smembrato l'ossatura della squadra","type":"I","timestamp":"2012-04-12 18:33:56"},{"nodeID":"4879","text":"Se una squadra ha una debole ossatura non puo` essere competitiva","type":"I","timestamp":"2012-04-12 18:33:56"},{"nodeID":"4880","text":"l'addio a Del Neri e i pochi arrivi non certo di grido (Brighi dalla Roma Mandelli e Tiribocchi dal Torino piu` qualche rientro da prestiti come Franceschini) sembravano garantire tutto fuorche` un'annata tranquilla ai gialloblu`","type":"I","timestamp":"2012-04-12 18:33:56"},{"nodeID":"4881","text":"Se i nuovi arrivi non sono forti come i giocatori ceduti la squadra ne risente","type":"I","timestamp":"2012-04-12 18:33:56"},{"nodeID":"4882","text":"RA","type":"RA","timestamp":"2012-04-12 18:33:56"},{"nodeID":"4883","text":"RA","type":"RA","timestamp":"2012-04-12 18:33:57"},{"nodeID":"4884","text":"RA","type":"RA","timestamp":"2012-04-12 18:33:57"},{"nodeID":"4885","text":"RA","type":"RA","timestamp":"2012-04-12 18:33:57"}],"edges":[{"edgeID":"4571","fromID":"4874","toID":"4882","formEdgeID":null},{"edgeID":"4572","fromID":"4875","toID":"4882","formEdgeID":null},{"edgeID":"4573","fromID":"4882","toID":"4873","formEdgeID":null},{"edgeID":"4574","fromID":"4876","toID":"4883","formEdgeID":null},{"edgeID":"4575","fromID":"4877","toID":"4883","formEdgeID":null},{"edgeID":"4576","fromID":"4883","toID":"4874","formEdgeID":null},{"edgeID":"4577","fromID":"4878","toID":"4884","formEdgeID":null},{"edgeID":"4578","fromID":"4879","toID":"4884","formEdgeID":null},{"edgeID":"4579","fromID":"4884","toID":"4874","formEdgeID":null},{"edgeID":"4580","fromID":"4880","toID":"4885","formEdgeID":null},{"edgeID":"4581","fromID":"4881","toID":"4885","formEdgeID":null},{"edgeID":"4582","fromID":"4885","toID":"4874","formEdgeID":null}]}