{"nodes":[{"nodeID":"540","text":"it is the young who are the most enthused by the new device.","type":"I","timestamp":"2012-04-12 18:19:15"},{"nodeID":"541","text":"They know that in today's world the cellphone has the potential of transforming not just inter-personal communication but business and professional prospects.","type":"I","timestamp":"2012-04-12 18:19:15"},{"nodeID":"542","text":"If a group of ordinary people who wish nothing more than to lead productive lives know that in today's world the cellphone has the potential of transforming not just inter-personal communication but business and professional prospects it is the young among them who are most enthused by the new device.","type":"I","timestamp":"2012-04-12 18:19:15"},{"nodeID":"543","text":"RA","type":"RA","timestamp":"2012-04-12 18:19:15"}],"edges":[{"edgeID":"495","fromID":"541","toID":"543","formEdgeID":null},{"edgeID":"496","fromID":"542","toID":"543","formEdgeID":null},{"edgeID":"497","fromID":"543","toID":"540","formEdgeID":null}]}