{"nodes":[{"nodeID":"1041","text":"This bill is not about free trade.","type":"I","timestamp":"2012-04-12 18:20:49"},{"nodeID":"1042","text":"In  other industries we do not permit the  imposition of foreign price controls on  American businesses and we should  not in this case either.","type":"I","timestamp":"2012-04-12 18:20:50"},{"nodeID":"1043","text":"If  we do not generally permit the imposition of foreign price controls on American businesses and shouldn't do so in this case this bill is not about free trade.","type":"I","timestamp":"2012-04-12 18:20:50"},{"nodeID":"1044","text":"RA","type":"RA","timestamp":"2012-04-12 18:20:50"}],"edges":[{"edgeID":"938","fromID":"1042","toID":"1044","formEdgeID":null},{"edgeID":"939","fromID":"1043","toID":"1044","formEdgeID":null},{"edgeID":"940","fromID":"1044","toID":"1041","formEdgeID":null}]}