{"nodes":[{"nodeID":"2414","text":"In 1922 the River Rouge Ry. [Railway DH] Co. [Company DH] made an offer of sale of  its St. Remi extension to the Canadian National Ry. Co. successor to the Canadian  Northern Quebec Ry. Co. but the offer was refused","type":"I","timestamp":"2012-04-12 18:25:48"},{"nodeID":"2415","text":"There is no need to buy the extension","type":"I","timestamp":"2012-04-12 18:25:48"},{"nodeID":"2416","text":"The best means not to waste money is to avoid buying things you do not need","type":"I","timestamp":"2012-04-12 18:25:48"},{"nodeID":"2417","text":"The goal is to avoid wasting money","type":"I","timestamp":"2012-04-12 18:25:48"},{"nodeID":"2418","text":"It was felt that the extension of the  National Ry. to St. Remi was not justified at the moment","type":"I","timestamp":"2012-04-12 18:25:48"},{"nodeID":"2419","text":"There is no need to extend the railway to St.Remi","type":"I","timestamp":"2012-04-12 18:25:48"},{"nodeID":"2420","text":"The best means to extend the railway to St. Remi is to buy this extension from the River Rouge Ry.","type":"I","timestamp":"2012-04-12 18:25:48"},{"nodeID":"2421","text":"You should refuse the offer","type":"I","timestamp":"2012-04-12 18:25:48"},{"nodeID":"2422","text":"If a rule tells to do x I will obey it by doing x","type":"I","timestamp":"2012-04-12 18:25:48"},{"nodeID":"2423","text":"the River Rouge  Ry. Co. had not been ethical in its attempts to secure a subsidy","type":"I","timestamp":"2012-04-12 18:25:48"},{"nodeID":"2424","text":"If something is immoral you should not do it","type":"I","timestamp":"2012-04-12 18:25:48"},{"nodeID":"2425","text":"RA","type":"RA","timestamp":"2012-04-12 18:25:48"},{"nodeID":"2426","text":"RA","type":"RA","timestamp":"2012-04-12 18:25:49","scheme":"PracticalReasoning"},{"nodeID":"2427","text":"RA","type":"RA","timestamp":"2012-04-12 18:25:49"},{"nodeID":"2428","text":"RA","type":"RA","timestamp":"2012-04-12 18:25:49","scheme":"EstablishedRule"}],"edges":[{"edgeID":"2333","fromID":"2415","toID":"2425","formEdgeID":null},{"edgeID":"2334","fromID":"2416","toID":"2425","formEdgeID":null},{"edgeID":"2335","fromID":"2417","toID":"2425","formEdgeID":null},{"edgeID":"2336","fromID":"2425","toID":"2414","formEdgeID":null},{"edgeID":"2337","fromID":"2418","toID":"2426","formEdgeID":null},{"edgeID":"2338","fromID":"2419","toID":"2426","formEdgeID":null},{"edgeID":"2339","fromID":"2420","toID":"2426","formEdgeID":null},{"edgeID":"2340","fromID":"2426","toID":"2415","formEdgeID":null},{"edgeID":"2341","fromID":"2421","toID":"2427","formEdgeID":null},{"edgeID":"2342","fromID":"2422","toID":"2427","formEdgeID":null},{"edgeID":"2343","fromID":"2427","toID":"2414","formEdgeID":null},{"edgeID":"2344","fromID":"2423","toID":"2428","formEdgeID":null},{"edgeID":"2345","fromID":"2424","toID":"2428","formEdgeID":null},{"edgeID":"2346","fromID":"2428","toID":"2421","formEdgeID":null}]}