{"nodes":[{"nodeID":"1205","text":"The banks are winning in their campaign to cut their costs by changing the way we handle money and pay our bills","type":"I","timestamp":"2012-04-12 18:21:24"},{"nodeID":"1206","text":"They are keeping us out of their branches","type":"I","timestamp":"2012-04-12 18:21:24"},{"nodeID":"1207","text":"killing off the cheque","type":"I","timestamp":"2012-04-12 18:21:24"},{"nodeID":"1208","text":"moving us onto the internet","type":"I","timestamp":"2012-04-12 18:21:24"},{"nodeID":"1209","text":"making money less tangible","type":"I","timestamp":"2012-04-12 18:21:24"},{"nodeID":"1210","text":"pushing us towards the cashless economy","type":"I","timestamp":"2012-04-12 18:21:24"},{"nodeID":"1211","text":"RA","type":"RA","timestamp":"2012-04-12 18:21:24","scheme":"Example"},{"nodeID":"1212","text":"RA","type":"RA","timestamp":"2012-04-12 18:21:24","scheme":"Example"},{"nodeID":"1213","text":"RA","type":"RA","timestamp":"2012-04-12 18:21:25","scheme":"Example"},{"nodeID":"1214","text":"RA","type":"RA","timestamp":"2012-04-12 18:21:25","scheme":"Example"},{"nodeID":"1215","text":"RA","type":"RA","timestamp":"2012-04-12 18:21:25","scheme":"Example"}],"edges":[{"edgeID":"1100","fromID":"1206","toID":"1211","formEdgeID":null},{"edgeID":"1101","fromID":"1211","toID":"1205","formEdgeID":null},{"edgeID":"1102","fromID":"1207","toID":"1212","formEdgeID":null},{"edgeID":"1103","fromID":"1212","toID":"1205","formEdgeID":null},{"edgeID":"1104","fromID":"1208","toID":"1213","formEdgeID":null},{"edgeID":"1105","fromID":"1213","toID":"1205","formEdgeID":null},{"edgeID":"1106","fromID":"1209","toID":"1214","formEdgeID":null},{"edgeID":"1107","fromID":"1214","toID":"1205","formEdgeID":null},{"edgeID":"1108","fromID":"1210","toID":"1215","formEdgeID":null},{"edgeID":"1109","fromID":"1215","toID":"1205","formEdgeID":null}]}