{"nodes":[{"nodeID":"499","text":"the government's determination to prevent the international community from learning the full extent of its ongoing crackdown against Tibetan activists.","type":"I","timestamp":"2012-04-12 18:19:08"},{"nodeID":"500","text":"China's failure to acknowledge long prison sentences against Tibetans","type":"I","timestamp":"2012-04-12 18:19:08"},{"nodeID":"1798","text":"The acknowledge of long prison sentences is a means to let the international community know about the Chinese crackdown on Tibetians","type":"I","timestamp":"2012-04-12 18:23:29"},{"nodeID":"1799","text":"If a state does not  want the International community to learn its politics against a population it does not reveal all the measures taken against it","type":"I","timestamp":"2012-04-12 18:23:29"},{"nodeID":"1800","text":"RA","type":"RA","timestamp":"2012-04-12 18:23:29"}],"edges":[{"edgeID":"1689","fromID":"500","toID":"1800","formEdgeID":null},{"edgeID":"1690","fromID":"1798","toID":"1800","formEdgeID":null},{"edgeID":"1691","fromID":"1799","toID":"1800","formEdgeID":null},{"edgeID":"1692","fromID":"1800","toID":"499","formEdgeID":null}]}