{"nodes":[{"nodeID":"4344","text":"Mitridate non e` assolutamente generoso come Natan","type":"I","timestamp":"2012-04-12 18:32:11"},{"nodeID":"4345","text":"Le azioni di Natan stanno alla sua generosita` come le azioni di Mitridate stanno alla sua liberalita`","type":"I","timestamp":"2012-04-12 18:32:11"},{"nodeID":"4346","text":"per trentadue porti che ha il suo palagio si` come questo entrata e domandatagli limosina mai da lui che egli mostrasse riconosciuta non fui e sempre l'ebbi","type":"I","timestamp":"2012-04-12 18:32:11"},{"nodeID":"4347","text":"O liberalita` di Natan quanto se'tu maravigliosa!","type":"I","timestamp":"2012-04-12 18:32:11"},{"nodeID":"4348","text":"qui non venuta ancora se non per tredici e riconosciuta e proverbiata sono stata","type":"I","timestamp":"2012-04-12 18:32:11"},{"nodeID":"4349","text":"RA","type":"RA","timestamp":"2012-04-12 18:32:12"}],"edges":[{"edgeID":"4087","fromID":"4345","toID":"4349","formEdgeID":null},{"edgeID":"4088","fromID":"4346","toID":"4349","formEdgeID":null},{"edgeID":"4089","fromID":"4347","toID":"4349","formEdgeID":null},{"edgeID":"4090","fromID":"4348","toID":"4349","formEdgeID":null},{"edgeID":"4091","fromID":"4349","toID":"4344","formEdgeID":null}]}