{"nodes":[{"nodeID":"643","text":"the Jakarta blast which was directed at the American-owned Marriot Hotel does not appear to have been meant to warn the Indonesian judiciary","type":"I","timestamp":"2012-04-12 18:19:35"},{"nodeID":"644","text":"If they had wanted to convey a warning to the judiciary they would have chosen as their target a building associated with the judiciary or at least the government.","type":"I","timestamp":"2012-04-12 18:19:35"},{"nodeID":"1930","text":"The target was not the government","type":"I","timestamp":"2012-04-12 18:23:57"},{"nodeID":"1931","text":"RA","type":"RA","timestamp":"2012-04-12 18:23:57","scheme":"FalsificationOfHypothesis"}],"edges":[{"edgeID":"1823","fromID":"644","toID":"1931","formEdgeID":null},{"edgeID":"1824","fromID":"1930","toID":"1931","formEdgeID":null},{"edgeID":"1825","fromID":"1931","toID":"643","formEdgeID":null}]}