{"nodes":[{"nodeID":"1393","text":"The Jefferson State should be created as independent from California and Oregon","type":"I","timestamp":"2012-04-12 18:22:04"},{"nodeID":"1394","text":"These northern areas of California and southern Oregon were being taxed on the products they produced from their renewable natural resources-the timber agriculture and mining industries-and receiving no benefits to build better roads from the tax dollars they were obligated to pay.","type":"I","timestamp":"2012-04-12 18:22:04"},{"nodeID":"1395","text":"Most of the so-called highways in these areas at the time became mud holes in the winters and dust bowls during the summer months.  Many of the roads resembled mountain trails barely fit for mountain goats.","type":"I","timestamp":"2012-04-12 18:22:04"},{"nodeID":"1396","text":"The dense metropolitan areas of northern Oregon and the southern areas of our state had a tendency to dictate their political agenda to those residing in the proposed Jefferson State counties and legislators in both state capitols would pass regulatory mandates and legislative laws that most of the citizens in these regions believed to be unwarranted and unnecessary.","type":"I","timestamp":"2012-04-12 18:22:04"},{"nodeID":"1397","text":"This region is badly administated and exploited by California and Oregon","type":"I","timestamp":"2012-04-12 18:22:04"},{"nodeID":"1398","text":"The goal is to avoid the region to be exploited","type":"I","timestamp":"2012-04-12 18:22:04"},{"nodeID":"1399","text":"The best means to do that is to separate the region from the two states","type":"I","timestamp":"2012-04-12 18:22:04"},{"nodeID":"1400","text":"RA","type":"RA","timestamp":"2012-04-12 18:22:04","scheme":"Example"},{"nodeID":"1401","text":"RA","type":"RA","timestamp":"2012-04-12 18:22:05","scheme":"Example"},{"nodeID":"1402","text":"RA","type":"RA","timestamp":"2012-04-12 18:22:05","scheme":"Example"},{"nodeID":"1403","text":"RA","type":"RA","timestamp":"2012-04-12 18:22:05","scheme":"PracticalReasoning"}],"edges":[{"edgeID":"1289","fromID":"1394","toID":"1400","formEdgeID":null},{"edgeID":"1290","fromID":"1400","toID":"1397","formEdgeID":null},{"edgeID":"1291","fromID":"1395","toID":"1401","formEdgeID":null},{"edgeID":"1292","fromID":"1401","toID":"1394","formEdgeID":null},{"edgeID":"1293","fromID":"1396","toID":"1402","formEdgeID":null},{"edgeID":"1294","fromID":"1402","toID":"1397","formEdgeID":null},{"edgeID":"1295","fromID":"1397","toID":"1403","formEdgeID":null},{"edgeID":"1296","fromID":"1398","toID":"1403","formEdgeID":null},{"edgeID":"1297","fromID":"1399","toID":"1403","formEdgeID":null},{"edgeID":"1298","fromID":"1403","toID":"1393","formEdgeID":null}]}