{"nodes":[{"nodeID":"3425","text":"In the case in question the person had no motives to do wrong","type":"I","timestamp":"2012-04-12 18:29:05"},{"nodeID":"3426","text":"All the men do wrong from one of the three motives: A B or C","type":"I","timestamp":"2012-04-12 18:29:05"},{"nodeID":"3427","text":"Only if the person had at least one of these motives to do wrong he can be said to have had reasons to act in such a way","type":"I","timestamp":"2012-04-12 18:29:05"},{"nodeID":"3428","text":"in my case A and B are out of the question and even the accusers do not allege C","type":"I","timestamp":"2012-04-12 18:29:05"},{"nodeID":"3429","text":"RA","type":"RA","timestamp":"2012-04-12 18:29:05"}],"edges":[{"edgeID":"3254","fromID":"3426","toID":"3429","formEdgeID":null},{"edgeID":"3255","fromID":"3427","toID":"3429","formEdgeID":null},{"edgeID":"3256","fromID":"3428","toID":"3429","formEdgeID":null},{"edgeID":"3257","fromID":"3429","toID":"3425","formEdgeID":null}]}