{"nodes":[{"nodeID":"1429","text":"On this occasion however I shall not vote for any individual or party but will spoil my paper","type":"I","timestamp":"2012-04-12 18:22:11"},{"nodeID":"1430","text":"I believe nationally this government holds us in contempt","type":"I","timestamp":"2012-04-12 18:22:11"},{"nodeID":"1431","text":"it appears they don't much care either","type":"I","timestamp":"2012-04-12 18:22:11"},{"nodeID":"1432","text":"locally I have received no information at all on any of the candidates","type":"I","timestamp":"2012-04-12 18:22:11"},{"nodeID":"1433","text":"Non voting is a good means to express disappointment","type":"I","timestamp":"2012-04-12 18:22:11"},{"nodeID":"1434","text":"My goal is to use my vote to express disappointment","type":"I","timestamp":"2012-04-12 18:22:11"},{"nodeID":"1435","text":"I do not like this situation and I want to change it","type":"I","timestamp":"2012-04-12 18:22:11"},{"nodeID":"1436","text":"Expressing disappointment is a good way of changing a situation","type":"I","timestamp":"2012-04-12 18:22:11"},{"nodeID":"1437","text":"RA","type":"RA","timestamp":"2012-04-12 18:22:11","scheme":"CauseToEffect"},{"nodeID":"1438","text":"RA","type":"RA","timestamp":"2012-04-12 18:22:11"},{"nodeID":"1439","text":"RA","type":"RA","timestamp":"2012-04-12 18:22:12","scheme":"Example"},{"nodeID":"1440","text":"RA","type":"RA","timestamp":"2012-04-12 18:22:12","scheme":"PracticalReasoning"},{"nodeID":"1441","text":"RA","type":"RA","timestamp":"2012-04-12 18:22:12"}],"edges":[{"edgeID":"1321","fromID":"1430","toID":"1437","formEdgeID":null},{"edgeID":"1322","fromID":"1437","toID":"1435","formEdgeID":null},{"edgeID":"1323","fromID":"1431","toID":"1438","formEdgeID":null},{"edgeID":"1324","fromID":"1438","toID":"1435","formEdgeID":null},{"edgeID":"1325","fromID":"1432","toID":"1439","formEdgeID":null},{"edgeID":"1326","fromID":"1439","toID":"1431","formEdgeID":null},{"edgeID":"1327","fromID":"1433","toID":"1440","formEdgeID":null},{"edgeID":"1328","fromID":"1434","toID":"1440","formEdgeID":null},{"edgeID":"1329","fromID":"1440","toID":"1429","formEdgeID":null},{"edgeID":"1330","fromID":"1435","toID":"1441","formEdgeID":null},{"edgeID":"1331","fromID":"1436","toID":"1441","formEdgeID":null},{"edgeID":"1332","fromID":"1441","toID":"1434","formEdgeID":null}]}