{"nodes":[{"nodeID":"2301","text":"You must want to get chased out of Guatemala   he said  by writing such an  article as the one about the Monroe Doctrine","type":"I","timestamp":"2012-04-12 18:25:23"},{"nodeID":"2302","text":"Guatemala was at the time an authoritarian regime dominated by the U.S.","type":"I","timestamp":"2012-04-12 18:25:24"},{"nodeID":"2303","text":"Monroe doctrine justified American control over the Guatemala","type":"I","timestamp":"2012-04-12 18:25:24"},{"nodeID":"2304","text":"The author challenged with his article U.S. domination over Guatemala","type":"I","timestamp":"2012-04-12 18:25:24"},{"nodeID":"2305","text":"Writing an article against U.S. domination in Guatemala can cause the author of the article to be chased out of Guatemala","type":"I","timestamp":"2012-04-12 18:25:24"},{"nodeID":"2306","text":"Labeling U.S. president Monroe as sluggish minded means challenging U.S. domination over Guatemala","type":"I","timestamp":"2012-04-12 18:25:24"},{"nodeID":"2307","text":"Calling the President of the United  States  the sluggish-minded James Monroe","type":"I","timestamp":"2012-04-12 18:25:24"},{"nodeID":"2308","text":"RA","type":"RA","timestamp":"2012-04-12 18:25:24"},{"nodeID":"2309","text":"RA","type":"RA","timestamp":"2012-04-12 18:25:24"},{"nodeID":"2310","text":"RA","type":"RA","timestamp":"2012-04-12 18:25:24"},{"nodeID":"2311","text":"RA","type":"RA","timestamp":"2012-04-12 18:25:25","scheme":"CauseToEffect"}],"edges":[{"edgeID":"2229","fromID":"2302","toID":"2308","formEdgeID":null},{"edgeID":"2230","fromID":"2308","toID":"2306","formEdgeID":null},{"edgeID":"2231","fromID":"2303","toID":"2309","formEdgeID":null},{"edgeID":"2232","fromID":"2309","toID":"2306","formEdgeID":null},{"edgeID":"2233","fromID":"2304","toID":"2310","formEdgeID":null},{"edgeID":"2234","fromID":"2305","toID":"2310","formEdgeID":null},{"edgeID":"2235","fromID":"2310","toID":"2301","formEdgeID":null},{"edgeID":"2236","fromID":"2306","toID":"2311","formEdgeID":null},{"edgeID":"2237","fromID":"2307","toID":"2311","formEdgeID":null},{"edgeID":"2238","fromID":"2311","toID":"2304","formEdgeID":null}]}