{"nodes":[{"nodeID":"419","text":"It was perfectly possible for the parties to plead and argue the issue as to whether there was a loan agreement or partnership agreement and for the judge to resolve that issue without the judge having to decide at that stage all the issues that might arise between the parties in the dissolution of the partnership.","type":"I","timestamp":"2012-04-12 18:18:53"},{"nodeID":"420","text":"In a partnership action especially where the partnership agreement was oral rather than by deed it is not uncommon for issues to arise on the taking of the accounts in the course of winding up and for those issues to be directed to be tried in order to determine the legal and factual basis on which the accounts should be taken.","type":"I","timestamp":"2012-04-12 18:18:53"},{"nodeID":"421","text":"If in a partnership action it is not uncommon for issues to arise on the taking of the accounts in the course of winding up and for those issues to be directed to be tried in order to determine the legal and factual basis on which the accounts should be taken it is possible for this to be so in the partnership action under consideration.","type":"I","timestamp":"2012-04-12 18:18:53"},{"nodeID":"422","text":"RA","type":"RA","timestamp":"2012-04-12 18:18:53"}],"edges":[{"edgeID":"392","fromID":"420","toID":"422","formEdgeID":null},{"edgeID":"393","fromID":"421","toID":"422","formEdgeID":null},{"edgeID":"394","fromID":"422","toID":"419","formEdgeID":null}]}