{"nodes":[{"nodeID":"1113","text":"a  clear conclusion  in favour of the Council's case","type":"I","timestamp":"2012-04-12 18:21:03"},{"nodeID":"1114","text":"Barnstaple suffered from  acute traffic congestion  which was a  restriction on the economic growth of the area  and that the proposed bypass was the only satisfactory solution.","type":"I","timestamp":"2012-04-12 18:21:03"},{"nodeID":"1115","text":"rejected objections based on a number of grounds including inadequacy of the authority's Economic Impact Study and Environmental Assessment incompatibility with EC Directives and adverse effects on public safety.","type":"I","timestamp":"2012-04-12 18:21:03"},{"nodeID":"1116","text":"If Barnstable suffered from acute traffic congestion that was a restriction on the economic growth of the area and the proposed bypass was the only satisfactory solution and if the authority's Economic Impact Study and Environmental Assessment was adequate not incompatible with EC directives and had no adverse effects on public safety then there was a clear conclusion for the Council's case for permitting a bypass.","type":"I","timestamp":"2012-04-12 18:21:03"},{"nodeID":"1117","text":"RA","type":"RA","timestamp":"2012-04-12 18:21:03"}],"edges":[{"edgeID":"1002","fromID":"1114","toID":"1117","formEdgeID":null},{"edgeID":"1003","fromID":"1115","toID":"1117","formEdgeID":null},{"edgeID":"1004","fromID":"1116","toID":"1117","formEdgeID":null},{"edgeID":"1005","fromID":"1117","toID":"1113","formEdgeID":null}]}