{"nodes":[{"nodeID":"3276","text":"The idea of experimenting on animals should not be accepted","type":"I","timestamp":"2012-04-12 18:28:37"},{"nodeID":"3277","text":"Experimental medicine practiced on animals accepted the idea that for the furtherance of human medicine animals might be sacrificed","type":"I","timestamp":"2012-04-12 18:28:37"},{"nodeID":"3278","text":"Soon the idea arose that for the benefit of all mankind some human beings could be sacrificed. At first this idea certainly raised strong inner defences but habit always finally prevails. People begin by accepting the idea of experimenting on men under sentence of death then comes the idea of experimenting on ordinary prisoners and finally there arises the idea of experimenting on one s enemies!","type":"I","timestamp":"2012-04-12 18:28:37"},{"nodeID":"3279","text":"The idea of sacrificing human beings cannot be accepted","type":"I","timestamp":"2012-04-12 18:28:37"},{"nodeID":"3280","text":"RA","type":"RA","timestamp":"2012-04-12 18:28:38"}],"edges":[{"edgeID":"3137","fromID":"3277","toID":"3280","formEdgeID":null},{"edgeID":"3138","fromID":"3278","toID":"3280","formEdgeID":null},{"edgeID":"3139","fromID":"3279","toID":"3280","formEdgeID":null},{"edgeID":"3140","fromID":"3280","toID":"3276","formEdgeID":null}]}