{"nodes":[{"nodeID":"1014","text":"we  are not sent here by our people to let  the President or the White House or  any party control us or dictate to us.","type":"I","timestamp":"2012-04-12 18:20:44"},{"nodeID":"2208","text":"No  President elects any Member of this  body.","type":"I","timestamp":"2012-04-12 18:25:04"},{"nodeID":"2209","text":"The President did not bring any of us  here. The President did not elect any of  the Members of this body.","type":"I","timestamp":"2012-04-12 18:25:04"},{"nodeID":"2210","text":"Only if the president can control a power he can have that power","type":"I","timestamp":"2012-04-12 18:25:04"},{"nodeID":"2211","text":"Only if the constitution allows it Senators should let the President control them","type":"I","timestamp":"2012-04-12 18:25:04"},{"nodeID":"2212","text":"The president is not allowed by the law to control the Senate","type":"I","timestamp":"2012-04-12 18:25:04"},{"nodeID":"2213","text":"A person can try to control the parliament only if he has the power to do that.","type":"I","timestamp":"2012-04-12 18:25:04"},{"nodeID":"2214","text":"he is no king","type":"I","timestamp":"2012-04-12 18:25:04"},{"nodeID":"2215","text":"many Senators feel  that they are under great pressure","type":"I","timestamp":"2012-04-12 18:25:04"},{"nodeID":"2216","text":"The President has not the legislative power","type":"I","timestamp":"2012-04-12 18:25:04"},{"nodeID":"2217","text":"The President does not control the legislative power","type":"I","timestamp":"2012-04-12 18:25:04"},{"nodeID":"2218","text":"Only if the president has the executive and legislative power he can be considered a king","type":"I","timestamp":"2012-04-12 18:25:04"},{"nodeID":"2219","text":"This is an  independent body. This is an inde-pendent  branch of Government. This is  a separate branch of Government.","type":"I","timestamp":"2012-04-12 18:25:04"},{"nodeID":"2220","text":"If the President cannot control the legislative body he has not the legislative power","type":"I","timestamp":"2012-04-12 18:25:04"},{"nodeID":"2221","text":"The President is just the Chief  Executive of the land","type":"I","timestamp":"2012-04-12 18:25:04"},{"nodeID":"2222","text":"If a person is only the chief Executive he cannot be the chief Legislative","type":"I","timestamp":"2012-04-12 18:25:05"},{"nodeID":"2223","text":"apparently some Senators here  vote as though they think the Presi-dent  is king","type":"I","timestamp":"2012-04-12 18:25:05"},{"nodeID":"2224","text":"If the president behaves as a king putting the Senators under great pressure the Senators vote as though they think the President is king","type":"I","timestamp":"2012-04-12 18:25:05"},{"nodeID":"2225","text":"But still they believe  they have to follow the President's di-rection.","type":"I","timestamp":"2012-04-12 18:25:05"},{"nodeID":"2226","text":"If a person thinks that the president is the king he follows his directions","type":"I","timestamp":"2012-04-12 18:25:05"},{"nodeID":"2227","text":"RA","type":"RA","timestamp":"2012-04-12 18:25:05","scheme":"VerbalClassification"},{"nodeID":"2228","text":"RA","type":"RA","timestamp":"2012-04-12 18:25:05","scheme":"VerbalClassification"},{"nodeID":"2229","text":"RA","type":"RA","timestamp":"2012-04-12 18:25:05"},{"nodeID":"2230","text":"RA","type":"RA","timestamp":"2012-04-12 18:25:06","scheme":"EstablishedRule"},{"nodeID":"2231","text":"RA","type":"RA","timestamp":"2012-04-12 18:25:06","scheme":"EstablishedRule"},{"nodeID":"2232","text":"RA","type":"RA","timestamp":"2012-04-12 18:25:06","scheme":"VerbalClassification"},{"nodeID":"2233","text":"RA","type":"RA","timestamp":"2012-04-12 18:25:07","scheme":"CauseToEffect"},{"nodeID":"2234","text":"RA","type":"RA","timestamp":"2012-04-12 18:25:07","scheme":"VerbalClassification"},{"nodeID":"2235","text":"RA","type":"RA","timestamp":"2012-04-12 18:25:07"},{"nodeID":"2236","text":"RA","type":"RA","timestamp":"2012-04-12 18:25:08"}],"edges":[{"edgeID":"2138","fromID":"2208","toID":"2227","formEdgeID":null},{"edgeID":"2139","fromID":"2227","toID":"2219","formEdgeID":null},{"edgeID":"2140","fromID":"2209","toID":"2228","formEdgeID":null},{"edgeID":"2141","fromID":"2228","toID":"2219","formEdgeID":null},{"edgeID":"2142","fromID":"2210","toID":"2229","formEdgeID":null},{"edgeID":"2143","fromID":"2229","toID":"2220","formEdgeID":null},{"edgeID":"2144","fromID":"2211","toID":"2230","formEdgeID":null},{"edgeID":"2145","fromID":"2212","toID":"2230","formEdgeID":null},{"edgeID":"2146","fromID":"2230","toID":"1014","formEdgeID":null},{"edgeID":"2147","fromID":"2213","toID":"2231","formEdgeID":null},{"edgeID":"2148","fromID":"2214","toID":"2231","formEdgeID":null},{"edgeID":"2149","fromID":"2215","toID":"2231","formEdgeID":null},{"edgeID":"2150","fromID":"2231","toID":"2212","formEdgeID":null},{"edgeID":"2151","fromID":"2216","toID":"2232","formEdgeID":null},{"edgeID":"2152","fromID":"2217","toID":"2232","formEdgeID":null},{"edgeID":"2153","fromID":"2218","toID":"2232","formEdgeID":null},{"edgeID":"2154","fromID":"2232","toID":"2214","formEdgeID":null},{"edgeID":"2155","fromID":"2219","toID":"2233","formEdgeID":null},{"edgeID":"2156","fromID":"2220","toID":"2233","formEdgeID":null},{"edgeID":"2157","fromID":"2233","toID":"2216","formEdgeID":null},{"edgeID":"2158","fromID":"2221","toID":"2234","formEdgeID":null},{"edgeID":"2159","fromID":"2222","toID":"2234","formEdgeID":null},{"edgeID":"2160","fromID":"2234","toID":"2217","formEdgeID":null},{"edgeID":"2161","fromID":"2223","toID":"2235","formEdgeID":null},{"edgeID":"2162","fromID":"2224","toID":"2235","formEdgeID":null},{"edgeID":"2163","fromID":"2235","toID":"2215","formEdgeID":null},{"edgeID":"2164","fromID":"2225","toID":"2236","formEdgeID":null},{"edgeID":"2165","fromID":"2226","toID":"2236","formEdgeID":null},{"edgeID":"2166","fromID":"2236","toID":"2223","formEdgeID":null}]}