{"nodes":[{"nodeID":"4462","text":"noi oggi siamo decisi ad affrontare i rischi ed i sacrifici di una guerra","type":"I","timestamp":"2012-04-12 18:32:34"},{"nodeID":"4463","text":"Bastava rivedere i trattati per adeguarli alle mutevoli esigenze della vita delle nazioni e non considerarli intangibili per l'eternita`;","type":"I","timestamp":"2012-04-12 18:32:34"},{"nodeID":"4464","text":"bastava non iniziare la stolta politica delle garanzie che si e` palesata soprattutto micidiale per coloro che la hanno accettate;","type":"I","timestamp":"2012-04-12 18:32:34"},{"nodeID":"4465","text":"bastava non respingere la proposta che il fuhrer fece il 6 ottobre dell'anno scorso dopo finita la campagna di Polonia.","type":"I","timestamp":"2012-04-12 18:32:34"},{"nodeID":"4466","text":"Con voi il mondo intero e` testimone che l'Italia del Littorio ha fatto quanto era umanamente possibile per evitare la tormenta che sconvolge l'Europa; ma tutto fu vano.","type":"I","timestamp":"2012-04-12 18:32:34"},{"nodeID":"4467","text":"L`unico mezzo per difendere il nostro onore ed i nostri interessi e` la guerra","type":"I","timestamp":"2012-04-12 18:32:34"},{"nodeID":"4468","text":"l'onore gli interessi l'avvenire ferramente lo impongono","type":"I","timestamp":"2012-04-12 18:32:34"},{"nodeID":"4469","text":"un grande popolo e` veramente tale se considera sacri i suoi impegni e se non evade dalle prove supreme che determinano il corso della storia.","type":"I","timestamp":"2012-04-12 18:32:34"},{"nodeID":"4470","text":"Il nostro scopo e` essere un grande popolo","type":"I","timestamp":"2012-04-12 18:32:34"},{"nodeID":"4471","text":"L`unico mezzo per essere un grande popolo e` difendere l`onore","type":"I","timestamp":"2012-04-12 18:32:34"},{"nodeID":"4472","text":"RA","type":"RA","timestamp":"2012-04-12 18:32:34"},{"nodeID":"4473","text":"RA","type":"RA","timestamp":"2012-04-12 18:32:34"},{"nodeID":"4474","text":"RA","type":"RA","timestamp":"2012-04-12 18:32:35"},{"nodeID":"4475","text":"RA","type":"RA","timestamp":"2012-04-12 18:32:35"},{"nodeID":"4476","text":"RA","type":"RA","timestamp":"2012-04-12 18:32:35"}],"edges":[{"edgeID":"4196","fromID":"4463","toID":"4472","formEdgeID":null},{"edgeID":"4197","fromID":"4472","toID":"4466","formEdgeID":null},{"edgeID":"4198","fromID":"4464","toID":"4473","formEdgeID":null},{"edgeID":"4199","fromID":"4473","toID":"4466","formEdgeID":null},{"edgeID":"4200","fromID":"4465","toID":"4474","formEdgeID":null},{"edgeID":"4201","fromID":"4474","toID":"4466","formEdgeID":null},{"edgeID":"4202","fromID":"4466","toID":"4475","formEdgeID":null},{"edgeID":"4203","fromID":"4467","toID":"4475","formEdgeID":null},{"edgeID":"4204","fromID":"4475","toID":"4462","formEdgeID":null},{"edgeID":"4205","fromID":"4468","toID":"4476","formEdgeID":null},{"edgeID":"4206","fromID":"4469","toID":"4476","formEdgeID":null},{"edgeID":"4207","fromID":"4470","toID":"4476","formEdgeID":null},{"edgeID":"4208","fromID":"4471","toID":"4476","formEdgeID":null},{"edgeID":"4209","fromID":"4476","toID":"4462","formEdgeID":null}]}