{"nodes":[{"nodeID":"3950","text":"When people are over fifty this does not mean that their emotional life has become less active or has even disappeared. Romantic feelings can govern our life until we are very old","type":"I","timestamp":"2012-04-12 18:30:51"},{"nodeID":"3951","text":"Did Picasso at the end of his life not write splendid letters to his young lover","type":"I","timestamp":"2012-04-12 18:30:52"},{"nodeID":"3952","text":"did Richard Strauss not create his most lyrical songs when he was already over eighty?","type":"I","timestamp":"2012-04-12 18:30:52"},{"nodeID":"3953","text":"RA","type":"RA","timestamp":"2012-04-12 18:30:52"},{"nodeID":"3954","text":"RA","type":"RA","timestamp":"2012-04-12 18:30:52"}],"edges":[{"edgeID":"3727","fromID":"3951","toID":"3953","formEdgeID":null},{"edgeID":"3728","fromID":"3953","toID":"3950","formEdgeID":null},{"edgeID":"3729","fromID":"3952","toID":"3954","formEdgeID":null},{"edgeID":"3730","fromID":"3954","toID":"3950","formEdgeID":null}]}