{"nodes":[{"nodeID":"3246","text":"Aristotle was not a lover of justice","type":"I","timestamp":"2012-04-12 18:28:32"},{"nodeID":"3247","text":"A man who takes the trouble to draw up an apology for slavery cannot be a lover of justice. The age in which he lived has nothing to do with it.","type":"I","timestamp":"2012-04-12 18:28:32"},{"nodeID":"3248","text":"Aristotle's actions were against justice","type":"I","timestamp":"2012-04-12 18:28:32"},{"nodeID":"3249","text":"RA","type":"RA","timestamp":"2012-04-12 18:28:32"}],"edges":[{"edgeID":"3113","fromID":"3247","toID":"3249","formEdgeID":null},{"edgeID":"3114","fromID":"3248","toID":"3249","formEdgeID":null},{"edgeID":"3115","fromID":"3249","toID":"3246","formEdgeID":null}]}