{"nodes":[{"nodeID":"4358","text":"e per cio` ancora ti dico e priego che s'ella ti piace che tu la prenda e te medesimo ne sodisfaccia","type":"I","timestamp":"2012-04-12 18:32:14"},{"nodeID":"4359","text":"Piccol dono e` donare cento anni; quanto adunque e` minor donarne sei o otto che io a star ci abbia?","type":"I","timestamp":"2012-04-12 18:32:14"},{"nodeID":"4360","text":"io non so come io la mi possa meglio spendere","type":"I","timestamp":"2012-04-12 18:32:14"},{"nodeID":"4361","text":"A te la mia vita serve","type":"I","timestamp":"2012-04-12 18:32:14"},{"nodeID":"4362","text":"La vita non mi e` utile ora e quindi non mi e` gravoso donarla","type":"I","timestamp":"2012-04-12 18:32:14"},{"nodeID":"4363","text":"A me fa piacere donare la vita","type":"I","timestamp":"2012-04-12 18:32:14"},{"nodeID":"4364","text":"Io l'ho adoperata gia` ottanta anni e ne'miei diletti e nelle mie consolazioni usata; e so che seguendo il corso della natura come gli altri uomini fanno e generalmente tutte le cose ella mi puo` omai piccol tempo esser lasciata","type":"I","timestamp":"2012-04-12 18:32:14"},{"nodeID":"4365","text":"Se una cosa e` gia` stata completamente usata e poco ne rimane ancora da cui si puo` trarre poco diletto essa e` poco utile","type":"I","timestamp":"2012-04-12 18:32:14"},{"nodeID":"4366","text":"per che io giudico molto meglio esser quella donare","type":"I","timestamp":"2012-04-12 18:32:14"},{"nodeID":"4367","text":"che tanto volerla guardare che ella mi sia contro a mia voglia tolta dalla natura","type":"I","timestamp":"2012-04-12 18:32:14"},{"nodeID":"4368","text":"come io ho sempre i miei tesori donati e spesi","type":"I","timestamp":"2012-04-12 18:32:14"},{"nodeID":"4369","text":"Spendere e donare i denari e` analogo ad usare e donare la vita","type":"I","timestamp":"2012-04-12 18:32:14"},{"nodeID":"4370","text":"E se pure avvenisse che io ne dovessi alcun trovare conosco che quanto pi  la guardero` di minor pregio sara`;","type":"I","timestamp":"2012-04-12 18:32:15"},{"nodeID":"4371","text":"Donare la vita ha conseguenze migliori di continuare a vivere","type":"I","timestamp":"2012-04-12 18:32:15"},{"nodeID":"4372","text":"RA","type":"RA","timestamp":"2012-04-12 18:32:15"},{"nodeID":"4373","text":"RA","type":"RA","timestamp":"2012-04-12 18:32:15"},{"nodeID":"4374","text":"RA","type":"RA","timestamp":"2012-04-12 18:32:15"},{"nodeID":"4375","text":"RA","type":"RA","timestamp":"2012-04-12 18:32:16"},{"nodeID":"4376","text":"RA","type":"RA","timestamp":"2012-04-12 18:32:16"},{"nodeID":"4377","text":"RA","type":"RA","timestamp":"2012-04-12 18:32:16"}],"edges":[{"edgeID":"4099","fromID":"4359","toID":"4372","formEdgeID":null},{"edgeID":"4100","fromID":"4372","toID":"4362","formEdgeID":null},{"edgeID":"4101","fromID":"4360","toID":"4373","formEdgeID":null},{"edgeID":"4102","fromID":"4373","toID":"4363","formEdgeID":null},{"edgeID":"4103","fromID":"4361","toID":"4374","formEdgeID":null},{"edgeID":"4104","fromID":"4362","toID":"4374","formEdgeID":null},{"edgeID":"4105","fromID":"4363","toID":"4374","formEdgeID":null},{"edgeID":"4106","fromID":"4374","toID":"4358","formEdgeID":null},{"edgeID":"4107","fromID":"4364","toID":"4375","formEdgeID":null},{"edgeID":"4108","fromID":"4365","toID":"4375","formEdgeID":null},{"edgeID":"4109","fromID":"4375","toID":"4360","formEdgeID":null},{"edgeID":"4110","fromID":"4366","toID":"4376","formEdgeID":null},{"edgeID":"4111","fromID":"4367","toID":"4376","formEdgeID":null},{"edgeID":"4112","fromID":"4368","toID":"4376","formEdgeID":null},{"edgeID":"4113","fromID":"4369","toID":"4376","formEdgeID":null},{"edgeID":"4114","fromID":"4376","toID":"4363","formEdgeID":null},{"edgeID":"4115","fromID":"4370","toID":"4377","formEdgeID":null},{"edgeID":"4116","fromID":"4371","toID":"4377","formEdgeID":null},{"edgeID":"4117","fromID":"4377","toID":"4363","formEdgeID":null}]}