{"nodes":[{"nodeID":"3791","text":"She called for far-reaching reform across the Arab world not only in education but also to address growing deficits in freedom and women s empowerment.","type":"I","timestamp":"2012-04-12 18:30:21"},{"nodeID":"3792","text":"Societies will not prosper if minds are stifled by flawed knowledge systems","type":"I","timestamp":"2012-04-12 18:30:21"},{"nodeID":"3793","text":"Khalaf who has directed the UN s Arab Human Development Reports (AHDR) emphasised that reform needs to go well beyond the economic realm.","type":"I","timestamp":"2012-04-12 18:30:21"},{"nodeID":"3794","text":"We should change the situation of flawed knowledge system","type":"I","timestamp":"2012-04-12 18:30:21"},{"nodeID":"3795","text":"The best means to do that is to reform the education the freedoms and teh women's conditions","type":"I","timestamp":"2012-04-12 18:30:21"},{"nodeID":"3796","text":"RA","type":"RA","timestamp":"2012-04-12 18:30:21"},{"nodeID":"3797","text":"RA","type":"RA","timestamp":"2012-04-12 18:30:21","scheme":"ExpertOpinion"},{"nodeID":"3798","text":"RA","type":"RA","timestamp":"2012-04-12 18:30:21","scheme":"PracticalReasoning"}],"edges":[{"edgeID":"3585","fromID":"3792","toID":"3796","formEdgeID":null},{"edgeID":"3586","fromID":"3796","toID":"3794","formEdgeID":null},{"edgeID":"3587","fromID":"3793","toID":"3797","formEdgeID":null},{"edgeID":"3588","fromID":"3797","toID":"3791","formEdgeID":null},{"edgeID":"3589","fromID":"3794","toID":"3798","formEdgeID":null},{"edgeID":"3590","fromID":"3795","toID":"3798","formEdgeID":null},{"edgeID":"3591","fromID":"3798","toID":"3791","formEdgeID":null}]}