{"nodes":[{"nodeID":"465","text":"many hostages died because they were not given basic medical care immediately after their rescue.","type":"I","timestamp":"2012-04-12 18:19:01"},{"nodeID":"466","text":"Many of the hostages did not receive basic medical care after their rescue.","type":"I","timestamp":"2012-04-12 18:19:02"},{"nodeID":"467","text":"Many hostages died after being exposed to gas and rescued.","type":"I","timestamp":"2012-04-12 18:19:02"},{"nodeID":"468","text":"If many hostages died after their rescue and exposure to gas and if they did not receive basic medical care immediately after their rescue and exposure they died because of the absence of immediate medical care.","type":"I","timestamp":"2012-04-12 18:19:02"},{"nodeID":"469","text":"When doctors finally did see the hostages in ambulances or hospitals medical personnel were unable to prescribe appropriate treatment as officials had not informed them of the substance that was used.","type":"I","timestamp":"2012-04-12 18:19:02"},{"nodeID":"470","text":"Hostages not being treated immediately after release and not getting appropriate treatment later on constitutes their not receiving basic medical care.","type":"I","timestamp":"2012-04-12 18:19:02"},{"nodeID":"471","text":"Hostages did not receive medical care immediately after their rescue.","type":"I","timestamp":"2012-04-12 18:19:02"},{"nodeID":"472","text":"Television images showed special forces placing on bare concrete unconscious hostages who were then left utterly unattended. Footage indicated that no doctors were available outside the theater at that time.","type":"I","timestamp":"2012-04-12 18:19:02"},{"nodeID":"473","text":"doctors from several humanitarian organizations who were in the theater's immediate vicinity sought access to the released hostages but were denied by security officials.","type":"I","timestamp":"2012-04-12 18:19:02"},{"nodeID":"474","text":"If footage indicates there were no available doctors outside the theatre and there is evidence that the authorities were not allowing doctors to approach the hostages at the time the hostages probably did not receive immediate medical attention.","type":"I","timestamp":"2012-04-12 18:19:02"},{"nodeID":"475","text":"RA","type":"RA","timestamp":"2012-04-12 18:19:02"},{"nodeID":"476","text":"RA","type":"RA","timestamp":"2012-04-12 18:19:02"},{"nodeID":"477","text":"RA","type":"RA","timestamp":"2012-04-12 18:19:03"}],"edges":[{"edgeID":"431","fromID":"466","toID":"475","formEdgeID":null},{"edgeID":"432","fromID":"467","toID":"475","formEdgeID":null},{"edgeID":"433","fromID":"468","toID":"475","formEdgeID":null},{"edgeID":"434","fromID":"475","toID":"465","formEdgeID":null},{"edgeID":"435","fromID":"469","toID":"476","formEdgeID":null},{"edgeID":"436","fromID":"470","toID":"476","formEdgeID":null},{"edgeID":"437","fromID":"471","toID":"476","formEdgeID":null},{"edgeID":"438","fromID":"476","toID":"466","formEdgeID":null},{"edgeID":"439","fromID":"472","toID":"477","formEdgeID":null},{"edgeID":"440","fromID":"473","toID":"477","formEdgeID":null},{"edgeID":"441","fromID":"474","toID":"477","formEdgeID":null},{"edgeID":"442","fromID":"477","toID":"471","formEdgeID":null}]}