{"nodes":[{"nodeID":"4165","text":"Kerry is inconsistent","type":"I","timestamp":"2012-04-12 18:31:36"},{"nodeID":"4170","text":"Kerry's argument should not be accepted","type":"I","timestamp":"2012-04-12 18:31:37"},{"nodeID":"4171","text":"I don't think we want to get to how he's going to pay for all these promises","type":"I","timestamp":"2012-04-12 18:31:37"},{"nodeID":"4172","text":"Kerry is committed to have the means to pay for all his promises","type":"I","timestamp":"2012-04-12 18:31:37"},{"nodeID":"4173","text":"It's like a huge tax gap","type":"I","timestamp":"2012-04-12 18:31:37"},{"nodeID":"4174","text":"Kerry knows that he cannot keep his promieses","type":"I","timestamp":"2012-04-12 18:31:37"},{"nodeID":"4175","text":"RA","type":"RA","timestamp":"2012-04-12 18:31:37"}],"edges":[{"edgeID":"3928","fromID":"4171","toID":"4175","formEdgeID":null},{"edgeID":"3929","fromID":"4172","toID":"4175","formEdgeID":null},{"edgeID":"3930","fromID":"4173","toID":"4175","formEdgeID":null},{"edgeID":"3931","fromID":"4174","toID":"4175","formEdgeID":null},{"edgeID":"3932","fromID":"4165","toID":"4175","formEdgeID":null},{"edgeID":"3933","fromID":"4175","toID":"4170","formEdgeID":null}]}