{"nodes":[{"nodeID":"3942","text":"Jack is an experienced teacher","type":"I","timestamp":"2012-04-12 18:30:50"},{"nodeID":"3943","text":"he spends hardly any time on lesson preparation","type":"I","timestamp":"2012-04-12 18:30:50"},{"nodeID":"3944","text":"Little time spent on lesson preparation is characteristic of experienced teachers","type":"I","timestamp":"2012-04-12 18:30:50"},{"nodeID":"3945","text":"RA","type":"RA","timestamp":"2012-04-12 18:30:50"}],"edges":[{"edgeID":"3721","fromID":"3943","toID":"3945","formEdgeID":null},{"edgeID":"3722","fromID":"3944","toID":"3945","formEdgeID":null},{"edgeID":"3723","fromID":"3945","toID":"3942","formEdgeID":null}]}