{"nodes":[{"nodeID":"3118","text":"Helping construct a stable democracy will be easier than we think","type":"I","timestamp":"2012-04-12 18:28:07"},{"nodeID":"3119","text":"They can incite men to murder and suicide but they cannot inspire men to live and hope and add to the progress of their country.","type":"I","timestamp":"2012-04-12 18:28:07"},{"nodeID":"3120","text":"Our enemies in Iraq are good at filling hospitals but they do not build any.","type":"I","timestamp":"2012-04-12 18:28:07"},{"nodeID":"3121","text":"Helping construct a stable democracy after decades of dictatorship is a massive undertaking.","type":"I","timestamp":"2012-04-12 18:28:07"},{"nodeID":"3122","text":"Iraqui people support us","type":"I","timestamp":"2012-04-12 18:28:07"},{"nodeID":"3123","text":"If people support Americans the undertaking will be easier","type":"I","timestamp":"2012-04-12 18:28:07"},{"nodeID":"3124","text":"The terrorists' only influence is violence and their only agenda is death.","type":"I","timestamp":"2012-04-12 18:28:07"},{"nodeID":"3125","text":"Our agenda in contrast is freedom and independence security and prosperity for the Iraqi people","type":"I","timestamp":"2012-04-12 18:28:07"},{"nodeID":"3126","text":"Whenever people are given a choice in the matter they prefer lives of freedom to lives of fear.","type":"I","timestamp":"2012-04-12 18:28:07"},{"nodeID":"3127","text":"RA","type":"RA","timestamp":"2012-04-12 18:28:07","scheme":"Example"},{"nodeID":"3128","text":"RA","type":"RA","timestamp":"2012-04-12 18:28:08","scheme":"Example"},{"nodeID":"3129","text":"RA","type":"RA","timestamp":"2012-04-12 18:28:08","scheme":"CauseToEffect"},{"nodeID":"3130","text":"RA","type":"RA","timestamp":"2012-04-12 18:28:08"}],"edges":[{"edgeID":"2995","fromID":"3119","toID":"3127","formEdgeID":null},{"edgeID":"2996","fromID":"3127","toID":"3124","formEdgeID":null},{"edgeID":"2997","fromID":"3120","toID":"3128","formEdgeID":null},{"edgeID":"2998","fromID":"3128","toID":"3124","formEdgeID":null},{"edgeID":"2999","fromID":"3121","toID":"3129","formEdgeID":null},{"edgeID":"3000","fromID":"3122","toID":"3129","formEdgeID":null},{"edgeID":"3001","fromID":"3123","toID":"3129","formEdgeID":null},{"edgeID":"3002","fromID":"3129","toID":"3118","formEdgeID":null},{"edgeID":"3003","fromID":"3124","toID":"3130","formEdgeID":null},{"edgeID":"3004","fromID":"3125","toID":"3130","formEdgeID":null},{"edgeID":"3005","fromID":"3126","toID":"3130","formEdgeID":null},{"edgeID":"3006","fromID":"3130","toID":"3122","formEdgeID":null}]}