{"nodes":[{"nodeID":"2583","text":"Therefore the God of the Bible does not exist","type":"I","timestamp":"2012-04-12 18:26:22"},{"nodeID":"4999","text":"the first premise is false","type":"I","timestamp":"2012-04-12 18:34:23"},{"nodeID":"5000","text":"Nowhere does the New Testament teach that justifying faith is arbitrarily bestowed by God.","type":"I","timestamp":"2012-04-12 18:34:23"},{"nodeID":"5001","text":"Jesus said  Whosoever will may come  (John 7.37).","type":"I","timestamp":"2012-04-12 18:34:23"},{"nodeID":"5002","text":"The Bible teaches that God gives justifying faith to those He arbitrarily chooses and excludes others.","type":"I","timestamp":"2012-04-12 18:34:23"},{"nodeID":"5003","text":"It is unfair to do this.","type":"I","timestamp":"2012-04-12 18:34:23"},{"nodeID":"5004","text":"God therefore excludes no one","type":"I","timestamp":"2012-04-12 18:34:23"},{"nodeID":"5005","text":"If it is true that God excludes not one it is false that he excludes somebody","type":"I","timestamp":"2012-04-12 18:34:23"},{"nodeID":"5006","text":"justification by faith is the wonderful doctrine that God's forgiveness and salvation is a free gift that you can't do anything to merit","type":"I","timestamp":"2012-04-12 18:34:23"},{"nodeID":"5007","text":"This is a wonderful doctrine because it gets us off the treadmill of trying to earn favor with God and trying to merit salvation.","type":"I","timestamp":"2012-04-12 18:34:23"},{"nodeID":"5008","text":"All we have to do is freely place our trust in Him.","type":"I","timestamp":"2012-04-12 18:34:23"},{"nodeID":"5009","text":"CA","type":"CA","timestamp":"2012-04-12 18:34:23"},{"nodeID":"5010","text":"RA","type":"RA","timestamp":"2012-04-12 18:34:23","scheme":"Ignorance"},{"nodeID":"5011","text":"RA","type":"RA","timestamp":"2012-04-12 18:34:24","scheme":"Commitment"},{"nodeID":"5012","text":"RA","type":"RA","timestamp":"2012-04-12 18:34:24"},{"nodeID":"5013","text":"RA","type":"RA","timestamp":"2012-04-12 18:34:24"},{"nodeID":"5014","text":"RA","type":"RA","timestamp":"2012-04-12 18:34:25","scheme":"CauseToEffect"}],"edges":[{"edgeID":"4691","fromID":"4999","toID":"5009","formEdgeID":null},{"edgeID":"4692","fromID":"5009","toID":"5002","formEdgeID":null},{"edgeID":"4693","fromID":"5000","toID":"5010","formEdgeID":null},{"edgeID":"4694","fromID":"5010","toID":"4999","formEdgeID":null},{"edgeID":"4695","fromID":"5001","toID":"5011","formEdgeID":null},{"edgeID":"4696","fromID":"5011","toID":"5004","formEdgeID":null},{"edgeID":"4697","fromID":"5002","toID":"5012","formEdgeID":null},{"edgeID":"4698","fromID":"5003","toID":"5012","formEdgeID":null},{"edgeID":"4699","fromID":"5012","toID":"2583","formEdgeID":null},{"edgeID":"4700","fromID":"5004","toID":"5013","formEdgeID":null},{"edgeID":"4701","fromID":"5005","toID":"5013","formEdgeID":null},{"edgeID":"4702","fromID":"5013","toID":"4999","formEdgeID":null},{"edgeID":"4703","fromID":"5006","toID":"5014","formEdgeID":null},{"edgeID":"4704","fromID":"5007","toID":"5014","formEdgeID":null},{"edgeID":"4705","fromID":"5008","toID":"5014","formEdgeID":null},{"edgeID":"4706","fromID":"5014","toID":"5004","formEdgeID":null}]}