{"nodes":[{"nodeID":"2288","text":"it is clearly unfair for the university to attempt to censor the present art exhibit.","type":"I","timestamp":"2012-04-12 18:25:21"},{"nodeID":"2289","text":"it is against university policy to censor campus lectures","type":"I","timestamp":"2012-04-12 18:25:21"},{"nodeID":"2290","text":"The University is committed to the right of free expression","type":"I","timestamp":"2012-04-12 18:25:21"},{"nodeID":"2291","text":"The University is attempting to censor the present exhibit","type":"I","timestamp":"2012-04-12 18:25:21"},{"nodeID":"2292","text":"RA","type":"RA","timestamp":"2012-04-12 18:25:21","scheme":"InconsistentCommitment"}],"edges":[{"edgeID":"2218","fromID":"2289","toID":"2292","formEdgeID":null},{"edgeID":"2219","fromID":"2290","toID":"2292","formEdgeID":null},{"edgeID":"2220","fromID":"2291","toID":"2292","formEdgeID":null},{"edgeID":"2221","fromID":"2292","toID":"2288","formEdgeID":null}]}