{"nodes":[{"nodeID":"2835","text":"I politici se vogliono essere coerenti con cio` che dicono hanno la responsabilita` di mettere fine ai monopoli televisivi","type":"I","timestamp":"2012-04-12 18:27:12"},{"nodeID":"2836","text":"Non si dicono tutti a parole gran riformisti e liberali?","type":"I","timestamp":"2012-04-12 18:27:12"},{"nodeID":"2837","text":"Ebbene se c'e` una grande riforma liberale di cui l'Italia ha urgenza e` la fine dei monopoli televisivi com'e` avvenuto gia` in tutta Europa grazie a governi di destra di centro e di sinistra","type":"I","timestamp":"2012-04-12 18:27:12"},{"nodeID":"2838","text":"Non hanno tutti a cuore il ritorno al  primato della politica ?","type":"I","timestamp":"2012-04-12 18:27:12"},{"nodeID":"2839","text":"La riforma dovrebbe essere approvata per poter riportare il  primato della politica","type":"I","timestamp":"2012-04-12 18:27:12"},{"nodeID":"2840","text":"E` stato lo strapotere mediatico di uno solo a minacciare prima dunque asservire e infine sostituirsi alla politica.","type":"I","timestamp":"2012-04-12 18:27:12"},{"nodeID":"2841","text":"La riforma porrebbe fine allo strapotere mediatico","type":"I","timestamp":"2012-04-12 18:27:12"},{"nodeID":"2842","text":"RA","type":"RA","timestamp":"2012-04-12 18:27:12"},{"nodeID":"2843","text":"RA","type":"RA","timestamp":"2012-04-12 18:27:13"},{"nodeID":"2844","text":"RA","type":"RA","timestamp":"2012-04-12 18:27:13"}],"edges":[{"edgeID":"2726","fromID":"2836","toID":"2842","formEdgeID":null},{"edgeID":"2727","fromID":"2837","toID":"2842","formEdgeID":null},{"edgeID":"2728","fromID":"2842","toID":"2835","formEdgeID":null},{"edgeID":"2729","fromID":"2838","toID":"2843","formEdgeID":null},{"edgeID":"2730","fromID":"2839","toID":"2843","formEdgeID":null},{"edgeID":"2731","fromID":"2843","toID":"2835","formEdgeID":null},{"edgeID":"2732","fromID":"2840","toID":"2844","formEdgeID":null},{"edgeID":"2733","fromID":"2841","toID":"2844","formEdgeID":null},{"edgeID":"2734","fromID":"2844","toID":"2839","formEdgeID":null}]}