{"nodes":[{"nodeID":"655","text":"many Japanese complain against the new more liberal curriculum and deplore the decline in basic standards that they say is undermining Japan's ability to compete in the world.","type":"I","timestamp":"2012-04-12 18:19:37"},{"nodeID":"657","text":"These are qualities that the old system often suppressed.","type":"I","timestamp":"2012-04-12 18:19:37"},{"nodeID":"661","text":"Japan is no longer essentially a manufacturing economy. Its future is going to depend on value-added products and entrepreneurial flair.","type":"I","timestamp":"2012-04-12 18:19:38"},{"nodeID":"1915","text":"The complaint derives from ignorance about the economic situation of Japan","type":"I","timestamp":"2012-04-12 18:23:54"},{"nodeID":"1916","text":"The new curriculum because of the economic changes is positive for the economy of Japan","type":"I","timestamp":"2012-04-12 18:23:54"},{"nodeID":"1917","text":"If a person knows the economic change in Japan he knows that the reform is positive for the economy","type":"I","timestamp":"2012-04-12 18:23:54"},{"nodeID":"1918","text":"The new curriculum neglects the basic standards","type":"I","timestamp":"2012-04-12 18:23:54"},{"nodeID":"1919","text":"High standards are negative under the economic point of view","type":"I","timestamp":"2012-04-12 18:23:54"},{"nodeID":"1920","text":"The cause of the suppression of imagination is too high standards","type":"I","timestamp":"2012-04-12 18:23:54"},{"nodeID":"1921","text":"Imagination is considered positive under the economic point of view","type":"I","timestamp":"2012-04-12 18:23:54"},{"nodeID":"1922","text":"This requires individuality and imagination","type":"I","timestamp":"2012-04-12 18:23:54"},{"nodeID":"1923","text":"The goal of Japan is improve its economy","type":"I","timestamp":"2012-04-12 18:23:54"},{"nodeID":"1924","text":"RA","type":"RA","timestamp":"2012-04-12 18:23:54","scheme":"CauseToEffect"},{"nodeID":"1925","text":"RA","type":"RA","timestamp":"2012-04-12 18:23:55"},{"nodeID":"1926","text":"RA","type":"RA","timestamp":"2012-04-12 18:23:55","scheme":"CorrelationToCause"},{"nodeID":"1927","text":"RA","type":"RA","timestamp":"2012-04-12 18:23:55"},{"nodeID":"1928","text":"RA","type":"RA","timestamp":"2012-04-12 18:23:55"},{"nodeID":"1929","text":"RA","type":"RA","timestamp":"2012-04-12 18:23:56"}],"edges":[{"edgeID":"1806","fromID":"1916","toID":"1924","formEdgeID":null},{"edgeID":"1807","fromID":"1924","toID":"1917","formEdgeID":null},{"edgeID":"1808","fromID":"657","toID":"1925","formEdgeID":null},{"edgeID":"1809","fromID":"1925","toID":"1920","formEdgeID":null},{"edgeID":"1810","fromID":"655","toID":"1926","formEdgeID":null},{"edgeID":"1811","fromID":"1917","toID":"1926","formEdgeID":null},{"edgeID":"1812","fromID":"1926","toID":"1915","formEdgeID":null},{"edgeID":"1813","fromID":"1918","toID":"1927","formEdgeID":null},{"edgeID":"1814","fromID":"1919","toID":"1927","formEdgeID":null},{"edgeID":"1815","fromID":"1927","toID":"1916","formEdgeID":null},{"edgeID":"1816","fromID":"1920","toID":"1928","formEdgeID":null},{"edgeID":"1817","fromID":"1921","toID":"1928","formEdgeID":null},{"edgeID":"1818","fromID":"1928","toID":"1919","formEdgeID":null},{"edgeID":"1819","fromID":"661","toID":"1929","formEdgeID":null},{"edgeID":"1820","fromID":"1922","toID":"1929","formEdgeID":null},{"edgeID":"1821","fromID":"1923","toID":"1929","formEdgeID":null},{"edgeID":"1822","fromID":"1929","toID":"1921","formEdgeID":null}]}