{"nodes":[{"nodeID":"4638","text":"No doubt I'm not an impartial judge in this case but it doesn't seem fair.","type":"I","timestamp":"2012-04-12 18:33:09"},{"nodeID":"4639","text":"Hitler was responsible for the horrifying deaths of millions of Jews not to mention gypsies Slavs and homosexuals.","type":"I","timestamp":"2012-04-12 18:33:09"},{"nodeID":"4640","text":"Let's concede for the sake of argument that we are all in some sense sinners","type":"I","timestamp":"2012-04-12 18:33:09"},{"nodeID":"4641","text":"Which of us looking into his heart can honestly say that he has never done anything seriously wrong at least once in his life?","type":"I","timestamp":"2012-04-12 18:33:10"},{"nodeID":"4642","text":"I haven't killed anyone or tortured anyone or been responsible for anyone's torture or death.","type":"I","timestamp":"2012-04-12 18:33:10"},{"nodeID":"4643","text":"Philosophy teaches that the punishment should be proportionate to the crime.","type":"I","timestamp":"2012-04-12 18:33:10"},{"nodeID":"4644","text":"Yet if the doctrine of hell is correct I shall be keeping Hitler company in Hell.","type":"I","timestamp":"2012-04-12 18:33:10"},{"nodeID":"4645","text":"But the doctrine of Hell requires that most of us sinners will suffer eternal torment.","type":"I","timestamp":"2012-04-12 18:33:10"},{"nodeID":"4646","text":"In some cases that may be just.","type":"I","timestamp":"2012-04-12 18:33:10"},{"nodeID":"4647","text":"I am in the sense I have specified a sinner.  But in all candor I must say that to me my sins seem pretty minor compared to those of Hitler","type":"I","timestamp":"2012-04-12 18:33:10"},{"nodeID":"4648","text":"RA","type":"RA","timestamp":"2012-04-12 18:33:10","scheme":"Example"},{"nodeID":"4649","text":"RA","type":"RA","timestamp":"2012-04-12 18:33:10","scheme":"VerbalClassification"},{"nodeID":"4650","text":"RA","type":"RA","timestamp":"2012-04-12 18:33:10"},{"nodeID":"4651","text":"RA","type":"RA","timestamp":"2012-04-12 18:33:11","scheme":"Analogy"},{"nodeID":"4652","text":"RA","type":"RA","timestamp":"2012-04-12 18:33:11","scheme":"VerbalClassification"},{"nodeID":"4653","text":"RA","type":"RA","timestamp":"2012-04-12 18:33:11","scheme":"EstablishedRule"}],"edges":[{"edgeID":"4360","fromID":"4639","toID":"4648","formEdgeID":null},{"edgeID":"4361","fromID":"4648","toID":"4646","formEdgeID":null},{"edgeID":"4362","fromID":"4640","toID":"4649","formEdgeID":null},{"edgeID":"4363","fromID":"4649","toID":"4647","formEdgeID":null},{"edgeID":"4364","fromID":"4641","toID":"4650","formEdgeID":null},{"edgeID":"4365","fromID":"4650","toID":"4640","formEdgeID":null},{"edgeID":"4366","fromID":"4642","toID":"4651","formEdgeID":null},{"edgeID":"4367","fromID":"4651","toID":"4647","formEdgeID":null},{"edgeID":"4368","fromID":"4643","toID":"4652","formEdgeID":null},{"edgeID":"4369","fromID":"4644","toID":"4652","formEdgeID":null},{"edgeID":"4370","fromID":"4652","toID":"4638","formEdgeID":null},{"edgeID":"4371","fromID":"4645","toID":"4653","formEdgeID":null},{"edgeID":"4372","fromID":"4646","toID":"4653","formEdgeID":null},{"edgeID":"4373","fromID":"4647","toID":"4653","formEdgeID":null},{"edgeID":"4374","fromID":"4653","toID":"4644","formEdgeID":null}]}