{"nodes":[{"nodeID":"300","text":"A Council visibly moving toward authorizing force is the last remote hope of getting Iraq to disarm peacefully","type":"I","timestamp":"2012-04-12 18:18:30"},{"nodeID":"301","text":"Threat is a peaceful means","type":"I","timestamp":"2012-04-12 18:18:30"},{"nodeID":"302","text":"The only pacific means for Iraq to be disarmed are either Iraq's obedience to the orders or threat","type":"I","timestamp":"2012-04-12 18:18:30"},{"nodeID":"303","text":"That suggests he does not plan to carry out Mr. Blix's order to destroy missiles that exceed performance limits set by the U.N","type":"I","timestamp":"2012-04-12 18:18:30"},{"nodeID":"304","text":"Saddam's missiles exceed performance limits","type":"I","timestamp":"2012-04-12 18:18:30"},{"nodeID":"305","text":"Saddam Hussein reinforced that point himself yesterday by telling Dan Rather of CBS News that Iraqi missiles do not violate U.N. restrictions","type":"I","timestamp":"2012-04-12 18:18:30"},{"nodeID":"306","text":"If a person does not plan to carry out the orders he does not start doing what the orders command","type":"I","timestamp":"2012-04-12 18:18:30"},{"nodeID":"307","text":"RA","type":"RA","timestamp":"2012-04-12 18:18:30","scheme":"PracticalReasoning"},{"nodeID":"308","text":"RA","type":"RA","timestamp":"2012-04-12 18:18:31","scheme":"Sign"}],"edges":[{"edgeID":"288","fromID":"301","toID":"307","formEdgeID":null},{"edgeID":"289","fromID":"302","toID":"307","formEdgeID":null},{"edgeID":"290","fromID":"303","toID":"307","formEdgeID":null},{"edgeID":"291","fromID":"307","toID":"300","formEdgeID":null},{"edgeID":"292","fromID":"304","toID":"308","formEdgeID":null},{"edgeID":"293","fromID":"305","toID":"308","formEdgeID":null},{"edgeID":"294","fromID":"306","toID":"308","formEdgeID":null},{"edgeID":"295","fromID":"308","toID":"303","formEdgeID":null}]}