{"nodes":[{"nodeID":"4176","text":"Antonio Cassano non dovrebbe essere criticato","type":"I","timestamp":"2012-04-12 18:31:38"},{"nodeID":"4177","text":"I giocatori devono dare il massimo quando giocano altrimenti sono criticati","type":"I","timestamp":"2012-04-12 18:31:38"},{"nodeID":"4178","text":"Antonio ha giocato bene ma veniva da tre giorni di febbre","type":"I","timestamp":"2012-04-12 18:31:38"},{"nodeID":"4179","text":"Se un giocatore e` in convalescenza o debole e` difficile che possa giocar bene","type":"I","timestamp":"2012-04-12 18:31:38"},{"nodeID":"4180","text":"RA","type":"RA","timestamp":"2012-04-12 18:31:39"}],"edges":[{"edgeID":"3934","fromID":"4177","toID":"4180","formEdgeID":null},{"edgeID":"3935","fromID":"4178","toID":"4180","formEdgeID":null},{"edgeID":"3936","fromID":"4179","toID":"4180","formEdgeID":null},{"edgeID":"3937","fromID":"4180","toID":"4176","formEdgeID":null}]}