{"nodes":[{"nodeID":"551","text":"India will certainly not allow it to be achieved in this fashion.","type":"I","timestamp":"2012-04-12 18:19:17"},{"nodeID":"1766","text":"Pakistan is mistaken.","type":"I","timestamp":"2012-04-12 18:23:21"},{"nodeID":"1767","text":"the low intensity war or terrorism cannot achieve it","type":"I","timestamp":"2012-04-12 18:23:21"},{"nodeID":"1768","text":"Pakistan thinks that it would be able to achieve its objectives by perpetrating terrorism in India in this manner","type":"I","timestamp":"2012-04-12 18:23:21"},{"nodeID":"1769","text":"no war can achieve this","type":"I","timestamp":"2012-04-12 18:23:21"},{"nodeID":"1770","text":"War is analogous to terrorism","type":"I","timestamp":"2012-04-12 18:23:21"},{"nodeID":"1771","text":"The effects are proportional to the intensity of their cause","type":"I","timestamp":"2012-04-12 18:23:21"},{"nodeID":"1772","text":"RA","type":"RA","timestamp":"2012-04-12 18:23:22","scheme":"CauseToEffect"},{"nodeID":"1773","text":"RA","type":"RA","timestamp":"2012-04-12 18:23:22"},{"nodeID":"1774","text":"RA","type":"RA","timestamp":"2012-04-12 18:23:22","scheme":"Analogy"}],"edges":[{"edgeID":"1654","fromID":"551","toID":"1772","formEdgeID":null},{"edgeID":"1655","fromID":"1772","toID":"1767","formEdgeID":null},{"edgeID":"1656","fromID":"1767","toID":"1773","formEdgeID":null},{"edgeID":"1657","fromID":"1768","toID":"1773","formEdgeID":null},{"edgeID":"1658","fromID":"1773","toID":"1766","formEdgeID":null},{"edgeID":"1659","fromID":"1769","toID":"1774","formEdgeID":null},{"edgeID":"1660","fromID":"1770","toID":"1774","formEdgeID":null},{"edgeID":"1661","fromID":"1771","toID":"1774","formEdgeID":null},{"edgeID":"1662","fromID":"1774","toID":"1767","formEdgeID":null}]}