{"nodes":[{"nodeID":"3878","text":"The apparent current policy of waiting and seeing must change. Tony Blair and George Bush and the rest of the allied countries must inject massive resources and personnel immediately to deal with this.","type":"I","timestamp":"2012-04-12 18:30:37"},{"nodeID":"3879","text":"Secure the borders round up the criminals curfews road blocks and checkpoints and properly train and equip the new Iraqi army and police force.","type":"I","timestamp":"2012-04-12 18:30:37"},{"nodeID":"3880","text":"The best means to do that is to inject massive resources","type":"I","timestamp":"2012-04-12 18:30:37"},{"nodeID":"3881","text":"In Iraq there is the chaos","type":"I","timestamp":"2012-04-12 18:30:38"},{"nodeID":"3882","text":"The best means to deal with the terrible situation in Iraq is to focus on the overall picture by solving the most serious problems","type":"I","timestamp":"2012-04-12 18:30:38"},{"nodeID":"3883","text":"Americans' goal should be to put an end to it","type":"I","timestamp":"2012-04-12 18:30:38"},{"nodeID":"3884","text":"The borders are wide open to infiltrators","type":"I","timestamp":"2012-04-12 18:30:38"},{"nodeID":"3885","text":"the country is awash with weapons of all types","type":"I","timestamp":"2012-04-12 18:30:38"},{"nodeID":"3886","text":"the streets are swarming with criminals and ex-Saddam loyalists","type":"I","timestamp":"2012-04-12 18:30:38"},{"nodeID":"3887","text":"I put the blame completely on the US and British troops for not having a proper plan for the  morning after  the invasion and the chaos that ensued.","type":"I","timestamp":"2012-04-12 18:30:38"},{"nodeID":"3888","text":"Who creates the mess he should care about it","type":"I","timestamp":"2012-04-12 18:30:38"},{"nodeID":"3889","text":"RA","type":"RA","timestamp":"2012-04-12 18:30:38","scheme":"PracticalReasoning"},{"nodeID":"3890","text":"RA","type":"RA","timestamp":"2012-04-12 18:30:38","scheme":"PracticalReasoning"},{"nodeID":"3891","text":"RA","type":"RA","timestamp":"2012-04-12 18:30:39","scheme":"Example"},{"nodeID":"3892","text":"RA","type":"RA","timestamp":"2012-04-12 18:30:39","scheme":"CauseToEffect"}],"edges":[{"edgeID":"3662","fromID":"3879","toID":"3889","formEdgeID":null},{"edgeID":"3663","fromID":"3880","toID":"3889","formEdgeID":null},{"edgeID":"3664","fromID":"3889","toID":"3878","formEdgeID":null},{"edgeID":"3665","fromID":"3881","toID":"3890","formEdgeID":null},{"edgeID":"3666","fromID":"3882","toID":"3890","formEdgeID":null},{"edgeID":"3667","fromID":"3883","toID":"3890","formEdgeID":null},{"edgeID":"3668","fromID":"3890","toID":"3879","formEdgeID":null},{"edgeID":"3669","fromID":"3884","toID":"3891","formEdgeID":null},{"edgeID":"3670","fromID":"3885","toID":"3891","formEdgeID":null},{"edgeID":"3671","fromID":"3886","toID":"3891","formEdgeID":null},{"edgeID":"3672","fromID":"3891","toID":"3881","formEdgeID":null},{"edgeID":"3673","fromID":"3887","toID":"3892","formEdgeID":null},{"edgeID":"3674","fromID":"3888","toID":"3892","formEdgeID":null},{"edgeID":"3675","fromID":"3892","toID":"3883","formEdgeID":null}]}