{"nodes":[{"nodeID":"3664","text":"Mr Howard's claim against the Democrats should not be believed since he is as bad as they are","type":"I","timestamp":"2012-04-12 18:29:54"},{"nodeID":"3665","text":"Liberal Democrat chairman Matthew Taylor said Mr Howard knew all about broken promises from his time in government.","type":"I","timestamp":"2012-04-12 18:29:54"},{"nodeID":"3666","text":"Mr Howard is accusing democrats of beaking promises","type":"I","timestamp":"2012-04-12 18:29:54"},{"nodeID":"3667","text":"RA","type":"RA","timestamp":"2012-04-12 18:29:54"}],"edges":[{"edgeID":"3469","fromID":"3665","toID":"3667","formEdgeID":null},{"edgeID":"3470","fromID":"3666","toID":"3667","formEdgeID":null},{"edgeID":"3471","fromID":"3667","toID":"3664","formEdgeID":null}]}