{"nodes":[{"nodeID":"3421","text":"Nazi torturers could not stop torturing their victims","type":"I","timestamp":"2012-04-12 18:29:04"},{"nodeID":"3422","text":"Nazi torturers inflicted the first pain","type":"I","timestamp":"2012-04-12 18:29:04"},{"nodeID":"3423","text":"the first pain inflicted on a man makes the perpetrator a sadist unless torture is continued up to the point when the victim talks.","type":"I","timestamp":"2012-04-12 18:29:04"},{"nodeID":"3424","text":"RA","type":"RA","timestamp":"2012-04-12 18:29:04"}],"edges":[{"edgeID":"3251","fromID":"3422","toID":"3424","formEdgeID":null},{"edgeID":"3252","fromID":"3423","toID":"3424","formEdgeID":null},{"edgeID":"3253","fromID":"3424","toID":"3421","formEdgeID":null}]}