{"nodes":[{"nodeID":"4811","text":"Bush deve essere rieletto","type":"I","timestamp":"2012-04-12 18:33:44"},{"nodeID":"4812","text":"Il terrorismo in Iraq vuole impedire la rielezione di Bush;","type":"I","timestamp":"2012-04-12 18:33:44"},{"nodeID":"4813","text":"se riuscisse nel suo intento la sua minaccia si farebbe di conseguenza ancora piu` forte","type":"I","timestamp":"2012-04-12 18:33:44"},{"nodeID":"4814","text":"L`accrescimento della minaccia terroristica non e` accettabile","type":"I","timestamp":"2012-04-12 18:33:44"},{"nodeID":"4815","text":"RA","type":"RA","timestamp":"2012-04-12 18:33:44"},{"nodeID":"4816","text":"RA","type":"RA","timestamp":"2012-04-12 18:33:44"}],"edges":[{"edgeID":"4515","fromID":"4812","toID":"4815","formEdgeID":null},{"edgeID":"4516","fromID":"4815","toID":"4813","formEdgeID":null},{"edgeID":"4517","fromID":"4813","toID":"4816","formEdgeID":null},{"edgeID":"4518","fromID":"4814","toID":"4816","formEdgeID":null},{"edgeID":"4519","fromID":"4816","toID":"4811","formEdgeID":null}]}