{"nodes":[{"nodeID":"1177","text":"district courts have jurisdiction to  review such inaction.","type":"I","timestamp":"2012-04-12 18:21:16"},{"nodeID":"1178","text":"ATF's failure to  act constitutes a  denial  within the meaning of 925(c)","type":"I","timestamp":"2012-04-12 18:21:16"},{"nodeID":"1179","text":"In cases where the ATF's action constitutes a  denial  within the meaning of 925 the courts have jurisdiction to review such inaction.","type":"I","timestamp":"2012-04-12 18:21:16"},{"nodeID":"1180","text":"RA","type":"RA","timestamp":"2012-04-12 18:21:16"}],"edges":[{"edgeID":"1061","fromID":"1178","toID":"1180","formEdgeID":null},{"edgeID":"1062","fromID":"1179","toID":"1180","formEdgeID":null},{"edgeID":"1063","fromID":"1180","toID":"1177","formEdgeID":null}]}