{"nodes":[{"nodeID":"2433","text":"Censorship is an indication of a society s lack of confidence in itself","type":"I","timestamp":"2012-04-12 18:25:51"},{"nodeID":"2434","text":"It is the hallmark of an authoritarian regime.","type":"I","timestamp":"2012-04-12 18:25:51"},{"nodeID":"2435","text":"If society lacks of confidence in itself a totalitarian regime can be imposed","type":"I","timestamp":"2012-04-12 18:25:51"},{"nodeID":"2436","text":"one of Nazi Germany s first acts was to burn all the books literature and science which offended their sensibilities beliefs and values.","type":"I","timestamp":"2012-04-12 18:25:51"},{"nodeID":"2437","text":"The censorship was the hallmark of Germany's dictatorship","type":"I","timestamp":"2012-04-12 18:25:52"},{"nodeID":"2438","text":"RA","type":"RA","timestamp":"2012-04-12 18:25:52"},{"nodeID":"2439","text":"RA","type":"RA","timestamp":"2012-04-12 18:25:52","scheme":"Example"}],"edges":[{"edgeID":"2350","fromID":"2434","toID":"2438","formEdgeID":null},{"edgeID":"2351","fromID":"2435","toID":"2438","formEdgeID":null},{"edgeID":"2352","fromID":"2438","toID":"2433","formEdgeID":null},{"edgeID":"2353","fromID":"2436","toID":"2439","formEdgeID":null},{"edgeID":"2354","fromID":"2437","toID":"2439","formEdgeID":null},{"edgeID":"2355","fromID":"2439","toID":"2434","formEdgeID":null}]}