{"nodes":[{"nodeID":"3201","text":"ma quel forziere che la fortuna vi tolse quello in dispetto di lei voglio che sia vostro","type":"I","timestamp":"2012-04-12 18:28:23"},{"nodeID":"3202","text":"per cio` non vi voglio qua donare ne` castel ne` citta`","type":"I","timestamp":"2012-04-12 18:28:23"},{"nodeID":"3203","text":"accio` che nelle vostre contrade nel possiate portare e della vostra virtu` con la testimonianza de'miei doni meritamente gloriar vi possiate co'vostri vicini.","type":"I","timestamp":"2012-04-12 18:28:23"},{"nodeID":"3204","text":"Il modo migliore per permettere al giovane di gloriarsi con i suoi vicini nella sua terra e` donargli il forziere","type":"I","timestamp":"2012-04-12 18:28:23"},{"nodeID":"3205","text":"Io so che voi non avete animo di divenire spagnuolo","type":"I","timestamp":"2012-04-12 18:28:23"},{"nodeID":"3206","text":"Le citta` ed i castelli imporrebbero al giovane di rimanere in Spagna","type":"I","timestamp":"2012-04-12 18:28:23"},{"nodeID":"3207","text":"RA","type":"RA","timestamp":"2012-04-12 18:28:23"},{"nodeID":"3208","text":"RA","type":"RA","timestamp":"2012-04-12 18:28:24"}],"edges":[{"edgeID":"3073","fromID":"3202","toID":"3207","formEdgeID":null},{"edgeID":"3074","fromID":"3203","toID":"3207","formEdgeID":null},{"edgeID":"3075","fromID":"3204","toID":"3207","formEdgeID":null},{"edgeID":"3076","fromID":"3207","toID":"3201","formEdgeID":null},{"edgeID":"3077","fromID":"3205","toID":"3208","formEdgeID":null},{"edgeID":"3078","fromID":"3206","toID":"3208","formEdgeID":null},{"edgeID":"3079","fromID":"3208","toID":"3202","formEdgeID":null}]}