{"nodes":[{"nodeID":"5078","text":"Markets must be able to float up and down to process information","type":"I","timestamp":"2012-04-12 18:34:38"},{"nodeID":"5079","text":"Werner G. Seifert Chief Executive Officer Deutsche B rse Germany argued that","type":"I","timestamp":"2012-04-12 18:34:38"},{"nodeID":"5080","text":"The extremes of the Internet bubble in which some popular stocks traded at prices that implied unrealistic rates of growth maintained in perpetuity were examples of what he called  disproductive disconnects  produced by irrational investor behaviour.","type":"I","timestamp":"2012-04-12 18:34:38"},{"nodeID":"5081","text":"divergences between stock prices and traditional measures of fundamental value   such as price-to-earnings or price-to-book   were not necessarily a market imperfection.","type":"I","timestamp":"2012-04-12 18:34:38"},{"nodeID":"5082","text":"The best explanation for the floatings is that information causes the market to float","type":"I","timestamp":"2012-04-12 18:34:38"},{"nodeID":"5083","text":"he cited examples of  productive disconnects  in which stocks have been richly or inexpensively valued for other reasons   such as presence or absence of political risk.","type":"I","timestamp":"2012-04-12 18:34:38"},{"nodeID":"5084","text":"The correctness of these judgements can only be seen in hindsight","type":"I","timestamp":"2012-04-12 18:34:38"},{"nodeID":"5085","text":"RA","type":"RA","timestamp":"2012-04-12 18:34:38","scheme":"ExpertOpinion"},{"nodeID":"5086","text":"RA","type":"RA","timestamp":"2012-04-12 18:34:39","scheme":"Example"},{"nodeID":"5087","text":"RA","type":"RA","timestamp":"2012-04-12 18:34:39"},{"nodeID":"5088","text":"RA","type":"RA","timestamp":"2012-04-12 18:34:39","scheme":"Example"}],"edges":[{"edgeID":"4765","fromID":"5079","toID":"5085","formEdgeID":null},{"edgeID":"4766","fromID":"5085","toID":"5081","formEdgeID":null},{"edgeID":"4767","fromID":"5080","toID":"5086","formEdgeID":null},{"edgeID":"4768","fromID":"5086","toID":"5081","formEdgeID":null},{"edgeID":"4769","fromID":"5081","toID":"5087","formEdgeID":null},{"edgeID":"4770","fromID":"5082","toID":"5087","formEdgeID":null},{"edgeID":"4771","fromID":"5087","toID":"5078","formEdgeID":null},{"edgeID":"4772","fromID":"5083","toID":"5088","formEdgeID":null},{"edgeID":"4773","fromID":"5084","toID":"5088","formEdgeID":null},{"edgeID":"4774","fromID":"5088","toID":"5081","formEdgeID":null}]}