{"nodes":[{"nodeID":"499","text":"the government's determination to prevent the international community from learning the full extent of its ongoing crackdown against Tibetan activists.","type":"I","timestamp":"2012-04-12 18:19:08"},{"nodeID":"500","text":"China's failure to acknowledge long prison sentences against Tibetans","type":"I","timestamp":"2012-04-12 18:19:08"},{"nodeID":"501","text":"If China does not acknowledge long prison sentences against Tibetans China is determined to prevent the international community from learning the full extent of its ongoing crackdown against Tibetan activists","type":"I","timestamp":"2012-04-12 18:19:08"},{"nodeID":"502","text":"RA","type":"RA","timestamp":"2012-04-12 18:19:08"}],"edges":[{"edgeID":"461","fromID":"500","toID":"502","formEdgeID":null},{"edgeID":"462","fromID":"501","toID":"502","formEdgeID":null},{"edgeID":"463","fromID":"502","toID":"499","formEdgeID":null}]}