{"nodes":[{"nodeID":"3081","text":"My opponent is morally bad","type":"I","timestamp":"2012-04-12 18:28:00"},{"nodeID":"3082","text":"Our troops deserved to be helped and rewarded","type":"I","timestamp":"2012-04-12 18:28:00"},{"nodeID":"3083","text":"That's why last September when our troops were in combat in both Afghanistan and Iraq I proposed supplemental funding to support them in their missions","type":"I","timestamp":"2012-04-12 18:28:00"},{"nodeID":"3084","text":"In the Senate only a handful of what I would call  out of the mainstream  folks -- that would be 12 senators -- voted against that legislation. Two of the 12 are my opponent and his running mate","type":"I","timestamp":"2012-04-12 18:28:00"},{"nodeID":"3085","text":"In these crucial times our commitments have been kept by the men and women of our military.","type":"I","timestamp":"2012-04-12 18:28:00"},{"nodeID":"3086","text":"And when these good folks are in harm's way they deserve the best pay the best equipment the best possible training.","type":"I","timestamp":"2012-04-12 18:28:00"},{"nodeID":"3087","text":"Our troops last september were in combat","type":"I","timestamp":"2012-04-12 18:28:00"},{"nodeID":"3088","text":"RA","type":"RA","timestamp":"2012-04-12 18:28:00"},{"nodeID":"3089","text":"RA","type":"RA","timestamp":"2012-04-12 18:28:01"}],"edges":[{"edgeID":"2962","fromID":"3082","toID":"3088","formEdgeID":null},{"edgeID":"2963","fromID":"3083","toID":"3088","formEdgeID":null},{"edgeID":"2964","fromID":"3084","toID":"3088","formEdgeID":null},{"edgeID":"2965","fromID":"3088","toID":"3081","formEdgeID":null},{"edgeID":"2966","fromID":"3085","toID":"3089","formEdgeID":null},{"edgeID":"2967","fromID":"3086","toID":"3089","formEdgeID":null},{"edgeID":"2968","fromID":"3087","toID":"3089","formEdgeID":null},{"edgeID":"2969","fromID":"3089","toID":"3082","formEdgeID":null}]}