{"nodes":[{"nodeID":"4675","text":"NATO European powers have been so enthusiastic  about their actions in Yugoslavia","type":"I","timestamp":"2012-04-12 18:33:17"},{"nodeID":"4676","text":"Russia will be further oppressed","type":"I","timestamp":"2012-04-12 18:33:17"},{"nodeID":"4677","text":"By dismembering the Federal Republic of Yugoslavia or forcing Milosevic to surrender the external front of Russia will be brushed away","type":"I","timestamp":"2012-04-12 18:33:17"},{"nodeID":"4678","text":"which is the key step to finally annihilating Russia","type":"I","timestamp":"2012-04-12 18:33:17"},{"nodeID":"4679","text":"The annihilation of Russia is the American goal","type":"I","timestamp":"2012-04-12 18:33:17"},{"nodeID":"4680","text":"it is an  attempt to get through the Balkan corridor in the south and extend their sphere of economic influence to Central Asia and even further to a wider scope.","type":"I","timestamp":"2012-04-12 18:33:17"},{"nodeID":"4681","text":"The goal of Americans is to extend their sphere of economic influence","type":"I","timestamp":"2012-04-12 18:33:17"},{"nodeID":"4682","text":"RA","type":"RA","timestamp":"2012-04-12 18:33:17","scheme":"CauseToEffect"},{"nodeID":"4683","text":"RA","type":"RA","timestamp":"2012-04-12 18:33:18","scheme":"CauseToEffect"},{"nodeID":"4684","text":"RA","type":"RA","timestamp":"2012-04-12 18:33:18"},{"nodeID":"4685","text":"RA","type":"RA","timestamp":"2012-04-12 18:33:18"}],"edges":[{"edgeID":"4394","fromID":"4676","toID":"4682","formEdgeID":null},{"edgeID":"4395","fromID":"4682","toID":"4678","formEdgeID":null},{"edgeID":"4396","fromID":"4677","toID":"4683","formEdgeID":null},{"edgeID":"4397","fromID":"4683","toID":"4676","formEdgeID":null},{"edgeID":"4398","fromID":"4678","toID":"4684","formEdgeID":null},{"edgeID":"4399","fromID":"4679","toID":"4684","formEdgeID":null},{"edgeID":"4400","fromID":"4684","toID":"4675","formEdgeID":null},{"edgeID":"4401","fromID":"4680","toID":"4685","formEdgeID":null},{"edgeID":"4402","fromID":"4681","toID":"4685","formEdgeID":null},{"edgeID":"4403","fromID":"4685","toID":"4675","formEdgeID":null}]}