{"nodes":[{"nodeID":"378","text":"semesterisation is a good idea","type":"I","timestamp":"2012-04-12 18:18:45"},{"nodeID":"379","text":"should be avoided at all costs","type":"I","timestamp":"2012-04-12 18:18:45"},{"nodeID":"380","text":"semesterisation is going to involve an enormous amount of work","type":"I","timestamp":"2012-04-12 18:18:45"},{"nodeID":"381","text":"more flexibility for students","type":"I","timestamp":"2012-04-12 18:18:45"},{"nodeID":"382","text":"administration for the university","type":"I","timestamp":"2012-04-12 18:18:45"},{"nodeID":"383","text":"semesterisation would lead to a reduced workload for staff","type":"I","timestamp":"2012-04-12 18:18:45"},{"nodeID":"384","text":"VCBrown says 'semesterisation is a good idea'","type":"L","timestamp":"2012-04-12 18:18:45"},{"nodeID":"385","text":"YA_a1bbe411bed0293f288d37d25fa21dc8","type":"YA","timestamp":"2012-04-12 18:18:45"},{"nodeID":"386","text":"VCBrown says 'more flexibility for students'","type":"L","timestamp":"2012-04-12 18:18:45"},{"nodeID":"387","text":"YA_a1bbe411bed0293f288d37d25fa21dc8","type":"YA","timestamp":"2012-04-12 18:18:45"},{"nodeID":"388","text":"VCBrown says 'administration for the university'","type":"L","timestamp":"2012-04-12 18:18:45"},{"nodeID":"389","text":"YA_a1bbe411bed0293f288d37d25fa21dc8","type":"YA","timestamp":"2012-04-12 18:18:45"},{"nodeID":"390","text":"VCBrown says 'semesterisation would lead to a reduced workload for staff'","type":"L","timestamp":"2012-04-12 18:18:46"},{"nodeID":"391","text":"YA_a1bbe411bed0293f288d37d25fa21dc8","type":"YA","timestamp":"2012-04-12 18:18:46"},{"nodeID":"392","text":"Speaker says 'should be avoided at all costs'","type":"L","timestamp":"2012-04-12 18:18:46"},{"nodeID":"393","text":"YA_a1bbe411bed0293f288d37d25fa21dc8","type":"YA","timestamp":"2012-04-12 18:18:46"},{"nodeID":"394","text":"Speaker says 'semesterisation is going to involve an enormous amount of work'","type":"L","timestamp":"2012-04-12 18:18:46"},{"nodeID":"395","text":"YA_a1bbe411bed0293f288d37d25fa21dc8","type":"YA","timestamp":"2012-04-12 18:18:46"},{"nodeID":"396","text":"CA","type":"CA","timestamp":"2012-04-12 18:18:47"},{"nodeID":"397","text":"RA","type":"RA","timestamp":"2012-04-12 18:18:47"},{"nodeID":"398","text":"RA","type":"RA","timestamp":"2012-04-12 18:18:47"},{"nodeID":"399","text":"RA","type":"RA","timestamp":"2012-04-12 18:18:47"},{"nodeID":"400","text":"RA","type":"RA","timestamp":"2012-04-12 18:18:48"}],"edges":[{"edgeID":"354","fromID":"384","toID":"385","formEdgeID":null},{"edgeID":"355","fromID":"385","toID":"378","formEdgeID":null},{"edgeID":"356","fromID":"386","toID":"387","formEdgeID":null},{"edgeID":"357","fromID":"387","toID":"381","formEdgeID":null},{"edgeID":"358","fromID":"388","toID":"389","formEdgeID":null},{"edgeID":"359","fromID":"389","toID":"382","formEdgeID":null},{"edgeID":"360","fromID":"390","toID":"391","formEdgeID":null},{"edgeID":"361","fromID":"391","toID":"383","formEdgeID":null},{"edgeID":"362","fromID":"392","toID":"393","formEdgeID":null},{"edgeID":"363","fromID":"393","toID":"379","formEdgeID":null},{"edgeID":"364","fromID":"394","toID":"395","formEdgeID":null},{"edgeID":"365","fromID":"395","toID":"380","formEdgeID":null},{"edgeID":"366","fromID":"379","toID":"396","formEdgeID":null},{"edgeID":"367","fromID":"396","toID":"378","formEdgeID":null},{"edgeID":"368","fromID":"380","toID":"397","formEdgeID":null},{"edgeID":"369","fromID":"397","toID":"379","formEdgeID":null},{"edgeID":"370","fromID":"381","toID":"398","formEdgeID":null},{"edgeID":"371","fromID":"398","toID":"378","formEdgeID":null},{"edgeID":"372","fromID":"382","toID":"399","formEdgeID":null},{"edgeID":"373","fromID":"399","toID":"378","formEdgeID":null},{"edgeID":"374","fromID":"383","toID":"400","formEdgeID":null},{"edgeID":"375","fromID":"400","toID":"378","formEdgeID":null}]}