{"nodes":[{"nodeID":"4057","text":"io del tutto aveva disposto di non far mai","type":"I","timestamp":"2012-04-12 18:31:14"},{"nodeID":"4058","text":"quanto grave cosa sia a poter trovare chi co'suoi costumi ben si convenga e quanto del contrario sia grande la copia","type":"I","timestamp":"2012-04-12 18:31:14"},{"nodeID":"4059","text":"come dura vita sia quella di colui che a donna non bene a se` conveniente s'abbatte","type":"I","timestamp":"2012-04-12 18:31:14"},{"nodeID":"4060","text":"RA","type":"RA","timestamp":"2012-04-12 18:31:14"}],"edges":[{"edgeID":"3822","fromID":"4058","toID":"4060","formEdgeID":null},{"edgeID":"3823","fromID":"4059","toID":"4060","formEdgeID":null},{"edgeID":"3824","fromID":"4060","toID":"4057","formEdgeID":null}]}