{"nodes":[{"nodeID":"4742","text":"The occupation is not so negative","type":"I","timestamp":"2012-04-12 18:33:30"},{"nodeID":"4743","text":"the overthrow of Saddam Hussein has improved the prospects for Middle East peace despite the chaos and violence that has accompanied the occupation.","type":"I","timestamp":"2012-04-12 18:33:30"},{"nodeID":"4744","text":"Hussein s downfall has made it possible to remove American military forces from Saudi Arabia eliminating a source of friction exploited by Osama bin Laden.","type":"I","timestamp":"2012-04-12 18:33:30"},{"nodeID":"4745","text":"RA","type":"RA","timestamp":"2012-04-12 18:33:30"},{"nodeID":"4746","text":"RA","type":"RA","timestamp":"2012-04-12 18:33:31","scheme":"CauseToEffect"}],"edges":[{"edgeID":"4454","fromID":"4743","toID":"4745","formEdgeID":null},{"edgeID":"4455","fromID":"4745","toID":"4742","formEdgeID":null},{"edgeID":"4456","fromID":"4744","toID":"4746","formEdgeID":null},{"edgeID":"4457","fromID":"4746","toID":"4743","formEdgeID":null}]}