{"nodes":[{"nodeID":"3648","text":"In my view it should be changed","type":"I","timestamp":"2012-04-12 18:29:51"},{"nodeID":"3649","text":"Cohabitation has to be proved","type":"I","timestamp":"2012-04-12 18:29:51"},{"nodeID":"3650","text":"It is perfectly obvious when someone re-marries but in the end cohabiting can be proved only through snooping and spying","type":"I","timestamp":"2012-04-12 18:29:51"},{"nodeID":"3651","text":"which is completely unacceptable","type":"I","timestamp":"2012-04-12 18:29:51"},{"nodeID":"3652","text":"widows and widowers of police officers are in the same position in that they have their pension removed if they re-marry or cohabit.","type":"I","timestamp":"2012-04-12 18:29:51"},{"nodeID":"3653","text":"If widows' pensions are to be removed because of cohabitation cohabitation has to be proved","type":"I","timestamp":"2012-04-12 18:29:51"},{"nodeID":"3654","text":"RA","type":"RA","timestamp":"2012-04-12 18:29:51"},{"nodeID":"3655","text":"RA","type":"RA","timestamp":"2012-04-12 18:29:51"},{"nodeID":"3656","text":"RA","type":"RA","timestamp":"2012-04-12 18:29:52","scheme":"CauseToEffect"}],"edges":[{"edgeID":"3455","fromID":"3649","toID":"3654","formEdgeID":null},{"edgeID":"3456","fromID":"3654","toID":"3650","formEdgeID":null},{"edgeID":"3457","fromID":"3650","toID":"3655","formEdgeID":null},{"edgeID":"3458","fromID":"3651","toID":"3655","formEdgeID":null},{"edgeID":"3459","fromID":"3655","toID":"3648","formEdgeID":null},{"edgeID":"3460","fromID":"3652","toID":"3656","formEdgeID":null},{"edgeID":"3461","fromID":"3653","toID":"3656","formEdgeID":null},{"edgeID":"3462","fromID":"3656","toID":"3649","formEdgeID":null}]}