{"nodes":[{"nodeID":"2744","text":"We are now acting because the risks of inaction would be far greater.","type":"I","timestamp":"2012-04-12 18:26:54"},{"nodeID":"2745","text":"In one year or five years the power of Iraq to inflict harm on all free nations would be multiplied many times over.","type":"I","timestamp":"2012-04-12 18:26:54"},{"nodeID":"2746","text":"With these capabilities Saddam Hussein and his terrorist allies could choose the moment of deadly conflict when they are strongest","type":"I","timestamp":"2012-04-12 18:26:54"},{"nodeID":"2747","text":"We cannot accept that Iraq attacks us when it will be strongest","type":"I","timestamp":"2012-04-12 18:26:54"},{"nodeID":"2748","text":"RA","type":"RA","timestamp":"2012-04-12 18:26:54"}],"edges":[{"edgeID":"2639","fromID":"2745","toID":"2748","formEdgeID":null},{"edgeID":"2640","fromID":"2746","toID":"2748","formEdgeID":null},{"edgeID":"2641","fromID":"2747","toID":"2748","formEdgeID":null},{"edgeID":"2642","fromID":"2748","toID":"2744","formEdgeID":null}]}