{"nodes":[{"nodeID":"3306","text":"The qualification for the action of crucifying a Roman exceeds every negative qualification","type":"I","timestamp":"2012-04-12 18:28:43"},{"nodeID":"3307","text":"The hierarchy of  actions against a Roman is correlated to the hierarchy of their qualification","type":"I","timestamp":"2012-04-12 18:28:43"},{"nodeID":"3308","text":"It is an indignity to put a Roman citizen in irons a crime to beat him with rods practically parricide to execute him.","type":"I","timestamp":"2012-04-12 18:28:43"},{"nodeID":"3309","text":"What shall I term the act of crucifying him?","type":"I","timestamp":"2012-04-12 18:28:43"},{"nodeID":"3310","text":"RA","type":"RA","timestamp":"2012-04-12 18:28:43"}],"edges":[{"edgeID":"3161","fromID":"3307","toID":"3310","formEdgeID":null},{"edgeID":"3162","fromID":"3308","toID":"3310","formEdgeID":null},{"edgeID":"3163","fromID":"3309","toID":"3310","formEdgeID":null},{"edgeID":"3164","fromID":"3310","toID":"3306","formEdgeID":null}]}