{"nodes":[{"nodeID":"510","text":"This portends new uncertainties about the direction of Pakistan's policies about jehad and related violence inside and across the borders.","type":"I","timestamp":"2012-04-12 18:19:10"},{"nodeID":"512","text":"The most likely scenario even without the Islamic parties gaining so much ground was an even less co-operative leadership in Islamabad than the current dispensation which had itself stonewalled all pressures to implement its promises made to India the US and the international community to end jehadi terrorism.","type":"I","timestamp":"2012-04-12 18:19:10"},{"nodeID":"515","text":"Elections in Pakistan are over and they have led to Islamist parties sympathetic to the Taliban-Al Qaeda acquiring majority status in the western provinces besides an influential role for themselves in the governance of the country.","type":"I","timestamp":"2012-04-12 18:19:10"},{"nodeID":"1741","text":"If a better scenario was critical a worse one is much more critical for the end of jihad","type":"I","timestamp":"2012-04-12 18:23:16"},{"nodeID":"1742","text":"The actual scenario with a majority of Islamic parties is worse than a scenario without them","type":"I","timestamp":"2012-04-12 18:23:16"},{"nodeID":"1743","text":"Islamist parties supports jehad and violence","type":"I","timestamp":"2012-04-12 18:23:16"},{"nodeID":"1744","text":"Not islamist parties are not so enthusiastic about jihad","type":"I","timestamp":"2012-04-12 18:23:16"},{"nodeID":"1745","text":"RA","type":"RA","timestamp":"2012-04-12 18:23:16","scheme":"Analogy"},{"nodeID":"1746","text":"RA","type":"RA","timestamp":"2012-04-12 18:23:17"}],"edges":[{"edgeID":"1628","fromID":"512","toID":"1745","formEdgeID":null},{"edgeID":"1629","fromID":"1741","toID":"1745","formEdgeID":null},{"edgeID":"1630","fromID":"1742","toID":"1745","formEdgeID":null},{"edgeID":"1631","fromID":"1745","toID":"510","formEdgeID":null},{"edgeID":"1632","fromID":"1743","toID":"1746","formEdgeID":null},{"edgeID":"1633","fromID":"515","toID":"1746","formEdgeID":null},{"edgeID":"1634","fromID":"1744","toID":"1746","formEdgeID":null},{"edgeID":"1635","fromID":"1746","toID":"1742","formEdgeID":null}]}