{"nodes":[{"nodeID":"2768","text":"You should vote for me","type":"I","timestamp":"2012-04-12 18:26:59"},{"nodeID":"2958","text":"Our commitment to improve the school is real we keep our promises","type":"I","timestamp":"2012-04-12 18:27:35"},{"nodeID":"2959","text":"We'll reform our high schools to make sure a high school diploma means something. We will expand math and science education so our young people can compete in a high tech world. We will expand the use of the Internet to bring high-level training into our classrooms. With four more years we'll help a rising generation gain the skills and the confidence to achieve the American Dream.","type":"I","timestamp":"2012-04-12 18:27:36"},{"nodeID":"2960","text":"Americans need a high school reform","type":"I","timestamp":"2012-04-12 18:27:36"},{"nodeID":"2961","text":"And today children across America are showing real substantial progress in reading and math.","type":"I","timestamp":"2012-04-12 18:27:36"},{"nodeID":"2962","text":"When it comes to improving America's public schools we are turning the corner and we're not turning back","type":"I","timestamp":"2012-04-12 18:27:36"},{"nodeID":"2963","text":"When we came to office three-and-a-half years ago too many of our children were being shuffled from grade to grade year after year without learning the basics.","type":"I","timestamp":"2012-04-12 18:27:36"},{"nodeID":"2964","text":"We're challenging the soft bigotry of low expectations. We've raised the bar. We're setting high standards. We're focusing on results. We're insisting on accountability. We're empowering parents. We're making sure local folks are in charge of schools.","type":"I","timestamp":"2012-04-12 18:27:36"},{"nodeID":"2965","text":"This world of ours is changing. The jobs of the future will require greater knowledge and higher level skills.","type":"I","timestamp":"2012-04-12 18:27:36"},{"nodeID":"2966","text":"The best means to ensure to our children a better future is to reform high schools","type":"I","timestamp":"2012-04-12 18:27:36"},{"nodeID":"2967","text":"RA","type":"RA","timestamp":"2012-04-12 18:27:36"},{"nodeID":"2968","text":"RA","type":"RA","timestamp":"2012-04-12 18:27:36","scheme":"Example"},{"nodeID":"2969","text":"RA","type":"RA","timestamp":"2012-04-12 18:27:37","scheme":"CauseToEffect"},{"nodeID":"2970","text":"RA","type":"RA","timestamp":"2012-04-12 18:27:37","scheme":"PracticalReasoning"}],"edges":[{"edgeID":"2841","fromID":"2958","toID":"2967","formEdgeID":null},{"edgeID":"2842","fromID":"2959","toID":"2967","formEdgeID":null},{"edgeID":"2843","fromID":"2960","toID":"2967","formEdgeID":null},{"edgeID":"2844","fromID":"2967","toID":"2768","formEdgeID":null},{"edgeID":"2845","fromID":"2961","toID":"2968","formEdgeID":null},{"edgeID":"2846","fromID":"2962","toID":"2968","formEdgeID":null},{"edgeID":"2847","fromID":"2968","toID":"2958","formEdgeID":null},{"edgeID":"2848","fromID":"2963","toID":"2969","formEdgeID":null},{"edgeID":"2849","fromID":"2964","toID":"2969","formEdgeID":null},{"edgeID":"2850","fromID":"2969","toID":"2961","formEdgeID":null},{"edgeID":"2851","fromID":"2965","toID":"2970","formEdgeID":null},{"edgeID":"2852","fromID":"2966","toID":"2970","formEdgeID":null},{"edgeID":"2853","fromID":"2970","toID":"2960","formEdgeID":null}]}