{"nodes":[{"nodeID":"2892","text":"he hasn't been able to prove that harm and God are logically incompatible","type":"I","timestamp":"2012-04-12 18:27:23"},{"nodeID":"2893","text":"if God is going to create a world of significantly free moral agents He has to allow them to make choices for evil","type":"I","timestamp":"2012-04-12 18:27:23"},{"nodeID":"2894","text":"it may not be within God's power to create a world of free creatures in which evil does not exist.","type":"I","timestamp":"2012-04-12 18:27:23"},{"nodeID":"2895","text":"Harm and God are incompatible only if it is impossible for them to exist at the same time","type":"I","timestamp":"2012-04-12 18:27:23"},{"nodeID":"2896","text":"Given human freedom God cannot guarantee how people are going to use that freedom","type":"I","timestamp":"2012-04-12 18:27:23"},{"nodeID":"2897","text":"if He intervenes every time to prevent people from choosing evil then we turn into puppets or marionettes.","type":"I","timestamp":"2012-04-12 18:27:23"},{"nodeID":"2898","text":"RA","type":"RA","timestamp":"2012-04-12 18:27:23"},{"nodeID":"2899","text":"RA","type":"RA","timestamp":"2012-04-12 18:27:23"},{"nodeID":"2900","text":"RA","type":"RA","timestamp":"2012-04-12 18:27:24","scheme":"CauseToEffect"}],"edges":[{"edgeID":"2779","fromID":"2893","toID":"2898","formEdgeID":null},{"edgeID":"2780","fromID":"2898","toID":"2894","formEdgeID":null},{"edgeID":"2781","fromID":"2894","toID":"2899","formEdgeID":null},{"edgeID":"2782","fromID":"2895","toID":"2899","formEdgeID":null},{"edgeID":"2783","fromID":"2899","toID":"2892","formEdgeID":null},{"edgeID":"2784","fromID":"2896","toID":"2900","formEdgeID":null},{"edgeID":"2785","fromID":"2897","toID":"2900","formEdgeID":null},{"edgeID":"2786","fromID":"2900","toID":"2893","formEdgeID":null}]}