{"nodes":[{"nodeID":"3163","text":"We should keep fighting for Iraquis' freedom","type":"I","timestamp":"2012-04-12 18:28:15"},{"nodeID":"3164","text":"as it has advanced and changed lives in Asia and Latin America and Eastern Europe and Africa","type":"I","timestamp":"2012-04-12 18:28:15"},{"nodeID":"3165","text":"We believe that when all Middle Eastern peoples are finally allowed to live and think and work and worship as free men and women they will reclaim the greatness of their own heritage.","type":"I","timestamp":"2012-04-12 18:28:16"},{"nodeID":"3166","text":"We believe that freedom can advance and change lives in the greater Middle East","type":"I","timestamp":"2012-04-12 18:28:16"},{"nodeID":"3167","text":"And when that day comes the bitterness and burning hatreds that feed terrorism will fade and die away.","type":"I","timestamp":"2012-04-12 18:28:16"},{"nodeID":"3168","text":"America and all the world will be safer when hope has returned to the Middle East","type":"I","timestamp":"2012-04-12 18:28:16"},{"nodeID":"3169","text":"RA","type":"RA","timestamp":"2012-04-12 18:28:16","scheme":"Analogy"},{"nodeID":"3170","text":"RA","type":"RA","timestamp":"2012-04-12 18:28:16","scheme":"CauseToEffect"},{"nodeID":"3171","text":"RA","type":"RA","timestamp":"2012-04-12 18:28:16"}],"edges":[{"edgeID":"3036","fromID":"3164","toID":"3169","formEdgeID":null},{"edgeID":"3037","fromID":"3169","toID":"3166","formEdgeID":null},{"edgeID":"3038","fromID":"3165","toID":"3170","formEdgeID":null},{"edgeID":"3039","fromID":"3170","toID":"3166","formEdgeID":null},{"edgeID":"3040","fromID":"3166","toID":"3171","formEdgeID":null},{"edgeID":"3041","fromID":"3167","toID":"3171","formEdgeID":null},{"edgeID":"3042","fromID":"3168","toID":"3171","formEdgeID":null},{"edgeID":"3043","fromID":"3171","toID":"3163","formEdgeID":null}]}