{"nodes":[{"nodeID":"2489","text":"If the reason of the progressive effect of the union against US is only the fight against imperialism the progressive effect may be frustrated by the facts","type":"I","timestamp":"2012-04-12 18:26:02"},{"nodeID":"2490","text":"Some are arguing that Bush's extremism actually has a progressive effect because it unites the world against US empire","type":"I","timestamp":"2012-04-12 18:26:02"},{"nodeID":"2491","text":"But a world united against the United States isn't necessarily united against imperialism.","type":"I","timestamp":"2012-04-12 18:26:02"},{"nodeID":"2492","text":"Despite their rhetoric France and Russia opposed the invasion of Iraq because it threatened their own plans to control Iraq's oil.","type":"I","timestamp":"2012-04-12 18:26:02"},{"nodeID":"2493","text":"If the union against the US is an union against the imperialism the members of the union cannot have imperialistic goals","type":"I","timestamp":"2012-04-12 18:26:02"},{"nodeID":"2494","text":"RA","type":"RA","timestamp":"2012-04-12 18:26:03","scheme":"Example"},{"nodeID":"2495","text":"RA","type":"RA","timestamp":"2012-04-12 18:26:03"}],"edges":[{"edgeID":"2400","fromID":"2490","toID":"2494","formEdgeID":null},{"edgeID":"2401","fromID":"2491","toID":"2494","formEdgeID":null},{"edgeID":"2402","fromID":"2494","toID":"2489","formEdgeID":null},{"edgeID":"2403","fromID":"2492","toID":"2495","formEdgeID":null},{"edgeID":"2404","fromID":"2493","toID":"2495","formEdgeID":null},{"edgeID":"2405","fromID":"2495","toID":"2491","formEdgeID":null}]}