{"nodes":[{"nodeID":"3637","text":"On the question of Iraq the hon. Gentleman gave a selective interpretation of what the UN Secretary-General said.","type":"I","timestamp":"2012-04-12 18:29:48"},{"nodeID":"3638","text":"The best explanation of the fact that UN Secretary's declaration was interepreted as saying that the war was illegal is that the opponent made a selective quotation","type":"I","timestamp":"2012-04-12 18:29:48"},{"nodeID":"3639","text":"The war in Iraq was legal","type":"I","timestamp":"2012-04-12 18:29:49"},{"nodeID":"3640","text":"authority to use force against Iraq derived from the combined effect of UN resolutions 678 687 and 1441 all of which were adopted under chapter VII of the UN charter which allows the use of force for the express purpose of restoring international peace and security","type":"I","timestamp":"2012-04-12 18:29:49"},{"nodeID":"3641","text":"If the case falls under the UN resolutions it is legal","type":"I","timestamp":"2012-04-12 18:29:49"},{"nodeID":"3642","text":"RA","type":"RA","timestamp":"2012-04-12 18:29:49"},{"nodeID":"3643","text":"RA","type":"RA","timestamp":"2012-04-12 18:29:49","scheme":"VerbalClassification"}],"edges":[{"edgeID":"3446","fromID":"3638","toID":"3642","formEdgeID":null},{"edgeID":"3447","fromID":"3639","toID":"3642","formEdgeID":null},{"edgeID":"3448","fromID":"3642","toID":"3637","formEdgeID":null},{"edgeID":"3449","fromID":"3640","toID":"3643","formEdgeID":null},{"edgeID":"3450","fromID":"3641","toID":"3643","formEdgeID":null},{"edgeID":"3451","fromID":"3643","toID":"3639","formEdgeID":null}]}