{"nodes":[{"nodeID":"4783","text":"He also stressed the need to ensure job opportunities for young people upon graduation from high school or college.","type":"I","timestamp":"2012-04-12 18:33:38"},{"nodeID":"4784","text":"I would ask them why they weren t working in Jordan. They responded that there were no opportunities.","type":"I","timestamp":"2012-04-12 18:33:38"},{"nodeID":"4785","text":"When I travelled in North America Europe Asia and the Middle East I would encounter many Jordanians capable people  he said.","type":"I","timestamp":"2012-04-12 18:33:38"},{"nodeID":"4786","text":"Joung people emigrate because there are not opportunities","type":"I","timestamp":"2012-04-12 18:33:38"},{"nodeID":"4787","text":"Our goal is to avoid joung people emigrating","type":"I","timestamp":"2012-04-12 18:33:38"},{"nodeID":"4788","text":"The best means to do that is to create job opportunities","type":"I","timestamp":"2012-04-12 18:33:39"},{"nodeID":"4789","text":"RA","type":"RA","timestamp":"2012-04-12 18:33:39","scheme":"Example"},{"nodeID":"4790","text":"RA","type":"RA","timestamp":"2012-04-12 18:33:39","scheme":"PositionToKnow"},{"nodeID":"4791","text":"RA","type":"RA","timestamp":"2012-04-12 18:33:39"}],"edges":[{"edgeID":"4489","fromID":"4784","toID":"4789","formEdgeID":null},{"edgeID":"4490","fromID":"4789","toID":"4786","formEdgeID":null},{"edgeID":"4491","fromID":"4785","toID":"4790","formEdgeID":null},{"edgeID":"4492","fromID":"4790","toID":"4784","formEdgeID":null},{"edgeID":"4493","fromID":"4786","toID":"4791","formEdgeID":null},{"edgeID":"4494","fromID":"4787","toID":"4791","formEdgeID":null},{"edgeID":"4495","fromID":"4788","toID":"4791","formEdgeID":null},{"edgeID":"4496","fromID":"4791","toID":"4783","formEdgeID":null}]}