{"nodes":[{"nodeID":"4706","text":"Our policies are extremely good","type":"I","timestamp":"2012-04-12 18:33:23"},{"nodeID":"4707","text":"To pay for that spending he is running on a platform of increasing taxes   and that's the kind of promise a politician usually keeps.","type":"I","timestamp":"2012-04-12 18:33:23"},{"nodeID":"4708","text":"Kerry program is not good for electors","type":"I","timestamp":"2012-04-12 18:33:23"},{"nodeID":"4709","text":"My opponent's policies are dramatically different from ours","type":"I","timestamp":"2012-04-12 18:33:23"},{"nodeID":"4710","text":"Senator Kerry opposed Medicare reform and health savings accounts.","type":"I","timestamp":"2012-04-12 18:33:24"},{"nodeID":"4711","text":"Medicare reform and health saving accounts are good for electors","type":"I","timestamp":"2012-04-12 18:33:24"},{"nodeID":"4712","text":"After supporting my education reforms he now wants to dilute them","type":"I","timestamp":"2012-04-12 18:33:24"},{"nodeID":"4713","text":"Education reform is good for electors","type":"I","timestamp":"2012-04-12 18:33:24"},{"nodeID":"4714","text":"He opposes legal and medical liability reform.","type":"I","timestamp":"2012-04-12 18:33:24"},{"nodeID":"4715","text":"Legal and medical reform is good for electors","type":"I","timestamp":"2012-04-12 18:33:24"},{"nodeID":"4716","text":"He opposed reducing the marriage penalty","type":"I","timestamp":"2012-04-12 18:33:24"},{"nodeID":"4717","text":"Increasing the marriage penalty is good for the families","type":"I","timestamp":"2012-04-12 18:33:24"},{"nodeID":"4718","text":"opposed doubling the child credit","type":"I","timestamp":"2012-04-12 18:33:24"},{"nodeID":"4719","text":"Doubling the child credit is good for the electors","type":"I","timestamp":"2012-04-12 18:33:24"},{"nodeID":"4720","text":"opposed lowering income taxes for all who pay them.","type":"I","timestamp":"2012-04-12 18:33:24"},{"nodeID":"4721","text":"Lowering income taxes is good for electors","type":"I","timestamp":"2012-04-12 18:33:24"},{"nodeID":"4722","text":"he's proposed more than two trillion dollars in new federal spending so far and that's a lot even for a senator from Massachusetts.","type":"I","timestamp":"2012-04-12 18:33:24"},{"nodeID":"4723","text":"If a politician wants to spend more money than he can afford he will increase taxes","type":"I","timestamp":"2012-04-12 18:33:24"},{"nodeID":"4724","text":"RA","type":"RA","timestamp":"2012-04-12 18:33:24","scheme":"Example"},{"nodeID":"4725","text":"RA","type":"RA","timestamp":"2012-04-12 18:33:25"},{"nodeID":"4726","text":"RA","type":"RA","timestamp":"2012-04-12 18:33:25"},{"nodeID":"4727","text":"RA","type":"RA","timestamp":"2012-04-12 18:33:25"},{"nodeID":"4728","text":"RA","type":"RA","timestamp":"2012-04-12 18:33:26"},{"nodeID":"4729","text":"RA","type":"RA","timestamp":"2012-04-12 18:33:26"},{"nodeID":"4730","text":"RA","type":"RA","timestamp":"2012-04-12 18:33:26"},{"nodeID":"4731","text":"RA","type":"RA","timestamp":"2012-04-12 18:33:27"},{"nodeID":"4732","text":"RA","type":"RA","timestamp":"2012-04-12 18:33:27","scheme":"CauseToEffect"}],"edges":[{"edgeID":"4420","fromID":"4707","toID":"4724","formEdgeID":null},{"edgeID":"4421","fromID":"4724","toID":"4708","formEdgeID":null},{"edgeID":"4422","fromID":"4708","toID":"4725","formEdgeID":null},{"edgeID":"4423","fromID":"4709","toID":"4725","formEdgeID":null},{"edgeID":"4424","fromID":"4725","toID":"4706","formEdgeID":null},{"edgeID":"4425","fromID":"4710","toID":"4726","formEdgeID":null},{"edgeID":"4426","fromID":"4711","toID":"4726","formEdgeID":null},{"edgeID":"4427","fromID":"4726","toID":"4708","formEdgeID":null},{"edgeID":"4428","fromID":"4712","toID":"4727","formEdgeID":null},{"edgeID":"4429","fromID":"4713","toID":"4727","formEdgeID":null},{"edgeID":"4430","fromID":"4727","toID":"4708","formEdgeID":null},{"edgeID":"4431","fromID":"4714","toID":"4728","formEdgeID":null},{"edgeID":"4432","fromID":"4715","toID":"4728","formEdgeID":null},{"edgeID":"4433","fromID":"4728","toID":"4708","formEdgeID":null},{"edgeID":"4434","fromID":"4716","toID":"4729","formEdgeID":null},{"edgeID":"4435","fromID":"4717","toID":"4729","formEdgeID":null},{"edgeID":"4436","fromID":"4729","toID":"4708","formEdgeID":null},{"edgeID":"4437","fromID":"4718","toID":"4730","formEdgeID":null},{"edgeID":"4438","fromID":"4719","toID":"4730","formEdgeID":null},{"edgeID":"4439","fromID":"4730","toID":"4708","formEdgeID":null},{"edgeID":"4440","fromID":"4720","toID":"4731","formEdgeID":null},{"edgeID":"4441","fromID":"4721","toID":"4731","formEdgeID":null},{"edgeID":"4442","fromID":"4731","toID":"4708","formEdgeID":null},{"edgeID":"4443","fromID":"4722","toID":"4732","formEdgeID":null},{"edgeID":"4444","fromID":"4723","toID":"4732","formEdgeID":null},{"edgeID":"4445","fromID":"4732","toID":"4707","formEdgeID":null}]}