{"nodes":[{"nodeID":"1012","text":"We should act in a manner that is independent of the President's direction..","type":"I","timestamp":"2012-04-12 18:20:44"},{"nodeID":"1013","text":"they have to follow the President's di-rection.","type":"I","timestamp":"2012-04-12 18:20:44"},{"nodeID":"1014","text":"we  are not sent here by our people to let  the President or the White House or  any party control us or dictate to us.","type":"I","timestamp":"2012-04-12 18:20:44"},{"nodeID":"1015","text":"If the President did not elect us and our people did not send us to be controlled by any party we should act in a manner that is independent of the President's direction.","type":"I","timestamp":"2012-04-12 18:20:44"},{"nodeID":"1016","text":"This is  a separate branch of Government. No  President elects any Member of this  body. The President is just the Chief  Executive of the land","type":"I","timestamp":"2012-04-12 18:20:44"},{"nodeID":"1017","text":"CA","type":"CA","timestamp":"2012-04-12 18:20:44"},{"nodeID":"1018","text":"RA","type":"RA","timestamp":"2012-04-12 18:20:45"}],"edges":[{"edgeID":"912","fromID":"1013","toID":"1017","formEdgeID":null},{"edgeID":"913","fromID":"1017","toID":"1012","formEdgeID":null},{"edgeID":"914","fromID":"1014","toID":"1018","formEdgeID":null},{"edgeID":"915","fromID":"1015","toID":"1018","formEdgeID":null},{"edgeID":"916","fromID":"1016","toID":"1018","formEdgeID":null},{"edgeID":"917","fromID":"1018","toID":"1012","formEdgeID":null}]}