{"nodes":[{"nodeID":"4423","text":"There is not need to exchange blood for oil","type":"I","timestamp":"2012-04-12 18:32:26"},{"nodeID":"4424","text":"Before the first Gulf War two Nobel laureates in economics-Milton Friedman on the right and James Tobin on the left-stated that no war for oil was needed.","type":"I","timestamp":"2012-04-12 18:32:26"},{"nodeID":"4425","text":"Oil accounts for between 65 and 95 percent of the exports of Persian Gulf nations. In contrast oil makes up only about 7 percent of U.S. imports","type":"I","timestamp":"2012-04-12 18:32:26"},{"nodeID":"4426","text":"If economists think that there is no need to exchange blood for oil there is not need to do that","type":"I","timestamp":"2012-04-12 18:32:26"},{"nodeID":"4427","text":"But is the conventional wisdom correct that the United States needs to exchange blood for oil? Many economists don t think so.","type":"I","timestamp":"2012-04-12 18:32:26"},{"nodeID":"4428","text":"The goal is to get the oil from the Persian Gulf countries","type":"I","timestamp":"2012-04-12 18:32:26"},{"nodeID":"4429","text":"The best means to achieve the goal if pacific means are not available is to fight a war against them","type":"I","timestamp":"2012-04-12 18:32:26"},{"nodeID":"4430","text":"Thus most states whether their governments are friendly to the United States or not have a huge incentive to export oil into the world market.","type":"I","timestamp":"2012-04-12 18:32:26"},{"nodeID":"4431","text":"the Persian Gulf countries need to sell oil more than the United States needs to buy it.","type":"I","timestamp":"2012-04-12 18:32:27"},{"nodeID":"4432","text":"Selling oil to U.S. is the best means to fulfil the need to sell oil","type":"I","timestamp":"2012-04-12 18:32:27"},{"nodeID":"4433","text":"RA","type":"RA","timestamp":"2012-04-12 18:32:27","scheme":"Example"},{"nodeID":"4434","text":"RA","type":"RA","timestamp":"2012-04-12 18:32:27","scheme":"CauseToEffect"},{"nodeID":"4435","text":"RA","type":"RA","timestamp":"2012-04-12 18:32:27","scheme":"ExpertOpinion"},{"nodeID":"4436","text":"RA","type":"RA","timestamp":"2012-04-12 18:32:28","scheme":"PracticalReasoning"},{"nodeID":"4437","text":"RA","type":"RA","timestamp":"2012-04-12 18:32:28","scheme":"PracticalReasoning"}],"edges":[{"edgeID":"4159","fromID":"4424","toID":"4433","formEdgeID":null},{"edgeID":"4160","fromID":"4433","toID":"4427","formEdgeID":null},{"edgeID":"4161","fromID":"4425","toID":"4434","formEdgeID":null},{"edgeID":"4162","fromID":"4434","toID":"4431","formEdgeID":null},{"edgeID":"4163","fromID":"4426","toID":"4435","formEdgeID":null},{"edgeID":"4164","fromID":"4427","toID":"4435","formEdgeID":null},{"edgeID":"4165","fromID":"4435","toID":"4423","formEdgeID":null},{"edgeID":"4166","fromID":"4428","toID":"4436","formEdgeID":null},{"edgeID":"4167","fromID":"4429","toID":"4436","formEdgeID":null},{"edgeID":"4168","fromID":"4430","toID":"4436","formEdgeID":null},{"edgeID":"4169","fromID":"4436","toID":"4424","formEdgeID":null},{"edgeID":"4170","fromID":"4431","toID":"4437","formEdgeID":null},{"edgeID":"4171","fromID":"4432","toID":"4437","formEdgeID":null},{"edgeID":"4172","fromID":"4437","toID":"4430","formEdgeID":null}]}