{"nodes":[{"nodeID":"423","text":"The need for a mandatory code of conduct            is felt","type":"I","timestamp":"2012-04-12 18:18:54"},{"nodeID":"424","text":"One feels the need for investigations that are grounded by a mandatory code of conduct.","type":"I","timestamp":"2012-04-12 18:18:54"},{"nodeID":"425","text":"If one feels the need for investigations that are grounded by a mandatory code of conduct one feels the need for a mandatory code of conduct.","type":"I","timestamp":"2012-04-12 18:18:54"},{"nodeID":"426","text":"If one weighs the latest cases of alleged judicial misconduct one feels the need for investigations that are guided by the mandatory base of the law.","type":"I","timestamp":"2012-04-12 18:18:54"},{"nodeID":"427","text":"one weighs the latest allegations of judicial misconduct:       Three Karnataka HC judges accompanied by women get into a brawl in a Mysore wayside eatery.      A Rajasthan HC judge and a court staffer offer to settle a litigant's case if she  obliges  them.      Three Punjab & Haryana HC judges use their clout to get their nominees selected by Punjab Public Service Commission ex-chief and scam-accused Ravi Sidhu.      A drunk Madhya Pradesh HC judge uses foul language in an exclusive club in Bhopal.      A Rajasthan HC judge (since transferred) sexually molests a male constable.","type":"I","timestamp":"2012-04-12 18:18:54"},{"nodeID":"428","text":"RA","type":"RA","timestamp":"2012-04-12 18:18:54"},{"nodeID":"429","text":"RA","type":"RA","timestamp":"2012-04-12 18:18:54"}],"edges":[{"edgeID":"395","fromID":"424","toID":"428","formEdgeID":null},{"edgeID":"396","fromID":"425","toID":"428","formEdgeID":null},{"edgeID":"397","fromID":"428","toID":"423","formEdgeID":null},{"edgeID":"398","fromID":"426","toID":"429","formEdgeID":null},{"edgeID":"399","fromID":"427","toID":"429","formEdgeID":null},{"edgeID":"400","fromID":"429","toID":"424","formEdgeID":null}]}