{"nodes":[{"nodeID":"671","text":"A stalemate or even  peaceful regime change  would undermine the U.S. ability to shape political outcomes in Iraq the first domino in the Bush vision.","type":"I","timestamp":"2012-04-12 18:19:40"},{"nodeID":"1943","text":"the U.S. has to win an overwhelming victory one that ends completely the current Baghdad regime","type":"I","timestamp":"2012-04-12 18:24:00"},{"nodeID":"1944","text":"A stalemate or a peaceful regime change is opposite to an overwhelming victory","type":"I","timestamp":"2012-04-12 18:24:00"},{"nodeID":"1945","text":"A stalemate or a peaceful regime change should not be brough about","type":"I","timestamp":"2012-04-12 18:24:00"},{"nodeID":"1946","text":"Only then will Washington have the free hand it wants to remake Iraq as well as the leverage with other governments in the region.","type":"I","timestamp":"2012-04-12 18:24:00"},{"nodeID":"1947","text":"If the victory is not overwhelming USA won`t have the free hand in Iraq","type":"I","timestamp":"2012-04-12 18:24:00"},{"nodeID":"1948","text":"RA","type":"RA","timestamp":"2012-04-12 18:24:00"},{"nodeID":"1949","text":"RA","type":"RA","timestamp":"2012-04-12 18:24:01"},{"nodeID":"1950","text":"RA","type":"RA","timestamp":"2012-04-12 18:24:01"}],"edges":[{"edgeID":"1837","fromID":"671","toID":"1948","formEdgeID":null},{"edgeID":"1838","fromID":"1948","toID":"1945","formEdgeID":null},{"edgeID":"1839","fromID":"1944","toID":"1949","formEdgeID":null},{"edgeID":"1840","fromID":"1945","toID":"1949","formEdgeID":null},{"edgeID":"1841","fromID":"1949","toID":"1943","formEdgeID":null},{"edgeID":"1842","fromID":"1946","toID":"1950","formEdgeID":null},{"edgeID":"1843","fromID":"1947","toID":"1950","formEdgeID":null},{"edgeID":"1844","fromID":"1950","toID":"1943","formEdgeID":null}]}