{"nodes":[{"nodeID":"2396","text":"We cannot allow censorship in universities","type":"I","timestamp":"2012-04-12 18:25:44"},{"nodeID":"2397","text":"proliferation of censorship in the society at large is not acceptable","type":"I","timestamp":"2012-04-12 18:25:44"},{"nodeID":"2398","text":"Censorship will proliferate in the society at large","type":"I","timestamp":"2012-04-12 18:25:44"},{"nodeID":"2399","text":"If we allow censorship in universities censorship will be allowed in society at large","type":"I","timestamp":"2012-04-12 18:25:44"},{"nodeID":"2400","text":"If we allow censorship where there is a documented guarantee of academic freedom of inquiry unencumbered by prejudice and intolerance how much more likely is it that censorship will proliferate in the society at large where no such rigorous commitment to intellectual inquiry exists?","type":"I","timestamp":"2012-04-12 18:25:44"},{"nodeID":"2401","text":"If we allow censorship in universities we will allow it in the society","type":"I","timestamp":"2012-04-12 18:25:44"},{"nodeID":"2402","text":"University and society are similar under the point of view of reaction to rules","type":"I","timestamp":"2012-04-12 18:25:44"},{"nodeID":"2403","text":"The application of a rule ina society is proportional to its moral commitments","type":"I","timestamp":"2012-04-12 18:25:44"},{"nodeID":"2404","text":"RA","type":"RA","timestamp":"2012-04-12 18:25:44"},{"nodeID":"2405","text":"RA","type":"RA","timestamp":"2012-04-12 18:25:45","scheme":"Analogy"}],"edges":[{"edgeID":"2317","fromID":"2397","toID":"2404","formEdgeID":null},{"edgeID":"2318","fromID":"2398","toID":"2404","formEdgeID":null},{"edgeID":"2319","fromID":"2399","toID":"2404","formEdgeID":null},{"edgeID":"2320","fromID":"2404","toID":"2396","formEdgeID":null},{"edgeID":"2321","fromID":"2400","toID":"2405","formEdgeID":null},{"edgeID":"2322","fromID":"2401","toID":"2405","formEdgeID":null},{"edgeID":"2323","fromID":"2402","toID":"2405","formEdgeID":null},{"edgeID":"2324","fromID":"2403","toID":"2405","formEdgeID":null},{"edgeID":"2325","fromID":"2405","toID":"2398","formEdgeID":null}]}