{"nodes":[{"nodeID":"4051","text":"African organizations should be appreciated and","type":"I","timestamp":"2012-04-12 18:31:12"},{"nodeID":"4052","text":"She had substantial physical disabilities needed to wear a special corset and required corrective surgery at some stage. That is expensive in this country but African organisations that are working with those children and saving them from otherwise certain death and putting them on the road to recovery are scratching around to find the money to provide a complex range of services and give those children a reasonable life.","type":"I","timestamp":"2012-04-12 18:31:12"},{"nodeID":"4053","text":"We may not appreciate the enormous lengths to which some organisations go to try to save children from an early death and to improve their health.","type":"I","timestamp":"2012-04-12 18:31:13"},{"nodeID":"4054","text":"If an organization are trying to save children they should be supported and appreciated","type":"I","timestamp":"2012-04-12 18:31:13"},{"nodeID":"4055","text":"RA","type":"RA","timestamp":"2012-04-12 18:31:13","scheme":"Example"},{"nodeID":"4056","text":"RA","type":"RA","timestamp":"2012-04-12 18:31:13"}],"edges":[{"edgeID":"3817","fromID":"4052","toID":"4055","formEdgeID":null},{"edgeID":"3818","fromID":"4055","toID":"4053","formEdgeID":null},{"edgeID":"3819","fromID":"4053","toID":"4056","formEdgeID":null},{"edgeID":"3820","fromID":"4054","toID":"4056","formEdgeID":null},{"edgeID":"3821","fromID":"4056","toID":"4051","formEdgeID":null}]}