{"nodes":[{"nodeID":"2429","text":"it is frequently necessary to resort to  experimentation especially for industrial wastes","type":"I","timestamp":"2012-04-12 18:25:50"},{"nodeID":"2430","text":"In establishing the stoichiometric thermochemical and kinetic relationships [in a  biological process used in wastewater treatment DH] it must be remembered that these  can be greatly influenced by such environmental variables as temperature pH light ionic  environment etc.","type":"I","timestamp":"2012-04-12 18:25:51"},{"nodeID":"2431","text":"The gaol is to establish the stoichiometric thermochemical and kinetic relationships.","type":"I","timestamp":"2012-04-12 18:25:51"},{"nodeID":"2432","text":"RA","type":"RA","timestamp":"2012-04-12 18:25:51","scheme":"PracticalReasoning"}],"edges":[{"edgeID":"2347","fromID":"2430","toID":"2432","formEdgeID":null},{"edgeID":"2348","fromID":"2431","toID":"2432","formEdgeID":null},{"edgeID":"2349","fromID":"2432","toID":"2429","formEdgeID":null}]}