{"nodes":[{"nodeID":"4671","text":"that would be contrary to the idea of grace","type":"I","timestamp":"2012-04-12 18:33:16"},{"nodeID":"4672","text":"God chose the beneficiaries of his grace on the ground of some distinctive merit they possessed","type":"I","timestamp":"2012-04-12 18:33:16"},{"nodeID":"4673","text":"which implies a free gift not something given to someone who deserves it on account of merit.","type":"I","timestamp":"2012-04-12 18:33:16"},{"nodeID":"4674","text":"RA","type":"RA","timestamp":"2012-04-12 18:33:16","scheme":"VerbalClassification"}],"edges":[{"edgeID":"4391","fromID":"4672","toID":"4674","formEdgeID":null},{"edgeID":"4392","fromID":"4673","toID":"4674","formEdgeID":null},{"edgeID":"4393","fromID":"4674","toID":"4671","formEdgeID":null}]}