{"nodes":[{"nodeID":"674","text":"The Japanese people need to take that statement humbly","type":"I","timestamp":"2012-04-12 18:19:41"},{"nodeID":"675","text":"there are still many people including politicians who seem to glorify or whitewash some of our nation's misdeeds.","type":"I","timestamp":"2012-04-12 18:19:41"},{"nodeID":"1965","text":"The latest example is a remark by the policy chief of the Liberal Democratic Party that tried to justify Japan's colonial policy of forcing Koreans to take Japanese surnames.","type":"I","timestamp":"2012-04-12 18:24:04"},{"nodeID":"1966","text":"Mutual confidence not narrow nationalism is what the two nations need most as they look to the future.","type":"I","timestamp":"2012-04-12 18:24:05"},{"nodeID":"1967","text":"Japan does not need nationalism","type":"I","timestamp":"2012-04-12 18:24:05"},{"nodeID":"1968","text":"The best means to meet the needs of the peace is to behave humbly","type":"I","timestamp":"2012-04-12 18:24:05"},{"nodeID":"1969","text":"RA","type":"RA","timestamp":"2012-04-12 18:24:05","scheme":"Example"},{"nodeID":"1970","text":"RA","type":"RA","timestamp":"2012-04-12 18:24:05"},{"nodeID":"1971","text":"RA","type":"RA","timestamp":"2012-04-12 18:24:05"}],"edges":[{"edgeID":"1858","fromID":"1965","toID":"1969","formEdgeID":null},{"edgeID":"1859","fromID":"1969","toID":"675","formEdgeID":null},{"edgeID":"1860","fromID":"1966","toID":"1970","formEdgeID":null},{"edgeID":"1861","fromID":"1970","toID":"1967","formEdgeID":null},{"edgeID":"1862","fromID":"675","toID":"1971","formEdgeID":null},{"edgeID":"1863","fromID":"1967","toID":"1971","formEdgeID":null},{"edgeID":"1864","fromID":"1968","toID":"1971","formEdgeID":null},{"edgeID":"1865","fromID":"1971","toID":"674","formEdgeID":null}]}