{"nodes":[{"nodeID":"2901","text":"Kerry's statement should not be accepted as true","type":"I","timestamp":"2012-04-12 18:27:24"},{"nodeID":"2902","text":"My opponent recently announced that he is the candidate of  conservative values  which must have come as a surprise to a lot of his supporters.","type":"I","timestamp":"2012-04-12 18:27:25"},{"nodeID":"2903","text":"Kerry was precedently committed to be a non-conservative","type":"I","timestamp":"2012-04-12 18:27:25"},{"nodeID":"2904","text":"Kerry is committed to be a conservative","type":"I","timestamp":"2012-04-12 18:27:25"},{"nodeID":"2905","text":"If you say the heart and soul of America is found in Hollywood I'm afraid you are not the candidate of conservative values","type":"I","timestamp":"2012-04-12 18:27:25"},{"nodeID":"2906","text":"Who claims that the heart of America is in Hollywood has not conservative values","type":"I","timestamp":"2012-04-12 18:27:25"},{"nodeID":"2907","text":"If you voted against the bipartisan Defense of Marriage Act which President Clinton signed you are not the candidate of conservative values.","type":"I","timestamp":"2012-04-12 18:27:25"},{"nodeID":"2908","text":"Who votes against a typical conservative law has not conservative values","type":"I","timestamp":"2012-04-12 18:27:25"},{"nodeID":"2909","text":"If you gave a speech as my opponent did calling the Reagan presidency eight years of  moral darkness  then you may be a lot of things but the candidate of conservative values is not one of them.","type":"I","timestamp":"2012-04-12 18:27:25"},{"nodeID":"2910","text":"Who claims that one of the most conservative presidencies was a moral darkness has not conservative values","type":"I","timestamp":"2012-04-12 18:27:25"},{"nodeID":"2911","text":"RA","type":"RA","timestamp":"2012-04-12 18:27:25","scheme":"Commitment"},{"nodeID":"2912","text":"RA","type":"RA","timestamp":"2012-04-12 18:27:25","scheme":"InconsistentCommitment"},{"nodeID":"2913","text":"RA","type":"RA","timestamp":"2012-04-12 18:27:26","scheme":"Commitment"},{"nodeID":"2914","text":"RA","type":"RA","timestamp":"2012-04-12 18:27:26","scheme":"Commitment"},{"nodeID":"2915","text":"RA","type":"RA","timestamp":"2012-04-12 18:27:26","scheme":"Commitment"}],"edges":[{"edgeID":"2787","fromID":"2902","toID":"2911","formEdgeID":null},{"edgeID":"2788","fromID":"2911","toID":"2904","formEdgeID":null},{"edgeID":"2789","fromID":"2903","toID":"2912","formEdgeID":null},{"edgeID":"2790","fromID":"2904","toID":"2912","formEdgeID":null},{"edgeID":"2791","fromID":"2912","toID":"2901","formEdgeID":null},{"edgeID":"2792","fromID":"2905","toID":"2913","formEdgeID":null},{"edgeID":"2793","fromID":"2906","toID":"2913","formEdgeID":null},{"edgeID":"2794","fromID":"2913","toID":"2903","formEdgeID":null},{"edgeID":"2795","fromID":"2907","toID":"2914","formEdgeID":null},{"edgeID":"2796","fromID":"2908","toID":"2914","formEdgeID":null},{"edgeID":"2797","fromID":"2914","toID":"2903","formEdgeID":null},{"edgeID":"2798","fromID":"2909","toID":"2915","formEdgeID":null},{"edgeID":"2799","fromID":"2910","toID":"2915","formEdgeID":null},{"edgeID":"2800","fromID":"2915","toID":"2903","formEdgeID":null}]}