{"nodes":[{"nodeID":"3287","text":"Wicked actions should not be judged by their results but by the wickedness which they imply.","type":"I","timestamp":"2012-04-12 18:28:39"},{"nodeID":"3288","text":"If a pilot loses a vessel loaded with gold rather than a barge loaded with straw there will be some difference in the amount of the loss but none in the incompetence of the pilot.","type":"I","timestamp":"2012-04-12 18:28:39"},{"nodeID":"3289","text":"Everybody accepts that the consequences of the pilot's wrongdoing do not diminish his incompetence","type":"I","timestamp":"2012-04-12 18:28:39"},{"nodeID":"3290","text":"RA","type":"RA","timestamp":"2012-04-12 18:28:40"}],"edges":[{"edgeID":"3146","fromID":"3288","toID":"3290","formEdgeID":null},{"edgeID":"3147","fromID":"3289","toID":"3290","formEdgeID":null},{"edgeID":"3148","fromID":"3290","toID":"3287","formEdgeID":null}]}