{"nodes":[{"nodeID":"1747","text":"It was the wrong political agenda that caused the the loss in Gujrat","type":"I","timestamp":"2012-04-12 18:23:17"},{"nodeID":"1748","text":"This is obvious in the public pronouncements of its leaders","type":"I","timestamp":"2012-04-12 18:23:18"},{"nodeID":"1749","text":"in the poll strategies of its candidates","type":"I","timestamp":"2012-04-12 18:23:18"},{"nodeID":"1750","text":"in the election manifesto the party released last week.","type":"I","timestamp":"2012-04-12 18:23:18"},{"nodeID":"1751","text":"It has allowed the vituperative eloquence of Narendra Modi and Company to seep into its consciousness","type":"I","timestamp":"2012-04-12 18:23:18"},{"nodeID":"1752","text":"The political agenda was bad","type":"I","timestamp":"2012-04-12 18:23:18"},{"nodeID":"1753","text":"POLITICAL acumen is about setting the political agenda.","type":"I","timestamp":"2012-04-12 18:23:18"},{"nodeID":"1754","text":"Going by this token the Congress has lost in Gujarat whatever the outcome of the December 12 election in that state.","type":"I","timestamp":"2012-04-12 18:23:18"},{"nodeID":"1755","text":"Being submitted and donning masks is a bad consequence of the political agenda","type":"I","timestamp":"2012-04-12 18:23:18"},{"nodeID":"1756","text":"It has allowed itself to be spooked into submission into donning elaborate masks and disguises.","type":"I","timestamp":"2012-04-12 18:23:18"},{"nodeID":"1757","text":"Second guessing treading warily speaking in whispers are bad consequences of the political agenda","type":"I","timestamp":"2012-04-12 18:23:18"},{"nodeID":"1758","text":"cause it to second-guess its opponent tread warily speak in whispers","type":"I","timestamp":"2012-04-12 18:23:18"},{"nodeID":"1759","text":"RA","type":"RA","timestamp":"2012-04-12 18:23:18","scheme":"Example"},{"nodeID":"1760","text":"RA","type":"RA","timestamp":"2012-04-12 18:23:18","scheme":"Example"},{"nodeID":"1761","text":"RA","type":"RA","timestamp":"2012-04-12 18:23:19","scheme":"Example"},{"nodeID":"1762","text":"RA","type":"RA","timestamp":"2012-04-12 18:23:19","scheme":"CauseToEffect"},{"nodeID":"1763","text":"RA","type":"RA","timestamp":"2012-04-12 18:23:19","scheme":"CorrelationToCause"},{"nodeID":"1764","text":"RA","type":"RA","timestamp":"2012-04-12 18:23:20"},{"nodeID":"1765","text":"RA","type":"RA","timestamp":"2012-04-12 18:23:20"}],"edges":[{"edgeID":"1636","fromID":"1748","toID":"1759","formEdgeID":null},{"edgeID":"1637","fromID":"1759","toID":"1756","formEdgeID":null},{"edgeID":"1638","fromID":"1749","toID":"1760","formEdgeID":null},{"edgeID":"1639","fromID":"1760","toID":"1756","formEdgeID":null},{"edgeID":"1640","fromID":"1750","toID":"1761","formEdgeID":null},{"edgeID":"1641","fromID":"1761","toID":"1756","formEdgeID":null},{"edgeID":"1642","fromID":"1751","toID":"1762","formEdgeID":null},{"edgeID":"1643","fromID":"1762","toID":"1758","formEdgeID":null},{"edgeID":"1644","fromID":"1752","toID":"1763","formEdgeID":null},{"edgeID":"1645","fromID":"1753","toID":"1763","formEdgeID":null},{"edgeID":"1646","fromID":"1754","toID":"1763","formEdgeID":null},{"edgeID":"1647","fromID":"1763","toID":"1747","formEdgeID":null},{"edgeID":"1648","fromID":"1755","toID":"1764","formEdgeID":null},{"edgeID":"1649","fromID":"1756","toID":"1764","formEdgeID":null},{"edgeID":"1650","fromID":"1764","toID":"1752","formEdgeID":null},{"edgeID":"1651","fromID":"1757","toID":"1765","formEdgeID":null},{"edgeID":"1652","fromID":"1758","toID":"1765","formEdgeID":null},{"edgeID":"1653","fromID":"1765","toID":"1752","formEdgeID":null}]}