{"nodes":[{"nodeID":"4691","text":"how bad can it be","type":"I","timestamp":"2012-04-12 18:33:20"},{"nodeID":"4692","text":"the Flintstones enjoy a good smoke","type":"I","timestamp":"2012-04-12 18:33:20"},{"nodeID":"4693","text":"The Flintstones are innocent","type":"I","timestamp":"2012-04-12 18:33:20"},{"nodeID":"4694","text":"RA","type":"RA","timestamp":"2012-04-12 18:33:20","scheme":"Analogy"}],"edges":[{"edgeID":"4408","fromID":"4692","toID":"4694","formEdgeID":null},{"edgeID":"4409","fromID":"4693","toID":"4694","formEdgeID":null},{"edgeID":"4410","fromID":"4694","toID":"4691","formEdgeID":null}]}