{"nodes":[{"nodeID":"3996","text":"It is obvious that children should ideally be raised in a family with both mother and a father","type":"I","timestamp":"2012-04-12 18:31:01"},{"nodeID":"3997","text":"it has been that way for thousands of years.","type":"I","timestamp":"2012-04-12 18:31:01"},{"nodeID":"3998","text":"People for thousands of years believed that the right thing to do was raising children in families with both mother and father","type":"I","timestamp":"2012-04-12 18:31:01"},{"nodeID":"3999","text":"RA","type":"RA","timestamp":"2012-04-12 18:31:01","scheme":"PopularPractice"}],"edges":[{"edgeID":"3767","fromID":"3997","toID":"3999","formEdgeID":null},{"edgeID":"3768","fromID":"3998","toID":"3999","formEdgeID":null},{"edgeID":"3769","fromID":"3999","toID":"3996","formEdgeID":null}]}