{"nodes":[{"nodeID":"3742","text":"These videos MUST be shown","type":"I","timestamp":"2012-04-12 18:30:11"},{"nodeID":"3743","text":"It is the only way to provoke debate that is essential to maintain any democracy","type":"I","timestamp":"2012-04-12 18:30:11"},{"nodeID":"3744","text":"Our goal is to maintain debate and democracy","type":"I","timestamp":"2012-04-12 18:30:11"},{"nodeID":"3745","text":"RA","type":"RA","timestamp":"2012-04-12 18:30:11","scheme":"PracticalReasoning"}],"edges":[{"edgeID":"3539","fromID":"3743","toID":"3745","formEdgeID":null},{"edgeID":"3540","fromID":"3744","toID":"3745","formEdgeID":null},{"edgeID":"3541","fromID":"3745","toID":"3742","formEdgeID":null}]}