{"nodes":[{"nodeID":"4222","text":"There is no possible compromise or negotiated solution","type":"I","timestamp":"2012-04-12 18:31:47"},{"nodeID":"4223","text":"He cited examples like the return to  pretty much normal  relations between Greece and Turkey since their Cyprus clash.","type":"I","timestamp":"2012-04-12 18:31:48"},{"nodeID":"4224","text":"When the issue is political power and control of territory and resources statesmen can resolve conflicts he said.","type":"I","timestamp":"2012-04-12 18:31:48"},{"nodeID":"4225","text":"The instigators are not concerned with a particular piece of territory","type":"I","timestamp":"2012-04-12 18:31:48"},{"nodeID":"4226","text":"RA","type":"RA","timestamp":"2012-04-12 18:31:48","scheme":"Example"},{"nodeID":"4227","text":"RA","type":"RA","timestamp":"2012-04-12 18:31:48"}],"edges":[{"edgeID":"3973","fromID":"4223","toID":"4226","formEdgeID":null},{"edgeID":"3974","fromID":"4226","toID":"4224","formEdgeID":null},{"edgeID":"3975","fromID":"4224","toID":"4227","formEdgeID":null},{"edgeID":"3976","fromID":"4225","toID":"4227","formEdgeID":null},{"edgeID":"3977","fromID":"4227","toID":"4222","formEdgeID":null}]}