{"nodes":[{"nodeID":"3335","text":"He is an Italian.","type":"I","timestamp":"2012-04-12 18:28:48"},{"nodeID":"3336","text":"Paolo is Italian that always eat pasta","type":"I","timestamp":"2012-04-12 18:28:48"},{"nodeID":"3337","text":"Paolo always eats pasta","type":"I","timestamp":"2012-04-12 18:28:48"},{"nodeID":"3338","text":"RA","type":"RA","timestamp":"2012-04-12 18:28:48"}],"edges":[{"edgeID":"3185","fromID":"3336","toID":"3338","formEdgeID":null},{"edgeID":"3186","fromID":"3337","toID":"3338","formEdgeID":null},{"edgeID":"3187","fromID":"3338","toID":"3335","formEdgeID":null}]}