{"nodes":[{"nodeID":"4072","text":"io stesso ne voglio essere il trovatore","type":"I","timestamp":"2012-04-12 18:31:17"},{"nodeID":"4073","text":"io non abbia da dolermi d'altrui che di me se mal venisse fatto","type":"I","timestamp":"2012-04-12 18:31:17"},{"nodeID":"4074","text":"Il modo migliore per essere responsabile dell`errore e` prendere la decisione dal solo","type":"I","timestamp":"2012-04-12 18:31:17"},{"nodeID":"4075","text":"RA","type":"RA","timestamp":"2012-04-12 18:31:17"}],"edges":[{"edgeID":"3836","fromID":"4073","toID":"4075","formEdgeID":null},{"edgeID":"3837","fromID":"4074","toID":"4075","formEdgeID":null},{"edgeID":"3838","fromID":"4075","toID":"4072","formEdgeID":null}]}