{"nodes":[{"nodeID":"3267","text":"You who are a king over a multitude ought not to be of the same mind as men at large convinced that you do not appraise what things are worthy or what men are wise by the standard of the pleasure they bring you but that you test them in the light of their practical value","type":"I","timestamp":"2012-04-12 18:28:35"},{"nodeID":"3268","text":"You wants to be different from the multitude","type":"I","timestamp":"2012-04-12 18:28:36"},{"nodeID":"3269","text":"The multitude think that you test people and things in the light of their practical value","type":"I","timestamp":"2012-04-12 18:28:36"},{"nodeID":"3270","text":"The multitude is an anti-model for you","type":"I","timestamp":"2012-04-12 18:28:36"},{"nodeID":"3271","text":"RA","type":"RA","timestamp":"2012-04-12 18:28:36"}],"edges":[{"edgeID":"3130","fromID":"3268","toID":"3271","formEdgeID":null},{"edgeID":"3131","fromID":"3269","toID":"3271","formEdgeID":null},{"edgeID":"3132","fromID":"3270","toID":"3271","formEdgeID":null},{"edgeID":"3133","fromID":"3271","toID":"3267","formEdgeID":null}]}