{"nodes":[{"nodeID":"3113","text":"We cannot allow the return of tyranny to Iraq","type":"I","timestamp":"2012-04-12 18:28:06"},{"nodeID":"3114","text":"The return of tyranny to Iraq would be an unprecedented terrorist victory and a cause for killers to rejoice.","type":"I","timestamp":"2012-04-12 18:28:06"},{"nodeID":"3115","text":"It would also embolden the terrorists leading to more bombings more beheadings and more murders of the innocent around the world.","type":"I","timestamp":"2012-04-12 18:28:06"},{"nodeID":"3116","text":"We cannot accept murders and bombings","type":"I","timestamp":"2012-04-12 18:28:06"},{"nodeID":"3117","text":"RA","type":"RA","timestamp":"2012-04-12 18:28:06"}],"edges":[{"edgeID":"2991","fromID":"3114","toID":"3117","formEdgeID":null},{"edgeID":"2992","fromID":"3115","toID":"3117","formEdgeID":null},{"edgeID":"2993","fromID":"3116","toID":"3117","formEdgeID":null},{"edgeID":"2994","fromID":"3117","toID":"3113","formEdgeID":null}]}