{"nodes":[{"nodeID":"3386","text":"The proposal of calling on the experience of two generations should be accepted","type":"I","timestamp":"2012-04-12 18:28:58"},{"nodeID":"3387","text":"Since the quality of our judgements does not depend on our age but on our temperament and our faculty of attention why not make it obligatory to call on the experience of two generations in order to make it possible the choice of the wisest counsel on all matters?","type":"I","timestamp":"2012-04-12 18:28:58"},{"nodeID":"3388","text":"Having the wisest council on all matters is extremely positive for everyone","type":"I","timestamp":"2012-04-12 18:28:58"},{"nodeID":"3389","text":"RA","type":"RA","timestamp":"2012-04-12 18:28:58"}],"edges":[{"edgeID":"3224","fromID":"3387","toID":"3389","formEdgeID":null},{"edgeID":"3225","fromID":"3388","toID":"3389","formEdgeID":null},{"edgeID":"3226","fromID":"3389","toID":"3386","formEdgeID":null}]}