{"nodes":[{"nodeID":"3506","text":"Yesterday has been a wonderful day","type":"I","timestamp":"2012-04-12 18:29:21"},{"nodeID":"3507","text":"In the morning we had great fun","type":"I","timestamp":"2012-04-12 18:29:21"},{"nodeID":"3508","text":"you cannot say that the afternoon was bad.","type":"I","timestamp":"2012-04-12 18:29:21"},{"nodeID":"3509","text":"Either the afternoon was bad or the day was wonderful","type":"I","timestamp":"2012-04-12 18:29:21"},{"nodeID":"3510","text":"RA","type":"RA","timestamp":"2012-04-12 18:29:21"}],"edges":[{"edgeID":"3328","fromID":"3507","toID":"3510","formEdgeID":null},{"edgeID":"3329","fromID":"3508","toID":"3510","formEdgeID":null},{"edgeID":"3330","fromID":"3509","toID":"3510","formEdgeID":null},{"edgeID":"3331","fromID":"3510","toID":"3506","formEdgeID":null}]}