{"nodes":[{"nodeID":"2293","text":"Then why me? Why not Shirley? How is she better than I am?","type":"I","timestamp":"2012-04-12 18:25:22"},{"nodeID":"2294","text":"Janet is worse than Shirley","type":"I","timestamp":"2012-04-12 18:25:22"},{"nodeID":"2295","text":"If A is worse than B B is better than A","type":"I","timestamp":"2012-04-12 18:25:22"},{"nodeID":"2296","text":"The girl has been moved in the room downstairs","type":"I","timestamp":"2012-04-12 18:25:22"},{"nodeID":"2297","text":"Being put in a worse room is a bad treatment","type":"I","timestamp":"2012-04-12 18:25:22"},{"nodeID":"2298","text":"If a person is worse than another she will be treated in a worse manner","type":"I","timestamp":"2012-04-12 18:25:22"},{"nodeID":"2299","text":"RA","type":"RA","timestamp":"2012-04-12 18:25:22"},{"nodeID":"2300","text":"RA","type":"RA","timestamp":"2012-04-12 18:25:23"}],"edges":[{"edgeID":"2222","fromID":"2294","toID":"2299","formEdgeID":null},{"edgeID":"2223","fromID":"2295","toID":"2299","formEdgeID":null},{"edgeID":"2224","fromID":"2299","toID":"2293","formEdgeID":null},{"edgeID":"2225","fromID":"2296","toID":"2300","formEdgeID":null},{"edgeID":"2226","fromID":"2297","toID":"2300","formEdgeID":null},{"edgeID":"2227","fromID":"2298","toID":"2300","formEdgeID":null},{"edgeID":"2228","fromID":"2300","toID":"2294","formEdgeID":null}]}