{"nodes":[{"nodeID":"3414","text":"O that they should love one other!","type":"I","timestamp":"2012-04-12 18:29:03"},{"nodeID":"3415","text":"They both loved me!","type":"I","timestamp":"2012-04-12 18:29:03"},{"nodeID":"3416","text":"The relation of love is transitive","type":"I","timestamp":"2012-04-12 18:29:03"},{"nodeID":"3417","text":"RA","type":"RA","timestamp":"2012-04-12 18:29:03"}],"edges":[{"edgeID":"3246","fromID":"3415","toID":"3417","formEdgeID":null},{"edgeID":"3247","fromID":"3416","toID":"3417","formEdgeID":null},{"edgeID":"3248","fromID":"3417","toID":"3414","formEdgeID":null}]}