{"nodes":[{"nodeID":"1532","text":"The president is not able to plan and organize war operations","type":"I","timestamp":"2012-04-12 18:22:32"},{"nodeID":"1533","text":"They didn't do the planning.","type":"I","timestamp":"2012-04-12 18:22:32"},{"nodeID":"1534","text":"They left the planning of the State Department in the State Department desks.","type":"I","timestamp":"2012-04-12 18:22:32"},{"nodeID":"1535","text":"They avoided even the advice of their own general. General Shinsheki the Army chief of staff said you're going to need several hundred thousand troops.","type":"I","timestamp":"2012-04-12 18:22:33"},{"nodeID":"1536","text":"The terrorism czar who has worked for every president since Ronald Reagan said","type":"I","timestamp":"2012-04-12 18:22:33"},{"nodeID":"1537","text":"He went to Cincinnati and he gave a speech in which he said  We will plan carefully. We will proceed cautiously. We will not make war inevitable. We will go with our allies.","type":"I","timestamp":"2012-04-12 18:22:33"},{"nodeID":"1538","text":"He didn't do any of those things.","type":"I","timestamp":"2012-04-12 18:22:33"},{"nodeID":"1539","text":"Invading Iraq has been a foolish action","type":"I","timestamp":"2012-04-12 18:22:33"},{"nodeID":"1540","text":"The president ordered to invade Iraq","type":"I","timestamp":"2012-04-12 18:22:33"},{"nodeID":"1541","text":"Invading Iraq in response to 9\/11 would be like Franklin Roosevelt invading Mexico in response to Pearl Harbor.","type":"I","timestamp":"2012-04-12 18:22:33"},{"nodeID":"1542","text":"Invanding Mexico would have been foolish","type":"I","timestamp":"2012-04-12 18:22:33"},{"nodeID":"1543","text":"RA","type":"RA","timestamp":"2012-04-12 18:22:33","scheme":"Example"},{"nodeID":"1544","text":"RA","type":"RA","timestamp":"2012-04-12 18:22:33","scheme":"Example"},{"nodeID":"1545","text":"RA","type":"RA","timestamp":"2012-04-12 18:22:34","scheme":"Example"},{"nodeID":"1546","text":"RA","type":"RA","timestamp":"2012-04-12 18:22:34","scheme":"ExpertOpinion"},{"nodeID":"1547","text":"RA","type":"RA","timestamp":"2012-04-12 18:22:34","scheme":"Example"},{"nodeID":"1548","text":"RA","type":"RA","timestamp":"2012-04-12 18:22:34"},{"nodeID":"1549","text":"RA","type":"RA","timestamp":"2012-04-12 18:22:35","scheme":"Analogy"}],"edges":[{"edgeID":"1422","fromID":"1533","toID":"1543","formEdgeID":null},{"edgeID":"1423","fromID":"1543","toID":"1538","formEdgeID":null},{"edgeID":"1424","fromID":"1534","toID":"1544","formEdgeID":null},{"edgeID":"1425","fromID":"1544","toID":"1538","formEdgeID":null},{"edgeID":"1426","fromID":"1535","toID":"1545","formEdgeID":null},{"edgeID":"1427","fromID":"1545","toID":"1538","formEdgeID":null},{"edgeID":"1428","fromID":"1536","toID":"1546","formEdgeID":null},{"edgeID":"1429","fromID":"1546","toID":"1541","formEdgeID":null},{"edgeID":"1430","fromID":"1537","toID":"1547","formEdgeID":null},{"edgeID":"1431","fromID":"1538","toID":"1547","formEdgeID":null},{"edgeID":"1432","fromID":"1547","toID":"1532","formEdgeID":null},{"edgeID":"1433","fromID":"1539","toID":"1548","formEdgeID":null},{"edgeID":"1434","fromID":"1540","toID":"1548","formEdgeID":null},{"edgeID":"1435","fromID":"1548","toID":"1532","formEdgeID":null},{"edgeID":"1436","fromID":"1541","toID":"1549","formEdgeID":null},{"edgeID":"1437","fromID":"1542","toID":"1549","formEdgeID":null},{"edgeID":"1438","fromID":"1549","toID":"1539","formEdgeID":null}]}