{"nodes":[{"nodeID":"3347","text":"If therefore the present king seizes Egypt he also will cross and therefore we must not let him.","type":"I","timestamp":"2012-04-12 18:28:50"},{"nodeID":"3348","text":"Darius of old did not cross the Aegean until he had seized Egypt; but once he had seized it he did cross","type":"I","timestamp":"2012-04-12 18:28:50"},{"nodeID":"3349","text":"Darius was a Persian king with the same expansionistic plan as the present king of Persia","type":"I","timestamp":"2012-04-12 18:28:50"},{"nodeID":"3350","text":"RA","type":"RA","timestamp":"2012-04-12 18:28:51"}],"edges":[{"edgeID":"3194","fromID":"3348","toID":"3350","formEdgeID":null},{"edgeID":"3195","fromID":"3349","toID":"3350","formEdgeID":null},{"edgeID":"3196","fromID":"3350","toID":"3347","formEdgeID":null}]}