{"nodes":[{"nodeID":"378","text":"semesterisation is a good idea","type":"I","timestamp":"2012-04-12 18:18:45"},{"nodeID":"379","text":"should be avoided at all costs","type":"I","timestamp":"2012-04-12 18:18:45"},{"nodeID":"380","text":"semesterisation is going to involve an enormous amount of work","type":"I","timestamp":"2012-04-12 18:18:45"},{"nodeID":"381","text":"more flexibility for students","type":"I","timestamp":"2012-04-12 18:18:45"},{"nodeID":"382","text":"administration for the university","type":"I","timestamp":"2012-04-12 18:18:45"},{"nodeID":"383","text":"semesterisation would lead to a reduced workload for staff","type":"I","timestamp":"2012-04-12 18:18:45"},{"nodeID":"384","text":"VCBrown says 'semesterisation is a good idea'","type":"L","timestamp":"2012-04-12 18:18:45"},{"nodeID":"386","text":"VCBrown says 'more flexibility for students'","type":"L","timestamp":"2012-04-12 18:18:45"},{"nodeID":"388","text":"VCBrown says 'administration for the university'","type":"L","timestamp":"2012-04-12 18:18:45"},{"nodeID":"390","text":"VCBrown says 'semesterisation would lead to a reduced workload for staff'","type":"L","timestamp":"2012-04-12 18:18:46"},{"nodeID":"392","text":"Speaker says 'should be avoided at all costs'","type":"L","timestamp":"2012-04-12 18:18:46"},{"nodeID":"394","text":"Speaker says 'semesterisation is going to involve an enormous amount of work'","type":"L","timestamp":"2012-04-12 18:18:46"},{"nodeID":"2084","text":"YA_140f47611745c4931beb36fcfcdb2c94","type":"YA","timestamp":"2012-04-12 18:24:35"},{"nodeID":"2085","text":"YA_140f47611745c4931beb36fcfcdb2c94","type":"YA","timestamp":"2012-04-12 18:24:35"},{"nodeID":"2086","text":"YA_140f47611745c4931beb36fcfcdb2c94","type":"YA","timestamp":"2012-04-12 18:24:35"},{"nodeID":"2087","text":"YA_140f47611745c4931beb36fcfcdb2c94","type":"YA","timestamp":"2012-04-12 18:24:35"},{"nodeID":"2088","text":"YA_140f47611745c4931beb36fcfcdb2c94","type":"YA","timestamp":"2012-04-12 18:24:36"},{"nodeID":"2089","text":"YA_140f47611745c4931beb36fcfcdb2c94","type":"YA","timestamp":"2012-04-12 18:24:36"},{"nodeID":"2090","text":"CA","type":"CA","timestamp":"2012-04-12 18:24:36"},{"nodeID":"2091","text":"RA","type":"RA","timestamp":"2012-04-12 18:24:37"},{"nodeID":"2092","text":"RA","type":"RA","timestamp":"2012-04-12 18:24:37"},{"nodeID":"2093","text":"RA","type":"RA","timestamp":"2012-04-12 18:24:37"},{"nodeID":"2094","text":"RA","type":"RA","timestamp":"2012-04-12 18:24:38"}],"edges":[{"edgeID":"2003","fromID":"384","toID":"2084","formEdgeID":null},{"edgeID":"2004","fromID":"2084","toID":"378","formEdgeID":null},{"edgeID":"2005","fromID":"386","toID":"2085","formEdgeID":null},{"edgeID":"2006","fromID":"2085","toID":"381","formEdgeID":null},{"edgeID":"2007","fromID":"388","toID":"2086","formEdgeID":null},{"edgeID":"2008","fromID":"2086","toID":"382","formEdgeID":null},{"edgeID":"2009","fromID":"390","toID":"2087","formEdgeID":null},{"edgeID":"2010","fromID":"2087","toID":"383","formEdgeID":null},{"edgeID":"2011","fromID":"392","toID":"2088","formEdgeID":null},{"edgeID":"2012","fromID":"2088","toID":"379","formEdgeID":null},{"edgeID":"2013","fromID":"394","toID":"2089","formEdgeID":null},{"edgeID":"2014","fromID":"2089","toID":"380","formEdgeID":null},{"edgeID":"2015","fromID":"379","toID":"2090","formEdgeID":null},{"edgeID":"2016","fromID":"2090","toID":"378","formEdgeID":null},{"edgeID":"2017","fromID":"380","toID":"2091","formEdgeID":null},{"edgeID":"2018","fromID":"2091","toID":"379","formEdgeID":null},{"edgeID":"2019","fromID":"381","toID":"2092","formEdgeID":null},{"edgeID":"2020","fromID":"2092","toID":"378","formEdgeID":null},{"edgeID":"2021","fromID":"382","toID":"2093","formEdgeID":null},{"edgeID":"2022","fromID":"2093","toID":"378","formEdgeID":null},{"edgeID":"2023","fromID":"383","toID":"2094","formEdgeID":null},{"edgeID":"2024","fromID":"2094","toID":"378","formEdgeID":null}]}