{"nodes":[{"nodeID":"2651","text":"New jobs should be created","type":"I","timestamp":"2012-04-12 18:26:35"},{"nodeID":"2652","text":"Bush' plan is to create more jobs","type":"I","timestamp":"2012-04-12 18:26:35"},{"nodeID":"2653","text":"To create more jobs in America America must be the best place in the world to do business.","type":"I","timestamp":"2012-04-12 18:26:36"},{"nodeID":"2654","text":"We now compete in a global market that provides new buyers for our goods but new competition for our workers.","type":"I","timestamp":"2012-04-12 18:26:36"},{"nodeID":"2655","text":"The best means to win the competition and providing the security and opportunity of a growing economy is to create more jobs","type":"I","timestamp":"2012-04-12 18:26:36"},{"nodeID":"2656","text":"My plan begins with providing the security and opportunity of a growing economy.","type":"I","timestamp":"2012-04-12 18:26:36"},{"nodeID":"2657","text":"To create jobs my plan will encourage investment and expansion by restraining federal spending reducing regulation and making tax relief permanent.","type":"I","timestamp":"2012-04-12 18:26:36"},{"nodeID":"2658","text":"To create jobs we will make our country less dependent on foreign sources of energy.","type":"I","timestamp":"2012-04-12 18:26:36"},{"nodeID":"2659","text":"To create jobs we will expand trade and level the playing field to sell American goods and services across the globe.","type":"I","timestamp":"2012-04-12 18:26:36"},{"nodeID":"2660","text":"RA","type":"RA","timestamp":"2012-04-12 18:26:36"},{"nodeID":"2661","text":"RA","type":"RA","timestamp":"2012-04-12 18:26:36","scheme":"PracticalReasoning"},{"nodeID":"2662","text":"RA","type":"RA","timestamp":"2012-04-12 18:26:37"},{"nodeID":"2663","text":"RA","type":"RA","timestamp":"2012-04-12 18:26:37"},{"nodeID":"2664","text":"RA","type":"RA","timestamp":"2012-04-12 18:26:38"}],"edges":[{"edgeID":"2552","fromID":"2652","toID":"2660","formEdgeID":null},{"edgeID":"2553","fromID":"2653","toID":"2660","formEdgeID":null},{"edgeID":"2554","fromID":"2660","toID":"2651","formEdgeID":null},{"edgeID":"2555","fromID":"2654","toID":"2661","formEdgeID":null},{"edgeID":"2556","fromID":"2655","toID":"2661","formEdgeID":null},{"edgeID":"2557","fromID":"2656","toID":"2661","formEdgeID":null},{"edgeID":"2558","fromID":"2661","toID":"2652","formEdgeID":null},{"edgeID":"2559","fromID":"2657","toID":"2662","formEdgeID":null},{"edgeID":"2560","fromID":"2652","toID":"2662","formEdgeID":null},{"edgeID":"2561","fromID":"2662","toID":"2651","formEdgeID":null},{"edgeID":"2562","fromID":"2658","toID":"2663","formEdgeID":null},{"edgeID":"2563","fromID":"2652","toID":"2663","formEdgeID":null},{"edgeID":"2564","fromID":"2663","toID":"2651","formEdgeID":null},{"edgeID":"2565","fromID":"2659","toID":"2664","formEdgeID":null},{"edgeID":"2566","fromID":"2652","toID":"2664","formEdgeID":null},{"edgeID":"2567","fromID":"2664","toID":"2651","formEdgeID":null}]}