{"nodes":[{"nodeID":"2671","text":"L`alternativa posta da Berlusconi non e` una minaccia reale","type":"I","timestamp":"2012-04-12 18:26:40"},{"nodeID":"2672","text":"o decreto legge per Retequattro o mille disoccupati in pi .","type":"I","timestamp":"2012-04-12 18:26:40"},{"nodeID":"2673","text":"Ci sono molte strade per non mandare a spasso le persone .","type":"I","timestamp":"2012-04-12 18:26:40"},{"nodeID":"2674","text":"Solo se non possono essere trovate possibilita` alternative un'opposizione e` reale","type":"I","timestamp":"2012-04-12 18:26:40"},{"nodeID":"2675","text":"RA","type":"RA","timestamp":"2012-04-12 18:26:40"}],"edges":[{"edgeID":"2573","fromID":"2672","toID":"2675","formEdgeID":null},{"edgeID":"2574","fromID":"2673","toID":"2675","formEdgeID":null},{"edgeID":"2575","fromID":"2674","toID":"2675","formEdgeID":null},{"edgeID":"2576","fromID":"2675","toID":"2671","formEdgeID":null}]}