{"nodes":[{"nodeID":"523","text":"if growth remains below par - by which I mean below 6.0 per cent - and inflation moves upwards Singh will see all this praise melt away","type":"I","timestamp":"2012-04-12 18:19:12"},{"nodeID":"1243","text":"This is a good budget but it is based on a gamble","type":"I","timestamp":"2012-04-12 18:21:31"},{"nodeID":"1244","text":"If the gamble works Singh can still hope to get that widely coveted prize that eluded Yashwant Sinha for five years the global Best Finance Minister award.","type":"I","timestamp":"2012-04-12 18:21:31"},{"nodeID":"1245","text":"If something is subject to chance and hazard it is a gamble","type":"I","timestamp":"2012-04-12 18:21:31"},{"nodeID":"1246","text":"Inflation and growth depend on chance","type":"I","timestamp":"2012-04-12 18:21:31"},{"nodeID":"1247","text":"It will also dampen demand that Singh so desperately needs to make his strategy click","type":"I","timestamp":"2012-04-12 18:21:31"},{"nodeID":"1248","text":"If the strategy does not click he cannot be voted as the Best Finance Minister","type":"I","timestamp":"2012-04-12 18:21:31"},{"nodeID":"1249","text":"that is a threat a Singh tenure at the fisc certainly faces","type":"I","timestamp":"2012-04-12 18:21:31"},{"nodeID":"1250","text":"If Singh is not elected as a Minister he cannot win the prize","type":"I","timestamp":"2012-04-12 18:21:31"},{"nodeID":"1251","text":"Nothing angers the middle class more than inflation","type":"I","timestamp":"2012-04-12 18:21:31"},{"nodeID":"1252","text":"If the middle class is not happy with the financial politics they can strongly influence the election of a new minister","type":"I","timestamp":"2012-04-12 18:21:32"},{"nodeID":"1253","text":"RA","type":"RA","timestamp":"2012-04-12 18:21:32","scheme":"VerbalClassification"},{"nodeID":"1254","text":"RA","type":"RA","timestamp":"2012-04-12 18:21:32","scheme":"CauseToEffect"},{"nodeID":"1255","text":"RA","type":"RA","timestamp":"2012-04-12 18:21:32","scheme":"CauseToEffect"},{"nodeID":"1256","text":"RA","type":"RA","timestamp":"2012-04-12 18:21:33","scheme":"CauseToEffect"}],"edges":[{"edgeID":"1134","fromID":"1244","toID":"1253","formEdgeID":null},{"edgeID":"1135","fromID":"523","toID":"1253","formEdgeID":null},{"edgeID":"1136","fromID":"1245","toID":"1253","formEdgeID":null},{"edgeID":"1137","fromID":"1246","toID":"1253","formEdgeID":null},{"edgeID":"1138","fromID":"1253","toID":"1243","formEdgeID":null},{"edgeID":"1139","fromID":"1247","toID":"1254","formEdgeID":null},{"edgeID":"1140","fromID":"1248","toID":"1254","formEdgeID":null},{"edgeID":"1141","fromID":"1254","toID":"523","formEdgeID":null},{"edgeID":"1142","fromID":"1249","toID":"1255","formEdgeID":null},{"edgeID":"1143","fromID":"1250","toID":"1255","formEdgeID":null},{"edgeID":"1144","fromID":"1255","toID":"523","formEdgeID":null},{"edgeID":"1145","fromID":"1251","toID":"1256","formEdgeID":null},{"edgeID":"1146","fromID":"1252","toID":"1256","formEdgeID":null},{"edgeID":"1147","fromID":"1256","toID":"1249","formEdgeID":null}]}