{"nodes":[{"nodeID":"1647","text":"I believe that a long term prison sentence with hard labour would have been more appropriate though","type":"I","timestamp":"2012-04-12 18:22:56"},{"nodeID":"1648","text":"His suffering should be lifetime","type":"I","timestamp":"2012-04-12 18:22:56"},{"nodeID":"1649","text":"Prison is a means to make the punished suffer for all his life","type":"I","timestamp":"2012-04-12 18:22:56"},{"nodeID":"1650","text":"Death does not cause lifetime sufference","type":"I","timestamp":"2012-04-12 18:22:56"},{"nodeID":"1651","text":"The goal of punishment is to revenge the offended","type":"I","timestamp":"2012-04-12 18:22:56"},{"nodeID":"1652","text":"Revenge is similar to offence","type":"I","timestamp":"2012-04-12 18:22:56"},{"nodeID":"1653","text":"the lifetime of suffering yet to be endured by the relatives of his victims","type":"I","timestamp":"2012-04-12 18:22:57"},{"nodeID":"1654","text":"A punishment causes lifetime sufference only if it is long and hard","type":"I","timestamp":"2012-04-12 18:22:57"},{"nodeID":"1655","text":"His death will be quick and humane","type":"I","timestamp":"2012-04-12 18:22:57"},{"nodeID":"1656","text":"RA","type":"RA","timestamp":"2012-04-12 18:22:57"},{"nodeID":"1657","text":"RA","type":"RA","timestamp":"2012-04-12 18:22:57","scheme":"Analogy"},{"nodeID":"1658","text":"RA","type":"RA","timestamp":"2012-04-12 18:22:57","scheme":"CauseToEffect"}],"edges":[{"edgeID":"1533","fromID":"1648","toID":"1656","formEdgeID":null},{"edgeID":"1534","fromID":"1649","toID":"1656","formEdgeID":null},{"edgeID":"1535","fromID":"1650","toID":"1656","formEdgeID":null},{"edgeID":"1536","fromID":"1656","toID":"1647","formEdgeID":null},{"edgeID":"1537","fromID":"1651","toID":"1657","formEdgeID":null},{"edgeID":"1538","fromID":"1652","toID":"1657","formEdgeID":null},{"edgeID":"1539","fromID":"1653","toID":"1657","formEdgeID":null},{"edgeID":"1540","fromID":"1657","toID":"1648","formEdgeID":null},{"edgeID":"1541","fromID":"1654","toID":"1658","formEdgeID":null},{"edgeID":"1542","fromID":"1655","toID":"1658","formEdgeID":null},{"edgeID":"1543","fromID":"1658","toID":"1650","formEdgeID":null}]}