{"nodes":[{"nodeID":"4907","text":"Japan's current expansion would prove more durable than the  mini-recoveries  of the 1990s which failed to lift the Japanese economy out of the deflationary trap left behind by the collapse of the stock market bubble of the 1980s","type":"I","timestamp":"2012-04-12 18:34:04"},{"nodeID":"4908","text":"Taizo Nishimuro Chairman of the Board Toshiba Corporation Japan expressed confidence that","type":"I","timestamp":"2012-04-12 18:34:04"},{"nodeID":"4909","text":"Japanese banks he said are finally making real progress is dealing with non-performing loans.","type":"I","timestamp":"2012-04-12 18:34:04"},{"nodeID":"4910","text":"Capital spending is rising","type":"I","timestamp":"2012-04-12 18:34:04"},{"nodeID":"4911","text":"as are corporate profits","type":"I","timestamp":"2012-04-12 18:34:04"},{"nodeID":"4912","text":"There has been a basic change in the atmosphere","type":"I","timestamp":"2012-04-12 18:34:04"},{"nodeID":"4913","text":"If there has been a positive basic change in the economic atmosphere the recovery is likely to be durable","type":"I","timestamp":"2012-04-12 18:34:04"},{"nodeID":"4914","text":"RA","type":"RA","timestamp":"2012-04-12 18:34:04","scheme":"ExpertOpinion"},{"nodeID":"4915","text":"RA","type":"RA","timestamp":"2012-04-12 18:34:05","scheme":"Example"},{"nodeID":"4916","text":"RA","type":"RA","timestamp":"2012-04-12 18:34:05","scheme":"Example"},{"nodeID":"4917","text":"RA","type":"RA","timestamp":"2012-04-12 18:34:05","scheme":"Example"},{"nodeID":"4918","text":"RA","type":"RA","timestamp":"2012-04-12 18:34:06","scheme":"CauseToEffect"}],"edges":[{"edgeID":"4609","fromID":"4908","toID":"4914","formEdgeID":null},{"edgeID":"4610","fromID":"4914","toID":"4907","formEdgeID":null},{"edgeID":"4611","fromID":"4909","toID":"4915","formEdgeID":null},{"edgeID":"4612","fromID":"4915","toID":"4912","formEdgeID":null},{"edgeID":"4613","fromID":"4910","toID":"4916","formEdgeID":null},{"edgeID":"4614","fromID":"4916","toID":"4912","formEdgeID":null},{"edgeID":"4615","fromID":"4911","toID":"4917","formEdgeID":null},{"edgeID":"4616","fromID":"4917","toID":"4912","formEdgeID":null},{"edgeID":"4617","fromID":"4912","toID":"4918","formEdgeID":null},{"edgeID":"4618","fromID":"4913","toID":"4918","formEdgeID":null},{"edgeID":"4619","fromID":"4918","toID":"4907","formEdgeID":null}]}