{"nodes":[{"nodeID":"1517","text":"we should believe a word of what he says?","type":"I","timestamp":"2012-04-12 18:22:29"},{"nodeID":"1518","text":"when he claims to believe that this country should retain control over tax and expenditure decisions","type":"I","timestamp":"2012-04-12 18:22:29"},{"nodeID":"1519","text":"The Chancellor from his speeches it is clear that is committed to leave to another organization control over British monetary policy","type":"I","timestamp":"2012-04-12 18:22:29"},{"nodeID":"1520","text":"Giving the sovereignity to the ECB British Parliament won't have any control over British monetary policy","type":"I","timestamp":"2012-04-12 18:22:29"},{"nodeID":"1521","text":"Given that the Chancellor has no objection in principle to ceding sovereignty over monetary policy to the European Central Bank","type":"I","timestamp":"2012-04-12 18:22:29"},{"nodeID":"1522","text":"which we do not elect and cannot remove","type":"I","timestamp":"2012-04-12 18:22:29"},{"nodeID":"1523","text":"which under the terms of the treaties it would be illegal to seek to persuade to the view of the British Parliament","type":"I","timestamp":"2012-04-12 18:22:29"},{"nodeID":"1524","text":"RA","type":"RA","timestamp":"2012-04-12 18:22:29","scheme":"InconsistentCommitment"},{"nodeID":"1525","text":"RA","type":"RA","timestamp":"2012-04-12 18:22:30","scheme":"Commitment"},{"nodeID":"1526","text":"RA","type":"RA","timestamp":"2012-04-12 18:22:30","scheme":"CauseToEffect"}],"edges":[{"edgeID":"1406","fromID":"1518","toID":"1524","formEdgeID":null},{"edgeID":"1407","fromID":"1519","toID":"1524","formEdgeID":null},{"edgeID":"1408","fromID":"1524","toID":"1517","formEdgeID":null},{"edgeID":"1409","fromID":"1520","toID":"1525","formEdgeID":null},{"edgeID":"1410","fromID":"1521","toID":"1525","formEdgeID":null},{"edgeID":"1411","fromID":"1525","toID":"1519","formEdgeID":null},{"edgeID":"1412","fromID":"1522","toID":"1526","formEdgeID":null},{"edgeID":"1413","fromID":"1523","toID":"1526","formEdgeID":null},{"edgeID":"1414","fromID":"1526","toID":"1520","formEdgeID":null}]}