{"nodes":[{"nodeID":"374","text":"too extreme a penalty to strike a solicitor off in circumstances","type":"I","timestamp":"2012-04-12 18:18:44"},{"nodeID":"375","text":"She ought not be struck of if there is no substantive charge of dishonesty or recklessness; no finding that the Legal Aid Fund (or anybody else) paid out any money in respect of unjustified claims put forward by the solicitor or by staff under her actual supervision; no finding that she was paid anything at all in the course of the matters complained of; no finding of any cash shortage in relation to any of her clients; and no previous conviction which related to a period earlier than the offences with which she was now charged.","type":"I","timestamp":"2012-04-12 18:18:44"},{"nodeID":"376","text":"where there is no substantive charge of dishonesty or recklessness; no finding that the Legal Aid Fund (or anybody else) paid out any money in respect of unjustified claims put forward by the solicitor or by staff under her actual supervision; no finding that she was paid anything at all in the course of the matters complained of; no finding of any cash shortage in relation to any of her clients; and no previous conviction which related to a period earlier than the offences with which she was now charged.","type":"I","timestamp":"2012-04-12 18:18:44"},{"nodeID":"377","text":"RA","type":"RA","timestamp":"2012-04-12 18:18:44"}],"edges":[{"edgeID":"351","fromID":"375","toID":"377","formEdgeID":null},{"edgeID":"352","fromID":"376","toID":"377","formEdgeID":null},{"edgeID":"353","fromID":"377","toID":"374","formEdgeID":null}]}