{"nodes":[{"nodeID":"1605","text":"Therefore as the Cambridge astronomer Fred Hoyle points out the Big Bang theory requires the creation of the universe from nothing","type":"I","timestamp":"2012-04-12 18:22:48"},{"nodeID":"1606","text":"as you go back in time you reach a point at which in Hoyle's words the universe was  shrunk down to nothing at all.","type":"I","timestamp":"2012-04-12 18:22:48"},{"nodeID":"1607","text":"The best explanation of the existence of the universe is the creation","type":"I","timestamp":"2012-04-12 18:22:48"},{"nodeID":"1608","text":"The astrophysical evidence indicates the universe began to exist in a cataclysmic explosion known as the Big Bang 15 billion years ago. Physical space and time were created in that event as well as all the matter and energy in the universe","type":"I","timestamp":"2012-04-12 18:22:48"},{"nodeID":"1609","text":"The mass from which the universe was originated at a time t-1 before the Big Bang was smaller than the mass at the time t of Big Bang","type":"I","timestamp":"2012-04-12 18:22:48"},{"nodeID":"1610","text":"RA","type":"RA","timestamp":"2012-04-12 18:22:48"},{"nodeID":"1611","text":"RA","type":"RA","timestamp":"2012-04-12 18:22:48"}],"edges":[{"edgeID":"1493","fromID":"1606","toID":"1610","formEdgeID":null},{"edgeID":"1494","fromID":"1607","toID":"1610","formEdgeID":null},{"edgeID":"1495","fromID":"1610","toID":"1605","formEdgeID":null},{"edgeID":"1496","fromID":"1608","toID":"1611","formEdgeID":null},{"edgeID":"1497","fromID":"1609","toID":"1611","formEdgeID":null},{"edgeID":"1498","fromID":"1611","toID":"1606","formEdgeID":null}]}