{"nodes":[{"nodeID":"3628","text":"Is not that transferable to a new and enlivened peace process in Israel and Palestine?","type":"I","timestamp":"2012-04-12 18:29:47"},{"nodeID":"3629","text":"the lesson of Northern Ireland is that peace helps to generate trade and industry and that trade and industry help to generate peace","type":"I","timestamp":"2012-04-12 18:29:47"},{"nodeID":"3630","text":"The situation in Palestine is analogous to the sitaution in Nothern Ireland","type":"I","timestamp":"2012-04-12 18:29:47"},{"nodeID":"3631","text":"RA","type":"RA","timestamp":"2012-04-12 18:29:47"}],"edges":[{"edgeID":"3439","fromID":"3629","toID":"3631","formEdgeID":null},{"edgeID":"3440","fromID":"3630","toID":"3631","formEdgeID":null},{"edgeID":"3441","fromID":"3631","toID":"3628","formEdgeID":null}]}