{"nodes":[{"nodeID":"4276","text":"Jesus appeared after dead","type":"I","timestamp":"2012-04-12 18:31:58"},{"nodeID":"4277","text":"According to the late Norman Perrin of the University of Chicago  The more we investigate the traditions with regard to the appearances the firmer the rock begins to appear on which they are based.","type":"I","timestamp":"2012-04-12 18:31:58"},{"nodeID":"4278","text":"Secondly the evidence indicates that on separate occasions different individuals and groups saw appearances of Jesus alive after his death.","type":"I","timestamp":"2012-04-12 18:31:58"},{"nodeID":"4279","text":"These appearances were bodily and physical and were witnessed not only by believers but also by skeptics unbelievers and even enemies","type":"I","timestamp":"2012-04-12 18:31:58"},{"nodeID":"4280","text":"RA","type":"RA","timestamp":"2012-04-12 18:31:59","scheme":"ExpertOpinion"},{"nodeID":"4281","text":"RA","type":"RA","timestamp":"2012-04-12 18:31:59"}],"edges":[{"edgeID":"4024","fromID":"4277","toID":"4280","formEdgeID":null},{"edgeID":"4025","fromID":"4280","toID":"4278","formEdgeID":null},{"edgeID":"4026","fromID":"4278","toID":"4281","formEdgeID":null},{"edgeID":"4027","fromID":"4279","toID":"4281","formEdgeID":null},{"edgeID":"4028","fromID":"4281","toID":"4276","formEdgeID":null}]}