{"nodes":[{"nodeID":"4313","text":"But what is the hurry?","type":"I","timestamp":"2012-04-12 18:32:05"},{"nodeID":"4314","text":"Hurry is not good under the economic poin of view","type":"I","timestamp":"2012-04-12 18:32:05"},{"nodeID":"4315","text":"Public probably won't buy the product","type":"I","timestamp":"2012-04-12 18:32:05"},{"nodeID":"4316","text":"Scientists probably will criticize the products","type":"I","timestamp":"2012-04-12 18:32:05"},{"nodeID":"4317","text":"The products hardly will be sold","type":"I","timestamp":"2012-04-12 18:32:05"},{"nodeID":"4318","text":"it would be a public relations disaster for farmers","type":"I","timestamp":"2012-04-12 18:32:06"},{"nodeID":"4319","text":"The goal is to avoid economic flops","type":"I","timestamp":"2012-04-12 18:32:06"},{"nodeID":"4320","text":"If I act in haste probably the GM will be an economic flop","type":"I","timestamp":"2012-04-12 18:32:06"},{"nodeID":"4321","text":"The public are at best suspicious","type":"I","timestamp":"2012-04-12 18:32:06"},{"nodeID":"4322","text":"If the public is suspicious they probably won't buy the product","type":"I","timestamp":"2012-04-12 18:32:06"},{"nodeID":"4323","text":"the science is not ready","type":"I","timestamp":"2012-04-12 18:32:06"},{"nodeID":"4324","text":"If science is not ready scientists probably will criticize the products","type":"I","timestamp":"2012-04-12 18:32:06"},{"nodeID":"4325","text":"the supermarkets say that they will not stock the stuff","type":"I","timestamp":"2012-04-12 18:32:06"},{"nodeID":"4326","text":"If supermarkets won't stock the stuff the stuff hardly will be sold","type":"I","timestamp":"2012-04-12 18:32:06"},{"nodeID":"4327","text":"RA","type":"RA","timestamp":"2012-04-12 18:32:06","scheme":"CauseToEffect"},{"nodeID":"4328","text":"RA","type":"RA","timestamp":"2012-04-12 18:32:06","scheme":"Example"},{"nodeID":"4329","text":"RA","type":"RA","timestamp":"2012-04-12 18:32:07","scheme":"Example"},{"nodeID":"4330","text":"RA","type":"RA","timestamp":"2012-04-12 18:32:07","scheme":"Example"},{"nodeID":"4331","text":"RA","type":"RA","timestamp":"2012-04-12 18:32:07","scheme":"Example"},{"nodeID":"4332","text":"RA","type":"RA","timestamp":"2012-04-12 18:32:07"},{"nodeID":"4333","text":"RA","type":"RA","timestamp":"2012-04-12 18:32:08","scheme":"CauseToEffect"},{"nodeID":"4334","text":"RA","type":"RA","timestamp":"2012-04-12 18:32:08","scheme":"CauseToEffect"},{"nodeID":"4335","text":"RA","type":"RA","timestamp":"2012-04-12 18:32:08","scheme":"CauseToEffect"}],"edges":[{"edgeID":"4058","fromID":"4314","toID":"4327","formEdgeID":null},{"edgeID":"4059","fromID":"4327","toID":"4320","formEdgeID":null},{"edgeID":"4060","fromID":"4315","toID":"4328","formEdgeID":null},{"edgeID":"4061","fromID":"4328","toID":"4314","formEdgeID":null},{"edgeID":"4062","fromID":"4316","toID":"4329","formEdgeID":null},{"edgeID":"4063","fromID":"4329","toID":"4314","formEdgeID":null},{"edgeID":"4064","fromID":"4317","toID":"4330","formEdgeID":null},{"edgeID":"4065","fromID":"4330","toID":"4314","formEdgeID":null},{"edgeID":"4066","fromID":"4318","toID":"4331","formEdgeID":null},{"edgeID":"4067","fromID":"4331","toID":"4314","formEdgeID":null},{"edgeID":"4068","fromID":"4319","toID":"4332","formEdgeID":null},{"edgeID":"4069","fromID":"4320","toID":"4332","formEdgeID":null},{"edgeID":"4070","fromID":"4332","toID":"4313","formEdgeID":null},{"edgeID":"4071","fromID":"4321","toID":"4333","formEdgeID":null},{"edgeID":"4072","fromID":"4322","toID":"4333","formEdgeID":null},{"edgeID":"4073","fromID":"4333","toID":"4315","formEdgeID":null},{"edgeID":"4074","fromID":"4323","toID":"4334","formEdgeID":null},{"edgeID":"4075","fromID":"4324","toID":"4334","formEdgeID":null},{"edgeID":"4076","fromID":"4334","toID":"4316","formEdgeID":null},{"edgeID":"4077","fromID":"4325","toID":"4335","formEdgeID":null},{"edgeID":"4078","fromID":"4326","toID":"4335","formEdgeID":null},{"edgeID":"4079","fromID":"4335","toID":"4317","formEdgeID":null}]}