{"nodes":[{"nodeID":"4792","text":"Il governo deve essere cambiato","type":"I","timestamp":"2012-04-12 18:33:40"},{"nodeID":"4793","text":"Le conseguenze di mantenere questo governo sono inaccettabili","type":"I","timestamp":"2012-04-12 18:33:40"},{"nodeID":"4794","text":"appena usciti di casa un vu` cumpra` vi assale! non solo non gli comprate un accendino ma gli sparate in mezzo agli occhi","type":"I","timestamp":"2012-04-12 18:33:40"},{"nodeID":"4795","text":"al lavoro fabbriche vuote!","type":"I","timestamp":"2012-04-12 18:33:40"},{"nodeID":"4796","text":"perche` avete spedito a casa tutti i rumeni e i musulmani che sono ormai il 75% della forza lavoro delle fabbriche","type":"I","timestamp":"2012-04-12 18:33:40"},{"nodeID":"4797","text":"alla sera capatina in centro. ristoranti cinesi chiusi","type":"I","timestamp":"2012-04-12 18:33:40"},{"nodeID":"4798","text":"coprifuoco alle 20.30","type":"I","timestamp":"2012-04-12 18:33:40"},{"nodeID":"4799","text":"potrebbe essere procognato di Bin Laden","type":"I","timestamp":"2012-04-12 18:33:40"},{"nodeID":"4800","text":"questo governo pistolero fra un po` permettera` a tutti di possedere la propria colt","type":"I","timestamp":"2012-04-12 18:33:40"},{"nodeID":"4801","text":"tanto dopo l'islam ci invaderranno loro","type":"I","timestamp":"2012-04-12 18:33:41"},{"nodeID":"4802","text":"Se i cinesi possono invaderci e` necessario che siano espulsi","type":"I","timestamp":"2012-04-12 18:33:41"},{"nodeID":"4803","text":"RA","type":"RA","timestamp":"2012-04-12 18:33:41"},{"nodeID":"4804","text":"RA","type":"RA","timestamp":"2012-04-12 18:33:41"},{"nodeID":"4805","text":"RA","type":"RA","timestamp":"2012-04-12 18:33:41"},{"nodeID":"4806","text":"RA","type":"RA","timestamp":"2012-04-12 18:33:41"},{"nodeID":"4807","text":"RA","type":"RA","timestamp":"2012-04-12 18:33:42"},{"nodeID":"4808","text":"RA","type":"RA","timestamp":"2012-04-12 18:33:42"},{"nodeID":"4809","text":"RA","type":"RA","timestamp":"2012-04-12 18:33:42"},{"nodeID":"4810","text":"RA","type":"RA","timestamp":"2012-04-12 18:33:43"}],"edges":[{"edgeID":"4497","fromID":"4793","toID":"4803","formEdgeID":null},{"edgeID":"4498","fromID":"4803","toID":"4792","formEdgeID":null},{"edgeID":"4499","fromID":"4794","toID":"4804","formEdgeID":null},{"edgeID":"4500","fromID":"4804","toID":"4793","formEdgeID":null},{"edgeID":"4501","fromID":"4795","toID":"4805","formEdgeID":null},{"edgeID":"4502","fromID":"4805","toID":"4793","formEdgeID":null},{"edgeID":"4503","fromID":"4796","toID":"4806","formEdgeID":null},{"edgeID":"4504","fromID":"4806","toID":"4795","formEdgeID":null},{"edgeID":"4505","fromID":"4797","toID":"4807","formEdgeID":null},{"edgeID":"4506","fromID":"4807","toID":"4793","formEdgeID":null},{"edgeID":"4507","fromID":"4798","toID":"4808","formEdgeID":null},{"edgeID":"4508","fromID":"4808","toID":"4793","formEdgeID":null},{"edgeID":"4509","fromID":"4799","toID":"4809","formEdgeID":null},{"edgeID":"4510","fromID":"4800","toID":"4809","formEdgeID":null},{"edgeID":"4511","fromID":"4809","toID":"4794","formEdgeID":null},{"edgeID":"4512","fromID":"4801","toID":"4810","formEdgeID":null},{"edgeID":"4513","fromID":"4802","toID":"4810","formEdgeID":null},{"edgeID":"4514","fromID":"4810","toID":"4797","formEdgeID":null}]}