{"nodes":[{"nodeID":"3799","text":"This year s Global Competitiveness Report appears at a crossroads in the evolution of the global economy when the strength of the economic recovery has left many observers pleasantly surprised.","type":"I","timestamp":"2012-04-12 18:30:22"},{"nodeID":"3800","text":"Industrial production has been expanding quickly","type":"I","timestamp":"2012-04-12 18:30:22"},{"nodeID":"3801","text":"If there is an economic recovery industrial production expands","type":"I","timestamp":"2012-04-12 18:30:22"},{"nodeID":"3802","text":"business confidence and investment growth have been buoyant","type":"I","timestamp":"2012-04-12 18:30:22"},{"nodeID":"3803","text":"If there is an economic recovery people invest more","type":"I","timestamp":"2012-04-12 18:30:22"},{"nodeID":"3804","text":"global trade is growing at rates not seen for a decade","type":"I","timestamp":"2012-04-12 18:30:22"},{"nodeID":"3805","text":"If there is an economic recovery global trade grows","type":"I","timestamp":"2012-04-12 18:30:22"},{"nodeID":"3806","text":"RA","type":"RA","timestamp":"2012-04-12 18:30:23","scheme":"Sign"},{"nodeID":"3807","text":"RA","type":"RA","timestamp":"2012-04-12 18:30:23","scheme":"Sign"},{"nodeID":"3808","text":"RA","type":"RA","timestamp":"2012-04-12 18:30:23","scheme":"Sign"}],"edges":[{"edgeID":"3592","fromID":"3800","toID":"3806","formEdgeID":null},{"edgeID":"3593","fromID":"3801","toID":"3806","formEdgeID":null},{"edgeID":"3594","fromID":"3806","toID":"3799","formEdgeID":null},{"edgeID":"3595","fromID":"3802","toID":"3807","formEdgeID":null},{"edgeID":"3596","fromID":"3803","toID":"3807","formEdgeID":null},{"edgeID":"3597","fromID":"3807","toID":"3799","formEdgeID":null},{"edgeID":"3598","fromID":"3804","toID":"3808","formEdgeID":null},{"edgeID":"3599","fromID":"3805","toID":"3808","formEdgeID":null},{"edgeID":"3600","fromID":"3808","toID":"3799","formEdgeID":null}]}