{"nodes":[{"nodeID":"2275","text":"If a practice has negative consequences it should not be continued","type":"I","timestamp":"2012-04-12 18:25:18"},{"nodeID":"2276","text":"This practice it seems to me wastes time that we could use for instruction undervalues our facilities which stand idle and costs us money because we could actually enroll more students and earn more tuitions if we operated more of the year.","type":"I","timestamp":"2012-04-12 18:25:18"},{"nodeID":"2277","text":"Universities typically operate for slightly more than half the year -- generally two 14-week semesters. And aside from some summer-school programs we barely use our facilities at all for three months of the year","type":"I","timestamp":"2012-04-12 18:25:18"},{"nodeID":"2278","text":"RA","type":"RA","timestamp":"2012-04-12 18:25:18"}],"edges":[{"edgeID":"2208","fromID":"2276","toID":"2278","formEdgeID":null},{"edgeID":"2209","fromID":"2277","toID":"2278","formEdgeID":null},{"edgeID":"2210","fromID":"2278","toID":"2275","formEdgeID":null}]}