{"nodes":[{"nodeID":"1314","text":"The need for a mandatory code of conduct is felt","type":"I","timestamp":"2012-04-12 18:21:46"},{"nodeID":"1315","text":"Three Karnataka HC judges accompanied by women get into a brawl in a Mysore wayside eatery.","type":"I","timestamp":"2012-04-12 18:21:46"},{"nodeID":"1316","text":"A Rajasthan HC judge and a court staffer offer to settle a litigant's case if she  obliges  them.","type":"I","timestamp":"2012-04-12 18:21:46"},{"nodeID":"1317","text":"Three Punjab & Haryana HC judges use their clout to get their nominees selected by Punjab Public Service Commission ex-chief and scam-accused Ravi Sidhu.","type":"I","timestamp":"2012-04-12 18:21:46"},{"nodeID":"1318","text":"A drunk Madhya Pradesh HC judge uses foul language in an exclusive club in Bhopal.","type":"I","timestamp":"2012-04-12 18:21:46"},{"nodeID":"1319","text":"A Rajasthan HC judge (since transferred) sexually molests a male constable","type":"I","timestamp":"2012-04-12 18:21:46"},{"nodeID":"1320","text":"Judges can easily misconduct themselves","type":"I","timestamp":"2012-04-12 18:21:46"},{"nodeID":"1321","text":"MIsconduct is a bad for the community","type":"I","timestamp":"2012-04-12 18:21:46"},{"nodeID":"1322","text":"If there is not a mandatory code of conduct bad consequences follow","type":"I","timestamp":"2012-04-12 18:21:46"},{"nodeID":"1323","text":"RA","type":"RA","timestamp":"2012-04-12 18:21:46","scheme":"Example"},{"nodeID":"1324","text":"RA","type":"RA","timestamp":"2012-04-12 18:21:46","scheme":"Example"},{"nodeID":"1325","text":"RA","type":"RA","timestamp":"2012-04-12 18:21:47","scheme":"Example"},{"nodeID":"1326","text":"RA","type":"RA","timestamp":"2012-04-12 18:21:47","scheme":"Example"},{"nodeID":"1327","text":"RA","type":"RA","timestamp":"2012-04-12 18:21:47","scheme":"Example"},{"nodeID":"1328","text":"RA","type":"RA","timestamp":"2012-04-12 18:21:47"}],"edges":[{"edgeID":"1203","fromID":"1315","toID":"1323","formEdgeID":null},{"edgeID":"1204","fromID":"1323","toID":"1320","formEdgeID":null},{"edgeID":"1205","fromID":"1316","toID":"1324","formEdgeID":null},{"edgeID":"1206","fromID":"1324","toID":"1320","formEdgeID":null},{"edgeID":"1207","fromID":"1317","toID":"1325","formEdgeID":null},{"edgeID":"1208","fromID":"1325","toID":"1320","formEdgeID":null},{"edgeID":"1209","fromID":"1318","toID":"1326","formEdgeID":null},{"edgeID":"1210","fromID":"1326","toID":"1320","formEdgeID":null},{"edgeID":"1211","fromID":"1319","toID":"1327","formEdgeID":null},{"edgeID":"1212","fromID":"1327","toID":"1320","formEdgeID":null},{"edgeID":"1213","fromID":"1320","toID":"1328","formEdgeID":null},{"edgeID":"1214","fromID":"1321","toID":"1328","formEdgeID":null},{"edgeID":"1215","fromID":"1322","toID":"1328","formEdgeID":null},{"edgeID":"1216","fromID":"1328","toID":"1314","formEdgeID":null}]}