{"nodes":[{"nodeID":"727","text":"having them armed is a benefit to society","type":"I","timestamp":"2012-04-12 18:19:51"},{"nodeID":"730","text":"most people are good","type":"I","timestamp":"2012-04-12 18:19:51"},{"nodeID":"1784","text":"Small arms in the hands of honest citizens is a good thing.","type":"I","timestamp":"2012-04-12 18:23:26"},{"nodeID":"1785","text":"What is a benefit for the society is a good thing","type":"I","timestamp":"2012-04-12 18:23:26"},{"nodeID":"1786","text":"it provides a control on the tiny minority of bad people","type":"I","timestamp":"2012-04-12 18:23:26"},{"nodeID":"1787","text":"Crime control is positive","type":"I","timestamp":"2012-04-12 18:23:26"},{"nodeID":"1788","text":"If something has positive consequences for the society it is a benefit for the society","type":"I","timestamp":"2012-04-12 18:23:26"},{"nodeID":"1789","text":"If weapons are given to good people they will use them for self defence and not for criminal purposes","type":"I","timestamp":"2012-04-12 18:23:26"},{"nodeID":"1790","text":"RA","type":"RA","timestamp":"2012-04-12 18:23:26"},{"nodeID":"1791","text":"RA","type":"RA","timestamp":"2012-04-12 18:23:26"},{"nodeID":"1792","text":"RA","type":"RA","timestamp":"2012-04-12 18:23:27","scheme":"CauseToEffect"}],"edges":[{"edgeID":"1673","fromID":"727","toID":"1790","formEdgeID":null},{"edgeID":"1674","fromID":"1785","toID":"1790","formEdgeID":null},{"edgeID":"1675","fromID":"1790","toID":"1784","formEdgeID":null},{"edgeID":"1676","fromID":"1786","toID":"1791","formEdgeID":null},{"edgeID":"1677","fromID":"1787","toID":"1791","formEdgeID":null},{"edgeID":"1678","fromID":"1788","toID":"1791","formEdgeID":null},{"edgeID":"1679","fromID":"1791","toID":"727","formEdgeID":null},{"edgeID":"1680","fromID":"730","toID":"1792","formEdgeID":null},{"edgeID":"1681","fromID":"1789","toID":"1792","formEdgeID":null},{"edgeID":"1682","fromID":"1792","toID":"1786","formEdgeID":null}]}