{"nodes":[{"nodeID":"2284","text":"We cannot allow the censorship","type":"I","timestamp":"2012-04-12 18:25:20"},{"nodeID":"2285","text":"If we casually allow the censorship of campus art exhibits we will surrender the right to protest when a campus professor disapproves of and therefore censors the free expression of our own ideas in class discussion or in written work.","type":"I","timestamp":"2012-04-12 18:25:20"},{"nodeID":"2286","text":"The right to protest when a campus professor censors the free expression of our ideas cannot be surrended","type":"I","timestamp":"2012-04-12 18:25:20"},{"nodeID":"2287","text":"RA","type":"RA","timestamp":"2012-04-12 18:25:20"}],"edges":[{"edgeID":"2215","fromID":"2285","toID":"2287","formEdgeID":null},{"edgeID":"2216","fromID":"2286","toID":"2287","formEdgeID":null},{"edgeID":"2217","fromID":"2287","toID":"2284","formEdgeID":null}]}