{"nodes":[{"nodeID":"705","text":"we must husband it's use far more than we presently do.","type":"I","timestamp":"2012-04-12 18:19:47"},{"nodeID":"1974","text":"oil is not renewable in the normal span of a human life","type":"I","timestamp":"2012-04-12 18:24:07"},{"nodeID":"1975","text":"The goal is to have oil as long as possible","type":"I","timestamp":"2012-04-12 18:24:07"},{"nodeID":"1976","text":"The only means to have oil in the future are renewing it or husbanding it","type":"I","timestamp":"2012-04-12 18:24:07"},{"nodeID":"1977","text":"If the oil can be renewed in a human life it must take not more than 100 years","type":"I","timestamp":"2012-04-12 18:24:07"},{"nodeID":"1978","text":"It takes a zillion years and a lot of dinosaurs to make the stuff.","type":"I","timestamp":"2012-04-12 18:24:07"},{"nodeID":"1979","text":"RA","type":"RA","timestamp":"2012-04-12 18:24:07"},{"nodeID":"1980","text":"RA","type":"RA","timestamp":"2012-04-12 18:24:08","scheme":"CauseToEffect"}],"edges":[{"edgeID":"1869","fromID":"1974","toID":"1979","formEdgeID":null},{"edgeID":"1870","fromID":"1975","toID":"1979","formEdgeID":null},{"edgeID":"1871","fromID":"1976","toID":"1979","formEdgeID":null},{"edgeID":"1872","fromID":"1979","toID":"705","formEdgeID":null},{"edgeID":"1873","fromID":"1977","toID":"1980","formEdgeID":null},{"edgeID":"1874","fromID":"1978","toID":"1980","formEdgeID":null},{"edgeID":"1875","fromID":"1980","toID":"1974","formEdgeID":null}]}