{"nodes":[{"nodeID":"3762","text":"All non-military personnel taking assignments in Iraq should be implanted with GPS tracking devices.","type":"I","timestamp":"2012-04-12 18:30:15"},{"nodeID":"3763","text":"Hopefully this would make potential hostages less attractive if the terrorists knew there was a strong likelihood of their being brought to justice.","type":"I","timestamp":"2012-04-12 18:30:15"},{"nodeID":"3764","text":"Our goal is to reduce kidnappings","type":"I","timestamp":"2012-04-12 18:30:15"},{"nodeID":"3765","text":"These devices need to have a pressure sensitive  panic mode  that would activate a signal similar to an EPIRB on marine vessels.","type":"I","timestamp":"2012-04-12 18:30:15"},{"nodeID":"3766","text":"If terrorists know that they can be likely brought to justice they are discouraged from kidnapping people","type":"I","timestamp":"2012-04-12 18:30:15"},{"nodeID":"3767","text":"RA","type":"RA","timestamp":"2012-04-12 18:30:15"},{"nodeID":"3768","text":"RA","type":"RA","timestamp":"2012-04-12 18:30:15","scheme":"CauseToEffect"}],"edges":[{"edgeID":"3557","fromID":"3763","toID":"3767","formEdgeID":null},{"edgeID":"3558","fromID":"3764","toID":"3767","formEdgeID":null},{"edgeID":"3559","fromID":"3767","toID":"3762","formEdgeID":null},{"edgeID":"3560","fromID":"3765","toID":"3768","formEdgeID":null},{"edgeID":"3561","fromID":"3766","toID":"3768","formEdgeID":null},{"edgeID":"3562","fromID":"3768","toID":"3763","formEdgeID":null}]}