{"nodes":[{"nodeID":"2640","text":"Saddam should leave the country","type":"I","timestamp":"2012-04-12 18:26:33"},{"nodeID":"2641","text":"Saddam Hussein and his sons must leave Iraq within 48 hours","type":"I","timestamp":"2012-04-12 18:26:33"},{"nodeID":"2642","text":"Their refusal to do so will result in military conflict commenced at a time of our choosing.","type":"I","timestamp":"2012-04-12 18:26:34"},{"nodeID":"2643","text":"The goal is Saddam's leaving the country","type":"I","timestamp":"2012-04-12 18:26:34"},{"nodeID":"2644","text":"The only means to compel Saddam to leave the county are the pacific advice and the war","type":"I","timestamp":"2012-04-12 18:26:34"},{"nodeID":"2645","text":"Saddam refused the peaceful means","type":"I","timestamp":"2012-04-12 18:26:34"},{"nodeID":"2646","text":"In recent days some governments in the Middle East have been doing their part. They have delivered public and private messages urging the dictator to leave Iraq so that disarmament can proceed peacefully.","type":"I","timestamp":"2012-04-12 18:26:34"},{"nodeID":"2647","text":"He has thus far refused","type":"I","timestamp":"2012-04-12 18:26:34"},{"nodeID":"2648","text":"RA","type":"RA","timestamp":"2012-04-12 18:26:34"},{"nodeID":"2649","text":"RA","type":"RA","timestamp":"2012-04-12 18:26:34","scheme":"PracticalReasoning"},{"nodeID":"2650","text":"RA","type":"RA","timestamp":"2012-04-12 18:26:35","scheme":"Example"}],"edges":[{"edgeID":"2542","fromID":"2641","toID":"2648","formEdgeID":null},{"edgeID":"2543","fromID":"2642","toID":"2648","formEdgeID":null},{"edgeID":"2544","fromID":"2648","toID":"2640","formEdgeID":null},{"edgeID":"2545","fromID":"2643","toID":"2649","formEdgeID":null},{"edgeID":"2546","fromID":"2644","toID":"2649","formEdgeID":null},{"edgeID":"2547","fromID":"2645","toID":"2649","formEdgeID":null},{"edgeID":"2548","fromID":"2649","toID":"2642","formEdgeID":null},{"edgeID":"2549","fromID":"2646","toID":"2650","formEdgeID":null},{"edgeID":"2550","fromID":"2647","toID":"2650","formEdgeID":null},{"edgeID":"2551","fromID":"2650","toID":"2645","formEdgeID":null}]}