{"nodes":[{"nodeID":"450","text":"Howard's North Asian tour -- one of 10 overseas visits he is taking this year -- started off in embarrassment in the Philippines.","type":"I","timestamp":"2012-04-12 18:18:59"},{"nodeID":"451","text":"In Manila's swank Makata Shangri La Hotel he was preparing notes on a meeting with President Gloria Macapagal Arroyo. Suddenly the TV screen lit up. CNN was breaking the news that Jemaah Islamiah explosives expert Fathur Rohman Al-Ghozi had broken out of a Manila jail courtesy of corrupt jailers.","type":"I","timestamp":"2012-04-12 18:18:59"},{"nodeID":"1972","text":"If a shameful accident happens in a country when diplomates are visiting it it causes embarassment","type":"I","timestamp":"2012-04-12 18:24:06"},{"nodeID":"1973","text":"RA","type":"RA","timestamp":"2012-04-12 18:24:06","scheme":"CauseToEffect"}],"edges":[{"edgeID":"1866","fromID":"451","toID":"1973","formEdgeID":null},{"edgeID":"1867","fromID":"1972","toID":"1973","formEdgeID":null},{"edgeID":"1868","fromID":"1973","toID":"450","formEdgeID":null}]}