{"nodes":[{"nodeID":"821","text":"it is difficult to understand Reid Birley's claims that allegations against her are without substance.","type":"I","timestamp":"2012-04-12 18:20:09"},{"nodeID":"824","text":"It is also a matter of record that two very senior managers recruited from an historically disadvantaged university and who can scarcely be said to be anti-transformation reactionaries have distanced themselves from Reid Birley.","type":"I","timestamp":"2012-04-12 18:20:09"},{"nodeID":"828","text":"Multiple Wits sources of varied ideological and other hues say that signs emerged very early in Reid Birley's tenure that she was extraordinarily difficult to work with and that the unanimous initial goodwill towards her steadily dissipated among those who had to interact with her daily.","type":"I","timestamp":"2012-04-12 18:20:09"},{"nodeID":"2129","text":"We report this week that senior Wits academics whom we name with their permission and whose own transformation and gender credentials are impeccable despairingly recount that Reid Birley repeatedly rejected long-term attempts at constructive intervention.","type":"I","timestamp":"2012-04-12 18:24:46"},{"nodeID":"2130","text":"Reid Birley behaved in an asocial and bad manner therefore allegations are supported by evidence","type":"I","timestamp":"2012-04-12 18:24:46"},{"nodeID":"2131","text":"If allegations are supported they are not without substance","type":"I","timestamp":"2012-04-12 18:24:46"},{"nodeID":"2132","text":"Reid Birley was a problem for people that were working with her","type":"I","timestamp":"2012-04-12 18:24:46"},{"nodeID":"2133","text":"A bad asocial  behaviour causes socialization problems","type":"I","timestamp":"2012-04-12 18:24:46"},{"nodeID":"2134","text":"Reid Birley rejected long-termattempts at constructive intervention","type":"I","timestamp":"2012-04-12 18:24:47"},{"nodeID":"2135","text":"Refusal of attempts at contructive intervention is a bad behaviour","type":"I","timestamp":"2012-04-12 18:24:47"},{"nodeID":"2136","text":"If a person is not sociable at all even the most open-minded people distance themselves from him or her","type":"I","timestamp":"2012-04-12 18:24:47"},{"nodeID":"2137","text":"RA","type":"RA","timestamp":"2012-04-12 18:24:47"},{"nodeID":"2138","text":"RA","type":"RA","timestamp":"2012-04-12 18:24:47"},{"nodeID":"2139","text":"RA","type":"RA","timestamp":"2012-04-12 18:24:47"},{"nodeID":"2140","text":"RA","type":"RA","timestamp":"2012-04-12 18:24:48"},{"nodeID":"2141","text":"RA","type":"RA","timestamp":"2012-04-12 18:24:48","scheme":"Example"},{"nodeID":"2142","text":"RA","type":"RA","timestamp":"2012-04-12 18:24:48"}],"edges":[{"edgeID":"2059","fromID":"828","toID":"2137","formEdgeID":null},{"edgeID":"2060","fromID":"2137","toID":"2132","formEdgeID":null},{"edgeID":"2061","fromID":"2129","toID":"2138","formEdgeID":null},{"edgeID":"2062","fromID":"2138","toID":"2134","formEdgeID":null},{"edgeID":"2063","fromID":"2130","toID":"2139","formEdgeID":null},{"edgeID":"2064","fromID":"2131","toID":"2139","formEdgeID":null},{"edgeID":"2065","fromID":"2139","toID":"821","formEdgeID":null},{"edgeID":"2066","fromID":"2132","toID":"2140","formEdgeID":null},{"edgeID":"2067","fromID":"2133","toID":"2140","formEdgeID":null},{"edgeID":"2068","fromID":"2140","toID":"2130","formEdgeID":null},{"edgeID":"2069","fromID":"2134","toID":"2141","formEdgeID":null},{"edgeID":"2070","fromID":"2135","toID":"2141","formEdgeID":null},{"edgeID":"2071","fromID":"2141","toID":"2130","formEdgeID":null},{"edgeID":"2072","fromID":"824","toID":"2142","formEdgeID":null},{"edgeID":"2073","fromID":"2136","toID":"2142","formEdgeID":null},{"edgeID":"2074","fromID":"2142","toID":"2130","formEdgeID":null}]}