{"nodes":[{"nodeID":"3356","text":"Such low feelings seemed to be better suited to a nurse","type":"I","timestamp":"2012-04-12 18:28:52"},{"nodeID":"3357","text":"who could have more servile inclinations","type":"I","timestamp":"2012-04-12 18:28:52"},{"nodeID":"3358","text":"The character could have been be a nurse","type":"I","timestamp":"2012-04-12 18:28:52"},{"nodeID":"3359","text":"RA","type":"RA","timestamp":"2012-04-12 18:28:52"}],"edges":[{"edgeID":"3201","fromID":"3357","toID":"3359","formEdgeID":null},{"edgeID":"3202","fromID":"3358","toID":"3359","formEdgeID":null},{"edgeID":"3203","fromID":"3359","toID":"3356","formEdgeID":null}]}