{"nodes":[{"nodeID":"4282","text":"And that's the first reason why I think it's plausible to believe in God","type":"I","timestamp":"2012-04-12 18:31:59"},{"nodeID":"4283","text":"At the most abstract level then theism provides a plausible metaphysical foundation for the existence of abstract objects","type":"I","timestamp":"2012-04-12 18:31:59"},{"nodeID":"4284","text":"Alvin Plantinga one of America's foremost philosophers explains","type":"I","timestamp":"2012-04-12 18:32:00"},{"nodeID":"4285","text":"The theist has a plausible answer to that question. They are grounded in the mind of God","type":"I","timestamp":"2012-04-12 18:32:00"},{"nodeID":"4286","text":"There is not a valid explanation of abstract object but theism","type":"I","timestamp":"2012-04-12 18:32:00"},{"nodeID":"4287","text":"In addition to tangible concrete objects like people and trees and chairs philosophers have noticed that there also appear to be abstract objects things like numbers propositions sets and properties. These things have a sort of conceptual reality rather like ideas in your mind. And yet it's obvious that they're not just ideas in any human mind.","type":"I","timestamp":"2012-04-12 18:32:00"},{"nodeID":"4288","text":"It seems plausible to think of numbers as dependent upon or even constituted by intellectual activity.","type":"I","timestamp":"2012-04-12 18:32:00"},{"nodeID":"4289","text":"But there are too many of them to arise as a result of human intellectual activity.","type":"I","timestamp":"2012-04-12 18:32:00"},{"nodeID":"4290","text":"RA","type":"RA","timestamp":"2012-04-12 18:32:00"},{"nodeID":"4291","text":"RA","type":"RA","timestamp":"2012-04-12 18:32:00","scheme":"ExpertOpinion"},{"nodeID":"4292","text":"RA","type":"RA","timestamp":"2012-04-12 18:32:00"},{"nodeID":"4293","text":"RA","type":"RA","timestamp":"2012-04-12 18:32:01","scheme":"Ignorance"}],"edges":[{"edgeID":"4029","fromID":"4283","toID":"4290","formEdgeID":null},{"edgeID":"4030","fromID":"4290","toID":"4282","formEdgeID":null},{"edgeID":"4031","fromID":"4284","toID":"4291","formEdgeID":null},{"edgeID":"4032","fromID":"4291","toID":"4288","formEdgeID":null},{"edgeID":"4033","fromID":"4285","toID":"4292","formEdgeID":null},{"edgeID":"4034","fromID":"4286","toID":"4292","formEdgeID":null},{"edgeID":"4035","fromID":"4292","toID":"4283","formEdgeID":null},{"edgeID":"4036","fromID":"4287","toID":"4293","formEdgeID":null},{"edgeID":"4037","fromID":"4288","toID":"4293","formEdgeID":null},{"edgeID":"4038","fromID":"4289","toID":"4293","formEdgeID":null},{"edgeID":"4039","fromID":"4293","toID":"4286","formEdgeID":null}]}