{"nodes":[{"nodeID":"3632","text":"It's pointless to preserve species and habitats","type":"I","timestamp":"2012-04-12 18:29:47"},{"nodeID":"3633","text":"climate change will destroy them anyway","type":"I","timestamp":"2012-04-12 18:29:48"},{"nodeID":"3634","text":"If climate change will destroy species and habitats all the efforts to preserve them will have been wasted","type":"I","timestamp":"2012-04-12 18:29:48"},{"nodeID":"3635","text":"Our goal is not to waste efforts","type":"I","timestamp":"2012-04-12 18:29:48"},{"nodeID":"3636","text":"RA","type":"RA","timestamp":"2012-04-12 18:29:48"}],"edges":[{"edgeID":"3442","fromID":"3633","toID":"3636","formEdgeID":null},{"edgeID":"3443","fromID":"3634","toID":"3636","formEdgeID":null},{"edgeID":"3444","fromID":"3635","toID":"3636","formEdgeID":null},{"edgeID":"3445","fromID":"3636","toID":"3632","formEdgeID":null}]}