{"nodes":[{"nodeID":"4027","text":"I believe Tony Blair should negotiate with the hostage takers over Kenneth Bigley.","type":"I","timestamp":"2012-04-12 18:31:08"},{"nodeID":"4028","text":"He has already made a classic mistake by sending in British troops to Iraq based on false intelligence reports","type":"I","timestamp":"2012-04-12 18:31:08"},{"nodeID":"4029","text":"This way he can go some small way to make up for his error and help save the life of an innocent victim","type":"I","timestamp":"2012-04-12 18:31:08"},{"nodeID":"4030","text":"RA","type":"RA","timestamp":"2012-04-12 18:31:08"}],"edges":[{"edgeID":"3796","fromID":"4028","toID":"4030","formEdgeID":null},{"edgeID":"3797","fromID":"4029","toID":"4030","formEdgeID":null},{"edgeID":"3798","fromID":"4030","toID":"4027","formEdgeID":null}]}