{"nodes":[{"nodeID":"3272","text":"We feel no shock when our youth dies in us though in essence and in truth this is a harder death than the final dissolution of a languishing body in the death of old age","type":"I","timestamp":"2012-04-12 18:28:36"},{"nodeID":"3273","text":"Death is a qualitative quality the passage from a degree of order to another is quantitative","type":"I","timestamp":"2012-04-12 18:28:36"},{"nodeID":"3274","text":"For the leap from uncomfortable being to none at all is not as hard as it is from a flourishing sprightly being to one that is full of pain and trouble.","type":"I","timestamp":"2012-04-12 18:28:36"},{"nodeID":"3275","text":"RA","type":"RA","timestamp":"2012-04-12 18:28:37"}],"edges":[{"edgeID":"3134","fromID":"3273","toID":"3275","formEdgeID":null},{"edgeID":"3135","fromID":"3274","toID":"3275","formEdgeID":null},{"edgeID":"3136","fromID":"3275","toID":"3272","formEdgeID":null}]}