{"nodes":[{"nodeID":"3430","text":"persuades me of his existence","type":"I","timestamp":"2012-04-12 18:29:06"},{"nodeID":"3431","text":"Either god exists or he does not exist","type":"I","timestamp":"2012-04-12 18:29:06"},{"nodeID":"3432","text":"At least one of the two possibilities is true","type":"I","timestamp":"2012-04-12 18:29:06"},{"nodeID":"3433","text":"The very impossibility of my proving that God does not exist","type":"I","timestamp":"2012-04-12 18:29:06"},{"nodeID":"3434","text":"RA","type":"RA","timestamp":"2012-04-12 18:29:06"}],"edges":[{"edgeID":"3258","fromID":"3431","toID":"3434","formEdgeID":null},{"edgeID":"3259","fromID":"3432","toID":"3434","formEdgeID":null},{"edgeID":"3260","fromID":"3433","toID":"3434","formEdgeID":null},{"edgeID":"3261","fromID":"3434","toID":"3430","formEdgeID":null}]}