{"nodes":[{"nodeID":"5065","text":"Instead of developing and patenting thousands of processes as giant biotech companies do why not harness the creative talents of two billion of the earth's people?","type":"I","timestamp":"2012-04-12 18:34:35"},{"nodeID":"5066","text":"There are parallels between open source software and all levels of the innovative process he commented.","type":"I","timestamp":"2012-04-12 18:34:35"},{"nodeID":"5067","text":"Owners have no motivation to corrupt he added.","type":"I","timestamp":"2012-04-12 18:34:35"},{"nodeID":"5068","text":"Even poor farmers in rural India who face risk can understand that and are willing to dedicate tiny portions of their tiny lots to experiment.","type":"I","timestamp":"2012-04-12 18:34:35"},{"nodeID":"5069","text":"The key is human creativity and using technology and wise policy to nurture the innate problem-solving capacity within all people","type":"I","timestamp":"2012-04-12 18:34:35"},{"nodeID":"5070","text":"If we develop human creativity there will be many advantages","type":"I","timestamp":"2012-04-12 18:34:35"},{"nodeID":"5071","text":"Systems that work better are a benefit","type":"I","timestamp":"2012-04-12 18:34:35"},{"nodeID":"5072","text":"People are interested in enhancing their situation","type":"I","timestamp":"2012-04-12 18:34:36"},{"nodeID":"5073","text":"RA","type":"RA","timestamp":"2012-04-12 18:34:36","scheme":"Analogy"},{"nodeID":"5074","text":"RA","type":"RA","timestamp":"2012-04-12 18:34:36"},{"nodeID":"5075","text":"RA","type":"RA","timestamp":"2012-04-12 18:34:36","scheme":"Example"},{"nodeID":"5076","text":"RA","type":"RA","timestamp":"2012-04-12 18:34:36"},{"nodeID":"5077","text":"RA","type":"RA","timestamp":"2012-04-12 18:34:37"}],"edges":[{"edgeID":"4753","fromID":"5066","toID":"5073","formEdgeID":null},{"edgeID":"4754","fromID":"5073","toID":"5065","formEdgeID":null},{"edgeID":"4755","fromID":"5067","toID":"5074","formEdgeID":null},{"edgeID":"4756","fromID":"5074","toID":"5065","formEdgeID":null},{"edgeID":"4757","fromID":"5068","toID":"5075","formEdgeID":null},{"edgeID":"4758","fromID":"5075","toID":"5067","formEdgeID":null},{"edgeID":"4759","fromID":"5069","toID":"5076","formEdgeID":null},{"edgeID":"4760","fromID":"5070","toID":"5076","formEdgeID":null},{"edgeID":"4761","fromID":"5076","toID":"5065","formEdgeID":null},{"edgeID":"4762","fromID":"5071","toID":"5077","formEdgeID":null},{"edgeID":"4763","fromID":"5072","toID":"5077","formEdgeID":null},{"edgeID":"4764","fromID":"5077","toID":"5067","formEdgeID":null}]}