{"nodes":[{"nodeID":"4208","text":"God provides the best explanation for the complex order in the universe","type":"I","timestamp":"2012-04-12 18:31:45"},{"nodeID":"4209","text":"Robert Jastrow the head of NASA's Goddard Institute for Space Studies has called this the most powerful evidence for the existence of God  ever to come out of science.","type":"I","timestamp":"2012-04-12 18:31:45"},{"nodeID":"4210","text":"Donald Page one of America's eminent cosmologists has calculated the odds of our universe existing as on the order of one chance out of 1010(123) a number which is so inconceivable that to call it astronomical would be a wild understatement","type":"I","timestamp":"2012-04-12 18:31:45"},{"nodeID":"4211","text":"Once again the view that Christian theists have always held that there is an intelligent designer of the Cosmos seems to me to be much more plausible than the atheistic interpretation of chance.","type":"I","timestamp":"2012-04-12 18:31:45"},{"nodeID":"4212","text":"RA","type":"RA","timestamp":"2012-04-12 18:31:45","scheme":"ExpertOpinion"},{"nodeID":"4213","text":"RA","type":"RA","timestamp":"2012-04-12 18:31:45"}],"edges":[{"edgeID":"3961","fromID":"4209","toID":"4212","formEdgeID":null},{"edgeID":"3962","fromID":"4212","toID":"4211","formEdgeID":null},{"edgeID":"3963","fromID":"4210","toID":"4213","formEdgeID":null},{"edgeID":"3964","fromID":"4211","toID":"4213","formEdgeID":null},{"edgeID":"3965","fromID":"4213","toID":"4208","formEdgeID":null}]}