{"nodes":[{"nodeID":"3250","text":"Therefore Mahomet was a false prophet","type":"I","timestamp":"2012-04-12 18:28:32"},{"nodeID":"3251","text":"Mahomet told the false","type":"I","timestamp":"2012-04-12 18:28:32"},{"nodeID":"3252","text":"for not agreeing with what they have said of Jesus Christ","type":"I","timestamp":"2012-04-12 18:28:32"},{"nodeID":"3253","text":"The Koran said Saint Matthew was an honest man","type":"I","timestamp":"2012-04-12 18:28:32"},{"nodeID":"3254","text":"for calling honest men wicked","type":"I","timestamp":"2012-04-12 18:28:33"},{"nodeID":"3255","text":"RA","type":"RA","timestamp":"2012-04-12 18:28:33"},{"nodeID":"3256","text":"RA","type":"RA","timestamp":"2012-04-12 18:28:33"},{"nodeID":"3257","text":"RA","type":"RA","timestamp":"2012-04-12 18:28:33"}],"edges":[{"edgeID":"3116","fromID":"3251","toID":"3255","formEdgeID":null},{"edgeID":"3117","fromID":"3255","toID":"3250","formEdgeID":null},{"edgeID":"3118","fromID":"3252","toID":"3256","formEdgeID":null},{"edgeID":"3119","fromID":"3256","toID":"3251","formEdgeID":null},{"edgeID":"3120","fromID":"3253","toID":"3257","formEdgeID":null},{"edgeID":"3121","fromID":"3254","toID":"3257","formEdgeID":null},{"edgeID":"3122","fromID":"3257","toID":"3251","formEdgeID":null}]}