{"nodes":[{"nodeID":"3820","text":"To break this vicious circle Shaath said the United States needs to recommit to the roadmap process insist that Israel negotiate directly with the Palestinian Authority and enforce a complete ceasefire on both sides","type":"I","timestamp":"2012-04-12 18:30:26"},{"nodeID":"3821","text":"Israeli occupation of Palestinian territories caused instability","type":"I","timestamp":"2012-04-12 18:30:26"},{"nodeID":"3822","text":"the failure to end the Israeli occupation of Palestinian territories was at the root of many of the Middle East s woes.","type":"I","timestamp":"2012-04-12 18:30:26"},{"nodeID":"3823","text":"Decades of instability he said have reduced foreign investment in the region to a trickle.","type":"I","timestamp":"2012-04-12 18:30:26"},{"nodeID":"3824","text":"The only means to improve the economy and the political conditions of Middle East is to insist on the reconciliation between Israeli and Palestinians","type":"I","timestamp":"2012-04-12 18:30:26"},{"nodeID":"3825","text":"RA","type":"RA","timestamp":"2012-04-12 18:30:27","scheme":"CauseToEffect"},{"nodeID":"3826","text":"RA","type":"RA","timestamp":"2012-04-12 18:30:27","scheme":"Example"},{"nodeID":"3827","text":"RA","type":"RA","timestamp":"2012-04-12 18:30:27"}],"edges":[{"edgeID":"3610","fromID":"3821","toID":"3825","formEdgeID":null},{"edgeID":"3611","fromID":"3825","toID":"3823","formEdgeID":null},{"edgeID":"3612","fromID":"3822","toID":"3826","formEdgeID":null},{"edgeID":"3613","fromID":"3826","toID":"3823","formEdgeID":null},{"edgeID":"3614","fromID":"3823","toID":"3827","formEdgeID":null},{"edgeID":"3615","fromID":"3824","toID":"3827","formEdgeID":null},{"edgeID":"3616","fromID":"3827","toID":"3820","formEdgeID":null}]}