{"nodes":[{"nodeID":"544","text":"The treaties and covenants aiming for a world free of nuclear arsenals and other conventional and biological weapons of mass destruction should be adhered to scrupulously by all nations","type":"I","timestamp":"2012-04-12 18:19:16"},{"nodeID":"545","text":"survival of the entire world is at stake.","type":"I","timestamp":"2012-04-12 18:19:16"},{"nodeID":"546","text":"If adherence to certain treaties or covenants is necessary in order to ensure the survival of the world adherence to the treaties and convenants in question should be scrupulous","type":"I","timestamp":"2012-04-12 18:19:16"},{"nodeID":"547","text":"RA","type":"RA","timestamp":"2012-04-12 18:19:16"}],"edges":[{"edgeID":"498","fromID":"545","toID":"547","formEdgeID":null},{"edgeID":"499","fromID":"546","toID":"547","formEdgeID":null},{"edgeID":"500","fromID":"547","toID":"544","formEdgeID":null}]}