{"nodes":[{"nodeID":"1619","text":"Therefore the God of the Bible does not exist.","type":"I","timestamp":"2012-04-12 18:22:51"},{"nodeID":"1620","text":"I deny the second that predestination as he defines it is taught in the Bible.","type":"I","timestamp":"2012-04-12 18:22:51"},{"nodeID":"1621","text":"Predestination is incompatible with God's love and justice.","type":"I","timestamp":"2012-04-12 18:22:51"},{"nodeID":"1622","text":"Predestination is taught in the Bible.","type":"I","timestamp":"2012-04-12 18:22:51"},{"nodeID":"1623","text":"I think that the Bible teaches that it is God's will that every single person be saved","type":"I","timestamp":"2012-04-12 18:22:51"},{"nodeID":"1624","text":"If the Bible teaches that God's will is that everyone be saved the Bible does not teach predestination","type":"I","timestamp":"2012-04-12 18:22:51"},{"nodeID":"1625","text":"II Peter 3:9 states  God is not willing that any should perish but that all should reach repentance.","type":"I","timestamp":"2012-04-12 18:22:51"},{"nodeID":"1626","text":"If the Bible says that God does not want that any should persish the Bible is committed to God's will that everyone be saved","type":"I","timestamp":"2012-04-12 18:22:51"},{"nodeID":"1627","text":"And I Timothy 2:4 says  God our Savior desires all persons to be saved and to come to a knowledge of the truth.","type":"I","timestamp":"2012-04-12 18:22:51"},{"nodeID":"1628","text":"If the Bible says that God desires all persons to be saved the Bible is committed to God's will that everyone be saved","type":"I","timestamp":"2012-04-12 18:22:51"},{"nodeID":"1629","text":"CA","type":"CA","timestamp":"2012-04-12 18:22:51"},{"nodeID":"1630","text":"RA","type":"RA","timestamp":"2012-04-12 18:22:52","scheme":"VerbalClassification"},{"nodeID":"1631","text":"RA","type":"RA","timestamp":"2012-04-12 18:22:52"},{"nodeID":"1632","text":"RA","type":"RA","timestamp":"2012-04-12 18:22:52","scheme":"Commitment"},{"nodeID":"1633","text":"RA","type":"RA","timestamp":"2012-04-12 18:22:52","scheme":"Commitment"}],"edges":[{"edgeID":"1506","fromID":"1620","toID":"1629","formEdgeID":null},{"edgeID":"1507","fromID":"1629","toID":"1622","formEdgeID":null},{"edgeID":"1508","fromID":"1621","toID":"1630","formEdgeID":null},{"edgeID":"1509","fromID":"1622","toID":"1630","formEdgeID":null},{"edgeID":"1510","fromID":"1630","toID":"1619","formEdgeID":null},{"edgeID":"1511","fromID":"1623","toID":"1631","formEdgeID":null},{"edgeID":"1512","fromID":"1624","toID":"1631","formEdgeID":null},{"edgeID":"1513","fromID":"1631","toID":"1620","formEdgeID":null},{"edgeID":"1514","fromID":"1625","toID":"1632","formEdgeID":null},{"edgeID":"1515","fromID":"1626","toID":"1632","formEdgeID":null},{"edgeID":"1516","fromID":"1632","toID":"1623","formEdgeID":null},{"edgeID":"1517","fromID":"1627","toID":"1633","formEdgeID":null},{"edgeID":"1518","fromID":"1628","toID":"1633","formEdgeID":null},{"edgeID":"1519","fromID":"1633","toID":"1623","formEdgeID":null}]}