{"nodes":[{"nodeID":"922","text":"Confidence in personal and occupational schemes will have been severely damaged this weekend","type":"I","timestamp":"2012-04-12 18:20:27"},{"nodeID":"1299","text":"the Government are considering abolishing higher-rate tax relief on pension contributions","type":"I","timestamp":"2012-04-12 18:21:42"},{"nodeID":"1300","text":"fiscal increase or stricter fiscal dispositions cause concerns in people","type":"I","timestamp":"2012-04-12 18:21:42"},{"nodeID":"1301","text":"HIgher-rate tax relief on pensions contributions is a strict fiscal disposition","type":"I","timestamp":"2012-04-12 18:21:42"},{"nodeID":"1302","text":"RA","type":"RA","timestamp":"2012-04-12 18:21:43","scheme":"CauseToEffect"}],"edges":[{"edgeID":"1188","fromID":"1299","toID":"1302","formEdgeID":null},{"edgeID":"1189","fromID":"1300","toID":"1302","formEdgeID":null},{"edgeID":"1190","fromID":"1301","toID":"1302","formEdgeID":null},{"edgeID":"1191","fromID":"1302","toID":"922","formEdgeID":null}]}