{"nodes":[{"nodeID":"1659","text":"the proposed bypass was the only satisfactory solution","type":"I","timestamp":"2012-04-12 18:22:58"},{"nodeID":"1660","text":"Barnstaple suffered from  acute traffic congestion","type":"I","timestamp":"2012-04-12 18:22:58"},{"nodeID":"1661","text":"The goal of Council is to solve economic and civic problems","type":"I","timestamp":"2012-04-12 18:22:59"},{"nodeID":"1662","text":"The congestion is bad under the point of view of  the economy","type":"I","timestamp":"2012-04-12 18:22:59"},{"nodeID":"1663","text":"If the traffic congestion has bad consequences on the economy it is negative under the point of view of the economy","type":"I","timestamp":"2012-04-12 18:22:59"},{"nodeID":"1664","text":"was a  restriction on the economic growth of the area","type":"I","timestamp":"2012-04-12 18:22:59"},{"nodeID":"1665","text":"RA","type":"RA","timestamp":"2012-04-12 18:22:59","scheme":"CauseToEffect"},{"nodeID":"1666","text":"RA","type":"RA","timestamp":"2012-04-12 18:22:59","scheme":"PracticalReasoning"},{"nodeID":"1667","text":"RA","type":"RA","timestamp":"2012-04-12 18:22:59"}],"edges":[{"edgeID":"1544","fromID":"1660","toID":"1665","formEdgeID":null},{"edgeID":"1545","fromID":"1665","toID":"1664","formEdgeID":null},{"edgeID":"1546","fromID":"1661","toID":"1666","formEdgeID":null},{"edgeID":"1547","fromID":"1662","toID":"1666","formEdgeID":null},{"edgeID":"1548","fromID":"1666","toID":"1659","formEdgeID":null},{"edgeID":"1549","fromID":"1663","toID":"1667","formEdgeID":null},{"edgeID":"1550","fromID":"1664","toID":"1667","formEdgeID":null},{"edgeID":"1551","fromID":"1667","toID":"1662","formEdgeID":null}]}