{"nodes":[{"nodeID":"1556","text":"No wonder Sinn Fein\/RA continues to step up its demands. It has been trained to do so by the Government.","type":"I","timestamp":"2012-04-12 18:22:38"},{"nodeID":"1557","text":"Sinn Fein continues to step up its demands","type":"I","timestamp":"2012-04-12 18:22:38"},{"nodeID":"1558","text":"there is almost no terrorist demand to which Mr Blair is unprepared to yield in order to preserve the fragile peace in Northern Ireland.","type":"I","timestamp":"2012-04-12 18:22:38"},{"nodeID":"1559","text":"RA","type":"RA","timestamp":"2012-04-12 18:22:38","scheme":"CorrelationToCause"}],"edges":[{"edgeID":"1446","fromID":"1557","toID":"1559","formEdgeID":null},{"edgeID":"1447","fromID":"1558","toID":"1559","formEdgeID":null},{"edgeID":"1448","fromID":"1559","toID":"1556","formEdgeID":null}]}