{"nodes":[{"nodeID":"3360","text":"To think I was colonized by  that","type":"I","timestamp":"2012-04-12 18:28:53"},{"nodeID":"3361","text":"Elise called a Moroccan to unload her firewood and he noticed a Frenchman supposed to be helping him but who does it so badly that he finally exclaims to Elise s delight","type":"I","timestamp":"2012-04-12 18:28:53"},{"nodeID":"3362","text":"If this Frenchman is not able even to unload some firewood the French is incapable                                                                            French is incapable","type":"I","timestamp":"2012-04-12 18:28:53"},{"nodeID":"3363","text":"RA","type":"RA","timestamp":"2012-04-12 18:28:53"}],"edges":[{"edgeID":"3204","fromID":"3361","toID":"3363","formEdgeID":null},{"edgeID":"3205","fromID":"3362","toID":"3363","formEdgeID":null},{"edgeID":"3206","fromID":"3363","toID":"3360","formEdgeID":null}]}