{"nodes":[{"nodeID":"3657","text":"I owe my life to Britain... I want to give Britain just a tiny bit back for what Britain has given me.","type":"I","timestamp":"2012-04-12 18:29:53"},{"nodeID":"3658","text":"He would have been punished in a LAGER","type":"I","timestamp":"2012-04-12 18:29:53"},{"nodeID":"3659","text":"He said he would have been one of those killed in a concentration camp if it wasn't for Winston Churchill and for Britain","type":"I","timestamp":"2012-04-12 18:29:53"},{"nodeID":"3660","text":"Mr Howard hit a personal note as he described how his mother-in-law had died from a hospital-acquired infection and how his grandmother had been killed in a Nazi concentration camp.","type":"I","timestamp":"2012-04-12 18:29:53"},{"nodeID":"3661","text":"If his grandmother met the requirements to be punished in a LAGER he would have met the requirements as well","type":"I","timestamp":"2012-04-12 18:29:53"},{"nodeID":"3662","text":"RA","type":"RA","timestamp":"2012-04-12 18:29:53","scheme":"CauseToEffect"},{"nodeID":"3663","text":"RA","type":"RA","timestamp":"2012-04-12 18:29:53","scheme":"Analogy"}],"edges":[{"edgeID":"3463","fromID":"3658","toID":"3662","formEdgeID":null},{"edgeID":"3464","fromID":"3659","toID":"3662","formEdgeID":null},{"edgeID":"3465","fromID":"3662","toID":"3657","formEdgeID":null},{"edgeID":"3466","fromID":"3660","toID":"3663","formEdgeID":null},{"edgeID":"3467","fromID":"3661","toID":"3663","formEdgeID":null},{"edgeID":"3468","fromID":"3663","toID":"3658","formEdgeID":null}]}