{"nodes":[{"nodeID":"4766","text":"The coalitions forces should not depart before time","type":"I","timestamp":"2012-04-12 18:33:35"},{"nodeID":"4767","text":"But those other examples would be picnics in comparison to a civil war in Iraq.","type":"I","timestamp":"2012-04-12 18:33:35"},{"nodeID":"4768","text":"The consequences of a war in Iraq are not acceptable","type":"I","timestamp":"2012-04-12 18:33:35"},{"nodeID":"4769","text":"the integrity of the country could quickly unravel if coalition forces depart before Iraqi security forces are ready to take their place.","type":"I","timestamp":"2012-04-12 18:33:35"},{"nodeID":"4770","text":"Many people have compared Iraq to Lebanon or Afghanistan or Somalia  Zebari said","type":"I","timestamp":"2012-04-12 18:33:35"},{"nodeID":"4771","text":"RA","type":"RA","timestamp":"2012-04-12 18:33:35"},{"nodeID":"4772","text":"RA","type":"RA","timestamp":"2012-04-12 18:33:35","scheme":"Analogy"}],"edges":[{"edgeID":"4474","fromID":"4767","toID":"4771","formEdgeID":null},{"edgeID":"4475","fromID":"4768","toID":"4771","formEdgeID":null},{"edgeID":"4476","fromID":"4771","toID":"4766","formEdgeID":null},{"edgeID":"4477","fromID":"4769","toID":"4772","formEdgeID":null},{"edgeID":"4478","fromID":"4770","toID":"4772","formEdgeID":null},{"edgeID":"4479","fromID":"4772","toID":"4767","formEdgeID":null}]}