{"nodes":[{"nodeID":"960","text":"California 's law extends  the time in which prosecution is allowedauthorizes prosecutions  that the passage of time has previously barredand was enacted after  prior limitations periods for Stogner ' s alleged offenses had expired.  Such features produce the kind of retroactivity that the Constitution  forbids","type":"I","timestamp":"2012-04-12 18:20:34"},{"nodeID":"961","text":"the Clause protects liberty by preventing govern-  ments from enacting statutes with  manifestly unjust and oppressive    retroactive effects","type":"I","timestamp":"2012-04-12 18:20:34"},{"nodeID":"962","text":"the law's resurrection of time-barred prosecution threatens manifestly unjust and oppressive retroactive effects","type":"I","timestamp":"2012-04-12 18:20:34"},{"nodeID":"963","text":"The Clause bars time-barred prosecution","type":"I","timestamp":"2012-04-12 18:20:34"},{"nodeID":"964","text":"This law allows time-barred prosecution","type":"I","timestamp":"2012-04-12 18:20:34"},{"nodeID":"965","text":"numerous legislators  courtsand commentators have long believed it well settled that the  Clause forbids resurrection of a time-barred prosecution.","type":"I","timestamp":"2012-04-12 18:20:34"},{"nodeID":"966","text":"If numerous legislators courts and commentators have long believed it well settled that the Clause forbids resurrection of time-barred prosecution the Clause bars time-barred prosecution","type":"I","timestamp":"2012-04-12 18:20:34"},{"nodeID":"967","text":"The Recon-  struction Congress of 1867 rejected a bill that would have revived  time-barred treason prosecutions against Jefferson Davis and others  passing instead a law extending unexpired limitations periods.","type":"I","timestamp":"2012-04-12 18:20:34"},{"nodeID":"968","text":"State Supreme Courts echoed the view  that laws reviving time-barred prosecutions are ex post facto","type":"I","timestamp":"2012-04-12 18:20:34"},{"nodeID":"969","text":"If the Reconstruction Congress rejected a bill that would have revived  time-barred treason prosecutions State Supreme Courts echoed the view that laws reviving time-barred prosecutions are ex post facto and even courts that have upheld extensions of unexpired statutes of limitations have consistently distinguished situations where periods have expired then it follows that numerous legislators courts and commentators have long believed it settled that the Ex Post Facto Clause forbids resurrection of a time barred prosecution.","type":"I","timestamp":"2012-04-12 18:20:35"},{"nodeID":"970","text":"Even  courts that have upheld extensions of unexpired statutes of limita-  tions have consistently distinguished situations where the periods  have expired often using language that suggests a presumption that  reviving time-barred criminal cases is not allowed.","type":"I","timestamp":"2012-04-12 18:20:35"},{"nodeID":"971","text":"the law  falls literally within the categorical descriptions of ex post facto laws  that Justice Chase set forth more than 200 years ago in Calder v.  Bull","type":"I","timestamp":"2012-04-12 18:20:35"},{"nodeID":"972","text":"It is an accurate account of the Clause's scope","type":"I","timestamp":"2012-04-12 18:20:35"},{"nodeID":"973","text":"which this Court has recognized as an authoritative account of  the Clause 's scopeCollins v.Youngblood497 U.S.3746","type":"I","timestamp":"2012-04-12 18:20:35"},{"nodeID":"974","text":"If the Court recognizes a decision as authoritative it is","type":"I","timestamp":"2012-04-12 18:20:35"},{"nodeID":"975","text":"RA","type":"RA","timestamp":"2012-04-12 18:20:35"},{"nodeID":"976","text":"RA","type":"RA","timestamp":"2012-04-12 18:20:35"},{"nodeID":"977","text":"RA","type":"RA","timestamp":"2012-04-12 18:20:36"},{"nodeID":"978","text":"RA","type":"RA","timestamp":"2012-04-12 18:20:36"},{"nodeID":"979","text":"RA","type":"RA","timestamp":"2012-04-12 18:20:36"},{"nodeID":"980","text":"RA","type":"RA","timestamp":"2012-04-12 18:20:37"}],"edges":[{"edgeID":"864","fromID":"961","toID":"975","formEdgeID":null},{"edgeID":"865","fromID":"962","toID":"975","formEdgeID":null},{"edgeID":"866","fromID":"975","toID":"960","formEdgeID":null},{"edgeID":"867","fromID":"963","toID":"976","formEdgeID":null},{"edgeID":"868","fromID":"964","toID":"976","formEdgeID":null},{"edgeID":"869","fromID":"976","toID":"960","formEdgeID":null},{"edgeID":"870","fromID":"965","toID":"977","formEdgeID":null},{"edgeID":"871","fromID":"966","toID":"977","formEdgeID":null},{"edgeID":"872","fromID":"977","toID":"963","formEdgeID":null},{"edgeID":"873","fromID":"967","toID":"978","formEdgeID":null},{"edgeID":"874","fromID":"968","toID":"978","formEdgeID":null},{"edgeID":"875","fromID":"969","toID":"978","formEdgeID":null},{"edgeID":"876","fromID":"970","toID":"978","formEdgeID":null},{"edgeID":"877","fromID":"978","toID":"965","formEdgeID":null},{"edgeID":"878","fromID":"971","toID":"979","formEdgeID":null},{"edgeID":"879","fromID":"972","toID":"979","formEdgeID":null},{"edgeID":"880","fromID":"979","toID":"960","formEdgeID":null},{"edgeID":"881","fromID":"973","toID":"980","formEdgeID":null},{"edgeID":"882","fromID":"974","toID":"980","formEdgeID":null},{"edgeID":"883","fromID":"980","toID":"972","formEdgeID":null}]}