{"nodes":[{"nodeID":"1224","text":"the loss should fall on the person who chooses to keep an animal which is known to be dangerous in some circumstances","type":"I","timestamp":"2012-04-12 18:21:27"},{"nodeID":"1225","text":"he should bear the risks","type":"I","timestamp":"2012-04-12 18:21:27"},{"nodeID":"1226","text":"The loss deriving from the animal is a form of risk the owner accepts","type":"I","timestamp":"2012-04-12 18:21:27"},{"nodeID":"1227","text":"Keeping an animal dangerous in some circumstances involves risks for the community","type":"I","timestamp":"2012-04-12 18:21:28"},{"nodeID":"1228","text":"Who is does something dangerous for the community and himself should bear the risks this activity involves.","type":"I","timestamp":"2012-04-12 18:21:28"},{"nodeID":"1229","text":"He is aware of the risks involved","type":"I","timestamp":"2012-04-12 18:21:28"},{"nodeID":"1230","text":"RA","type":"RA","timestamp":"2012-04-12 18:21:28"},{"nodeID":"1231","text":"RA","type":"RA","timestamp":"2012-04-12 18:21:28","scheme":"EstablishedRule"}],"edges":[{"edgeID":"1117","fromID":"1225","toID":"1230","formEdgeID":null},{"edgeID":"1118","fromID":"1226","toID":"1230","formEdgeID":null},{"edgeID":"1119","fromID":"1230","toID":"1224","formEdgeID":null},{"edgeID":"1120","fromID":"1227","toID":"1231","formEdgeID":null},{"edgeID":"1121","fromID":"1228","toID":"1231","formEdgeID":null},{"edgeID":"1122","fromID":"1229","toID":"1231","formEdgeID":null},{"edgeID":"1123","fromID":"1231","toID":"1225","formEdgeID":null}]}