{"nodes":[{"nodeID":"4161","text":"Kerry`s argument should not be considered","type":"I","timestamp":"2012-04-12 18:31:35"},{"nodeID":"4162","text":"My opponent looked at the same intelligence I looked at and declared in 2002 that Saddam Hussein was a grave threat.","type":"I","timestamp":"2012-04-12 18:31:35"},{"nodeID":"4163","text":"Kerry was committed to the fact that Iraq was a threat","type":"I","timestamp":"2012-04-12 18:31:36"},{"nodeID":"4164","text":"Kerry attacked Bush because of his judgement of bringing about a war against Saddam","type":"I","timestamp":"2012-04-12 18:31:36"},{"nodeID":"4165","text":"Kerry is inconsistent","type":"I","timestamp":"2012-04-12 18:31:36"},{"nodeID":"4166","text":"He also said in December of 2003 that anyone who doubts that the world is safer without Saddam Hussein does not have the judgment to be president.","type":"I","timestamp":"2012-04-12 18:31:36"},{"nodeID":"4167","text":"Kerry attacked Bush for invading Iraq","type":"I","timestamp":"2012-04-12 18:31:36"},{"nodeID":"4168","text":"RA","type":"RA","timestamp":"2012-04-12 18:31:36"},{"nodeID":"4169","text":"RA","type":"RA","timestamp":"2012-04-12 18:31:36"}],"edges":[{"edgeID":"3920","fromID":"4162","toID":"4168","formEdgeID":null},{"edgeID":"3921","fromID":"4163","toID":"4168","formEdgeID":null},{"edgeID":"3922","fromID":"4164","toID":"4168","formEdgeID":null},{"edgeID":"3923","fromID":"4165","toID":"4168","formEdgeID":null},{"edgeID":"3924","fromID":"4168","toID":"4161","formEdgeID":null},{"edgeID":"3925","fromID":"4166","toID":"4169","formEdgeID":null},{"edgeID":"3926","fromID":"4167","toID":"4169","formEdgeID":null},{"edgeID":"3927","fromID":"4169","toID":"4161","formEdgeID":null}]}