{"nodes":[{"nodeID":"3376","text":"The role of the teacher of princes is extremely important","type":"I","timestamp":"2012-04-12 18:28:56"},{"nodeID":"3377","text":"Masters who direct the education of private persons serve only their pupils: but whoever would incline the people s leaders toward virtue would serve both those who are in power and those who are under their authority","type":"I","timestamp":"2012-04-12 18:28:56"},{"nodeID":"3378","text":"The fraction of the global number of people that the teacher of a leader serves is bigger than the fraction of people a normal teacher serves","type":"I","timestamp":"2012-04-12 18:28:56"},{"nodeID":"3379","text":"Serving all the people is the most important role in absolute","type":"I","timestamp":"2012-04-12 18:28:56"},{"nodeID":"3380","text":"RA","type":"RA","timestamp":"2012-04-12 18:28:56"},{"nodeID":"3381","text":"RA","type":"RA","timestamp":"2012-04-12 18:28:56"}],"edges":[{"edgeID":"3216","fromID":"3377","toID":"3380","formEdgeID":null},{"edgeID":"3217","fromID":"3380","toID":"3378","formEdgeID":null},{"edgeID":"3218","fromID":"3378","toID":"3381","formEdgeID":null},{"edgeID":"3219","fromID":"3379","toID":"3381","formEdgeID":null},{"edgeID":"3220","fromID":"3381","toID":"3376","formEdgeID":null}]}