{"nodes":[{"nodeID":"2869","text":"Le chiediamo di non promulgare questa legge","type":"I","timestamp":"2012-04-12 18:27:18"},{"nodeID":"2870","text":"Con la loro approvazione l'Unione europea darebbe un pessimo esempio ai paesi che devono ancora integrare i principi della liberta` di stampa e della democrazia","type":"I","timestamp":"2012-04-12 18:27:18"},{"nodeID":"2871","text":"La legge creerebbe un`immagine dell`Italia e della Comunita` Europea estremamente negativa","type":"I","timestamp":"2012-04-12 18:27:19"},{"nodeID":"2872","text":"Non e` accettabile l`immagine dell`Italia e della Comunita` Europea che tale legge creerebbe","type":"I","timestamp":"2012-04-12 18:27:19"},{"nodeID":"2873","text":"La legge Gasparri elimina di fatto l'interdizione fatta a una sola persona di detenere piu` di due reti televisive nazionali","type":"I","timestamp":"2012-04-12 18:27:19"},{"nodeID":"2874","text":"L`interdizione e` uno dei principi fondamentali della liberta` di stampa e di informazione","type":"I","timestamp":"2012-04-12 18:27:19"},{"nodeID":"2875","text":"La legge permette ad una sola persona di detenere piu` di due reti televisive nazionali","type":"I","timestamp":"2012-04-12 18:27:19"},{"nodeID":"2876","text":"La detenzione di piu` di sue reti televisive nazionali e` interdetta dall`Unione Europea","type":"I","timestamp":"2012-04-12 18:27:19"},{"nodeID":"2877","text":"La concentrazione nelle mani di una sola persona di un imponente impero mediatico e del potere politico continua a rappresentare un'anomalia unica in Europa","type":"I","timestamp":"2012-04-12 18:27:19"},{"nodeID":"2878","text":"La legge sul sistema radiotelevisivo come peraltro il progetto di legge sul conflitto di interessi non fanno che aggravare questa situazione","type":"I","timestamp":"2012-04-12 18:27:19"},{"nodeID":"2879","text":"Questa riforma che serve con tutta evidenza gli interessi del gruppo Mediaset di proprieta` di Silvio Berlusconi rappresenta un pericolo per l'autonomia della televisione pubblica e una minaccia per il pluralismo dell'informazione.","type":"I","timestamp":"2012-04-12 18:27:19"},{"nodeID":"2880","text":"In nome della liberta` di stampa","type":"I","timestamp":"2012-04-12 18:27:19"},{"nodeID":"2881","text":"RA","type":"RA","timestamp":"2012-04-12 18:27:19"},{"nodeID":"2882","text":"RA","type":"RA","timestamp":"2012-04-12 18:27:19"},{"nodeID":"2883","text":"RA","type":"RA","timestamp":"2012-04-12 18:27:20"},{"nodeID":"2884","text":"RA","type":"RA","timestamp":"2012-04-12 18:27:20"},{"nodeID":"2885","text":"RA","type":"RA","timestamp":"2012-04-12 18:27:20"},{"nodeID":"2886","text":"RA","type":"RA","timestamp":"2012-04-12 18:27:21"}],"edges":[{"edgeID":"2758","fromID":"2870","toID":"2881","formEdgeID":null},{"edgeID":"2759","fromID":"2881","toID":"2871","formEdgeID":null},{"edgeID":"2760","fromID":"2871","toID":"2882","formEdgeID":null},{"edgeID":"2761","fromID":"2872","toID":"2882","formEdgeID":null},{"edgeID":"2762","fromID":"2882","toID":"2869","formEdgeID":null},{"edgeID":"2763","fromID":"2873","toID":"2883","formEdgeID":null},{"edgeID":"2764","fromID":"2874","toID":"2883","formEdgeID":null},{"edgeID":"2765","fromID":"2883","toID":"2870","formEdgeID":null},{"edgeID":"2766","fromID":"2875","toID":"2884","formEdgeID":null},{"edgeID":"2767","fromID":"2876","toID":"2884","formEdgeID":null},{"edgeID":"2768","fromID":"2884","toID":"2873","formEdgeID":null},{"edgeID":"2769","fromID":"2877","toID":"2885","formEdgeID":null},{"edgeID":"2770","fromID":"2878","toID":"2885","formEdgeID":null},{"edgeID":"2771","fromID":"2885","toID":"2871","formEdgeID":null},{"edgeID":"2772","fromID":"2879","toID":"2886","formEdgeID":null},{"edgeID":"2773","fromID":"2880","toID":"2886","formEdgeID":null},{"edgeID":"2774","fromID":"2886","toID":"2869","formEdgeID":null}]}