{"nodes":[{"nodeID":"1054","text":"the problems here flow out of its having tried to proceed according to the most universally accepted standards available to it.","type":"I","timestamp":"2012-04-12 18:20:52"},{"nodeID":"1055","text":"if it has tried to proceed according to the Constitution doing so will have caused problems","type":"I","timestamp":"2012-04-12 18:20:52"},{"nodeID":"1056","text":"It has tried to proceed in accordance with the Constitution","type":"I","timestamp":"2012-04-12 18:20:52"},{"nodeID":"1057","text":"If the government's interests in not allowing Moussaoui to talk to Binalshibi are real and there is no question that the defense could have access to such a witness according to the Constitution then if it has tried to proceed according to the Constitution doing so will have caused problems","type":"I","timestamp":"2012-04-12 18:20:52"},{"nodeID":"1058","text":"Under normal circumstances there would be no question that the defense could have access to such a witness -- nor constitutionally speaking should there be such question now.","type":"I","timestamp":"2012-04-12 18:20:52"},{"nodeID":"1059","text":"the government's other interests here are very real.","type":"I","timestamp":"2012-04-12 18:20:52"},{"nodeID":"1060","text":"The Sixth Amendment makes clear that  the accused shall enjoy the right . . . to have compulsory process for obtaining witnesses in his favor.","type":"I","timestamp":"2012-04-12 18:20:52"},{"nodeID":"1061","text":"If the Sixth Amendment makes clear that  the accused shall enjoy the right...to have compulsory process for obtaining witnesses in his favor  and admits no national security exception and the defense argues that Binalshibh's testimony would be in his favor then according to the constitution there should be no question that the defense could have access to such a witness.","type":"I","timestamp":"2012-04-12 18:20:52"},{"nodeID":"1062","text":"Mr. Binalshibh's testimony the defense argues would lessen a jury's sense of Mr. Moussaoui's culpability and make it less inclined to impose the death penalty.","type":"I","timestamp":"2012-04-12 18:20:52"},{"nodeID":"1063","text":"The Constitution's language is absolute after all and admits no national security exception. Fair-trial rights in American courts cannot be contingent on other governmental interests even pressing ones.","type":"I","timestamp":"2012-04-12 18:20:52"},{"nodeID":"1064","text":"Mr. Moussaoui is representing himself meaning that he would personally talk to a terrorist confederate in any deposition. It isn't unreasonable for the government to regard this as an unacceptable risk.","type":"I","timestamp":"2012-04-12 18:20:52"},{"nodeID":"1065","text":"If Moussaoui would personally talk to a terrorist confederate and this is not unreasonably regarded as an unacceptable risk the government's interests in not allowing Moussaoui to talk to Binalshibh are very real","type":"I","timestamp":"2012-04-12 18:20:53"},{"nodeID":"2073","text":"RA","type":"RA","timestamp":"2012-04-12 18:24:31"},{"nodeID":"2074","text":"RA","type":"RA","timestamp":"2012-04-12 18:24:31"},{"nodeID":"2075","text":"RA","type":"RA","timestamp":"2012-04-12 18:24:31"},{"nodeID":"2076","text":"RA","type":"RA","timestamp":"2012-04-12 18:24:32"}],"edges":[{"edgeID":"1982","fromID":"1055","toID":"2073","formEdgeID":null},{"edgeID":"1983","fromID":"1056","toID":"2073","formEdgeID":null},{"edgeID":"1984","fromID":"2073","toID":"1054","formEdgeID":null},{"edgeID":"1985","fromID":"1057","toID":"2074","formEdgeID":null},{"edgeID":"1986","fromID":"1058","toID":"2074","formEdgeID":null},{"edgeID":"1987","fromID":"1059","toID":"2074","formEdgeID":null},{"edgeID":"1988","fromID":"2074","toID":"1055","formEdgeID":null},{"edgeID":"1989","fromID":"1060","toID":"2075","formEdgeID":null},{"edgeID":"1990","fromID":"1061","toID":"2075","formEdgeID":null},{"edgeID":"1991","fromID":"1062","toID":"2075","formEdgeID":null},{"edgeID":"1992","fromID":"1063","toID":"2075","formEdgeID":null},{"edgeID":"1993","fromID":"2075","toID":"1058","formEdgeID":null},{"edgeID":"1994","fromID":"1064","toID":"2076","formEdgeID":null},{"edgeID":"1995","fromID":"1065","toID":"2076","formEdgeID":null},{"edgeID":"1996","fromID":"2076","toID":"1059","formEdgeID":null}]}