{"nodes":[{"nodeID":"3301","text":"would I who am Iphicrates?","type":"I","timestamp":"2012-04-12 18:28:42"},{"nodeID":"3302","text":"The hierarchy of virtous persons is correlated to the hierarchy of actions","type":"I","timestamp":"2012-04-12 18:28:42"},{"nodeID":"3303","text":"you who are Aristophon would not betray the fleet","type":"I","timestamp":"2012-04-12 18:28:42"},{"nodeID":"3304","text":"Iphicrates is more virtuous than Aristophon","type":"I","timestamp":"2012-04-12 18:28:42"},{"nodeID":"3305","text":"RA","type":"RA","timestamp":"2012-04-12 18:28:42"}],"edges":[{"edgeID":"3157","fromID":"3302","toID":"3305","formEdgeID":null},{"edgeID":"3158","fromID":"3303","toID":"3305","formEdgeID":null},{"edgeID":"3159","fromID":"3304","toID":"3305","formEdgeID":null},{"edgeID":"3160","fromID":"3305","toID":"3301","formEdgeID":null}]}