{"nodes":[{"nodeID":"4733","text":"We cannot accept this view","type":"I","timestamp":"2012-04-12 18:33:29"},{"nodeID":"4734","text":"there is no act  save disobedience to God  which we can safely say is out of bounds no act of a kind which simply must not be done even rape","type":"I","timestamp":"2012-04-12 18:33:29"},{"nodeID":"4735","text":"If this God exists and we must obey him unconditionally then anything whatever might turn out to be permissible.","type":"I","timestamp":"2012-04-12 18:33:29"},{"nodeID":"4736","text":"This view is destructive of morality as we normally think of it.","type":"I","timestamp":"2012-04-12 18:33:29"},{"nodeID":"4737","text":"there is a God who is liable to command anything","type":"I","timestamp":"2012-04-12 18:33:29"},{"nodeID":"4738","text":"our highest loyalty must be to this God","type":"I","timestamp":"2012-04-12 18:33:29"},{"nodeID":"4739","text":"RA","type":"RA","timestamp":"2012-04-12 18:33:29"},{"nodeID":"4740","text":"RA","type":"RA","timestamp":"2012-04-12 18:33:29"},{"nodeID":"4741","text":"RA","type":"RA","timestamp":"2012-04-12 18:33:29","scheme":"CauseToEffect"}],"edges":[{"edgeID":"4446","fromID":"4734","toID":"4739","formEdgeID":null},{"edgeID":"4447","fromID":"4739","toID":"4735","formEdgeID":null},{"edgeID":"4448","fromID":"4735","toID":"4740","formEdgeID":null},{"edgeID":"4449","fromID":"4736","toID":"4740","formEdgeID":null},{"edgeID":"4450","fromID":"4740","toID":"4733","formEdgeID":null},{"edgeID":"4451","fromID":"4737","toID":"4741","formEdgeID":null},{"edgeID":"4452","fromID":"4738","toID":"4741","formEdgeID":null},{"edgeID":"4453","fromID":"4741","toID":"4734","formEdgeID":null}]}