{"nodes":[{"nodeID":"445","text":"by a majority of two to one the decision of Silber J was set aside.","type":"I","timestamp":"2012-04-12 18:18:58"},{"nodeID":"446","text":"The majority of the Court of Appeal Lord Phillips of Worth Matravers MR and Longmore LJ considered there had been no contempt.","type":"I","timestamp":"2012-04-12 18:18:58"},{"nodeID":"447","text":"In the minority Simon Brown LJ would have upheld the judgment of Silber J.","type":"I","timestamp":"2012-04-12 18:18:58"},{"nodeID":"448","text":"If there is a majority that is comprised of Lord Phillips and of Longmore along and a minority comprised of Brown there is a majority of 2 to 1.","type":"I","timestamp":"2012-04-12 18:18:58"},{"nodeID":"449","text":"RA","type":"RA","timestamp":"2012-04-12 18:18:58"}],"edges":[{"edgeID":"415","fromID":"446","toID":"449","formEdgeID":null},{"edgeID":"416","fromID":"447","toID":"449","formEdgeID":null},{"edgeID":"417","fromID":"448","toID":"449","formEdgeID":null},{"edgeID":"418","fromID":"449","toID":"445","formEdgeID":null}]}