{"nodes":[{"nodeID":"1008","text":"There is no apparent reason why this important piece of legislation should be held up at this time.","type":"I","timestamp":"2012-04-12 18:20:43"},{"nodeID":"1009","text":"It was developed in a bipartisan manner and encompasses many vital pieces of legislation from both sides of the aisle.","type":"I","timestamp":"2012-04-12 18:20:43"},{"nodeID":"1010","text":"If legislation is bipartisan and vital it should on the face of things not be held up.","type":"I","timestamp":"2012-04-12 18:20:43"},{"nodeID":"1011","text":"RA","type":"RA","timestamp":"2012-04-12 18:20:44"}],"edges":[{"edgeID":"909","fromID":"1009","toID":"1011","formEdgeID":null},{"edgeID":"910","fromID":"1010","toID":"1011","formEdgeID":null},{"edgeID":"911","fromID":"1011","toID":"1008","formEdgeID":null}]}