{"nodes":[{"nodeID":"287","text":"The banks are winning in their campaign to cut their costs by changing the way we handle money and pay our bills.","type":"I","timestamp":"2012-04-12 18:18:28"},{"nodeID":"288","text":"They are keeping us out of their branches killing off the cheque moving us onto the internet making money less tangible and pushing us towards the cashless economy.","type":"I","timestamp":"2012-04-12 18:18:28"},{"nodeID":"289","text":"If the banks are keeping us out of their branches killing off the cheque moving us onto the internet making money less tangible and pushing us towards a cashless economy then they are winning their campaign to cut their costs by changing the way we handle money and pay our bills.","type":"I","timestamp":"2012-04-12 18:18:28"},{"nodeID":"290","text":"RA","type":"RA","timestamp":"2012-04-12 18:18:28"}],"edges":[{"edgeID":"278","fromID":"288","toID":"290","formEdgeID":null},{"edgeID":"279","fromID":"289","toID":"290","formEdgeID":null},{"edgeID":"280","fromID":"290","toID":"287","formEdgeID":null}]}