{"nodes":[{"nodeID":"580","text":"At such a juncture we need a lot of money for reaching the people and putting forth our ideas when we are contesting the elections.","type":"I","timestamp":"2012-04-12 18:19:23"},{"nodeID":"581","text":"We have made three-tier system where the local administration is also under the people's representatives.","type":"I","timestamp":"2012-04-12 18:19:23"},{"nodeID":"1840","text":"I have to spend a lot of money","type":"I","timestamp":"2012-04-12 18:23:39"},{"nodeID":"1841","text":"I have not much money","type":"I","timestamp":"2012-04-12 18:23:39"},{"nodeID":"1842","text":"If I have to spend money I need money","type":"I","timestamp":"2012-04-12 18:23:39"},{"nodeID":"1843","text":"The only means to reach the people is spending a lot of money to reach them","type":"I","timestamp":"2012-04-12 18:23:39"},{"nodeID":"1844","text":"My goal is to reach the people","type":"I","timestamp":"2012-04-12 18:23:39"},{"nodeID":"1845","text":"If I want my ideas to be accepted by the administration I have to reach the people","type":"I","timestamp":"2012-04-12 18:23:39"},{"nodeID":"1846","text":"I want my ideas to be accepted","type":"I","timestamp":"2012-04-12 18:23:39"},{"nodeID":"1847","text":"RA","type":"RA","timestamp":"2012-04-12 18:23:39"},{"nodeID":"1848","text":"RA","type":"RA","timestamp":"2012-04-12 18:23:40","scheme":"PracticalReasoning"},{"nodeID":"1849","text":"RA","type":"RA","timestamp":"2012-04-12 18:23:40","scheme":"PracticalReasoning"}],"edges":[{"edgeID":"1732","fromID":"1840","toID":"1847","formEdgeID":null},{"edgeID":"1733","fromID":"1841","toID":"1847","formEdgeID":null},{"edgeID":"1734","fromID":"1842","toID":"1847","formEdgeID":null},{"edgeID":"1735","fromID":"1847","toID":"580","formEdgeID":null},{"edgeID":"1736","fromID":"1843","toID":"1848","formEdgeID":null},{"edgeID":"1737","fromID":"1844","toID":"1848","formEdgeID":null},{"edgeID":"1738","fromID":"1848","toID":"1840","formEdgeID":null},{"edgeID":"1739","fromID":"581","toID":"1849","formEdgeID":null},{"edgeID":"1740","fromID":"1845","toID":"1849","formEdgeID":null},{"edgeID":"1741","fromID":"1846","toID":"1849","formEdgeID":null},{"edgeID":"1742","fromID":"1849","toID":"1844","formEdgeID":null}]}