{"nodes":[{"nodeID":"3258","text":"A is the son or daughter of B","type":"I","timestamp":"2012-04-12 18:28:34"},{"nodeID":"3259","text":"A is the child of B","type":"I","timestamp":"2012-04-12 18:28:34"},{"nodeID":"3260","text":"The expression  to be child of  is equivalent to the expression  to be daughter or son of","type":"I","timestamp":"2012-04-12 18:28:34"},{"nodeID":"3261","text":"RA","type":"RA","timestamp":"2012-04-12 18:28:34"}],"edges":[{"edgeID":"3123","fromID":"3259","toID":"3261","formEdgeID":null},{"edgeID":"3124","fromID":"3260","toID":"3261","formEdgeID":null},{"edgeID":"3125","fromID":"3261","toID":"3258","formEdgeID":null}]}