{"nodes":[{"nodeID":"2916","text":"My opponent's position is not good","type":"I","timestamp":"2012-04-12 18:27:27"},{"nodeID":"2917","text":"My opponent and his running mate voted against this money for bullets and fuel and vehicles and body armor","type":"I","timestamp":"2012-04-12 18:27:27"},{"nodeID":"2918","text":"The proposal is good","type":"I","timestamp":"2012-04-12 18:27:27"},{"nodeID":"2919","text":"I proposed and the Congress overwhelmingly passed $87 billion in funding needed by our troops doing battle in Afghanistan and Iraq.","type":"I","timestamp":"2012-04-12 18:27:27"},{"nodeID":"2920","text":"Supporting the troops with armours and vehicles means helping them","type":"I","timestamp":"2012-04-12 18:27:28"},{"nodeID":"2921","text":"Helping the troops is good","type":"I","timestamp":"2012-04-12 18:27:28"},{"nodeID":"2922","text":"RA","type":"RA","timestamp":"2012-04-12 18:27:28"},{"nodeID":"2923","text":"RA","type":"RA","timestamp":"2012-04-12 18:27:28"}],"edges":[{"edgeID":"2801","fromID":"2917","toID":"2922","formEdgeID":null},{"edgeID":"2802","fromID":"2918","toID":"2922","formEdgeID":null},{"edgeID":"2803","fromID":"2922","toID":"2916","formEdgeID":null},{"edgeID":"2804","fromID":"2919","toID":"2923","formEdgeID":null},{"edgeID":"2805","fromID":"2920","toID":"2923","formEdgeID":null},{"edgeID":"2806","fromID":"2921","toID":"2923","formEdgeID":null},{"edgeID":"2807","fromID":"2923","toID":"2918","formEdgeID":null}]}