{"nodes":[{"nodeID":"4773","text":"Zebari forcefully contended that the more serious error made by the coalition was not quickly installing Iraqi opposition groups in power following the fall of Baghdad","type":"I","timestamp":"2012-04-12 18:33:36"},{"nodeID":"4774","text":"Americans are trying to seek recognition as an occupying power","type":"I","timestamp":"2012-04-12 18:33:36"},{"nodeID":"4775","text":"Prior to the invasion he said the major opposition groups in exile had prepared for a rapid transfer of sovereignty to a provisional Iraqi government but these plans were quickly sidetracked by coalition leaders.","type":"I","timestamp":"2012-04-12 18:33:36"},{"nodeID":"4776","text":"A second chance to move quickly to Iraqi sovereignty was lost when the coalition returned to the UN Security Council shortly after the invasion to obtain a new resolution clarifying their status in Iraq","type":"I","timestamp":"2012-04-12 18:33:36"},{"nodeID":"4777","text":"By seeking recognition as an occupying power Zebari said the coalition spread mistrust and suspicion among Iraqis worried about a return to foreign domination.","type":"I","timestamp":"2012-04-12 18:33:36"},{"nodeID":"4778","text":"The consequences have been devastating for us","type":"I","timestamp":"2012-04-12 18:33:36"},{"nodeID":"4779","text":"RA","type":"RA","timestamp":"2012-04-12 18:33:36"},{"nodeID":"4780","text":"RA","type":"RA","timestamp":"2012-04-12 18:33:37"},{"nodeID":"4781","text":"RA","type":"RA","timestamp":"2012-04-12 18:33:37"},{"nodeID":"4782","text":"RA","type":"RA","timestamp":"2012-04-12 18:33:37"}],"edges":[{"edgeID":"4480","fromID":"4774","toID":"4779","formEdgeID":null},{"edgeID":"4481","fromID":"4779","toID":"4777","formEdgeID":null},{"edgeID":"4482","fromID":"4775","toID":"4780","formEdgeID":null},{"edgeID":"4483","fromID":"4780","toID":"4774","formEdgeID":null},{"edgeID":"4484","fromID":"4776","toID":"4781","formEdgeID":null},{"edgeID":"4485","fromID":"4781","toID":"4774","formEdgeID":null},{"edgeID":"4486","fromID":"4777","toID":"4782","formEdgeID":null},{"edgeID":"4487","fromID":"4778","toID":"4782","formEdgeID":null},{"edgeID":"4488","fromID":"4782","toID":"4773","formEdgeID":null}]}