{"nodes":[{"nodeID":"1106","text":"I am required to pay to meet emission standards on my car","type":"I","timestamp":"2012-04-12 18:21:02"},{"nodeID":"1367","text":"all oil companies must be forced to pay for double hull tankers immediately.","type":"I","timestamp":"2012-04-12 18:21:59"},{"nodeID":"1368","text":"The law is for all the same","type":"I","timestamp":"2012-04-12 18:21:59"},{"nodeID":"1369","text":"Oil companies fall under the categories concerned by the law","type":"I","timestamp":"2012-04-12 18:21:59"},{"nodeID":"1370","text":"Double hull tankers do not meet emissions standards","type":"I","timestamp":"2012-04-12 18:21:59"},{"nodeID":"1371","text":"Who does not meet emission standards falls under the category mentioned in the law","type":"I","timestamp":"2012-04-12 18:21:59"},{"nodeID":"1372","text":"RA","type":"RA","timestamp":"2012-04-12 18:21:59","scheme":"EstablishedRule"},{"nodeID":"1373","text":"RA","type":"RA","timestamp":"2012-04-12 18:21:59","scheme":"VerbalClassification"}],"edges":[{"edgeID":"1265","fromID":"1106","toID":"1372","formEdgeID":null},{"edgeID":"1266","fromID":"1368","toID":"1372","formEdgeID":null},{"edgeID":"1267","fromID":"1369","toID":"1372","formEdgeID":null},{"edgeID":"1268","fromID":"1372","toID":"1367","formEdgeID":null},{"edgeID":"1269","fromID":"1370","toID":"1373","formEdgeID":null},{"edgeID":"1270","fromID":"1371","toID":"1373","formEdgeID":null},{"edgeID":"1271","fromID":"1373","toID":"1369","formEdgeID":null}]}