{"nodes":[{"nodeID":"3986","text":"she must be beautiful.","type":"I","timestamp":"2012-04-12 18:30:59"},{"nodeID":"3987","text":"She is blonde and tall","type":"I","timestamp":"2012-04-12 18:30:59"},{"nodeID":"3988","text":"If a girl is blonde and tall she might be classified (in Bob's category) as beautiful","type":"I","timestamp":"2012-04-12 18:30:59"},{"nodeID":"3989","text":"RA","type":"RA","timestamp":"2012-04-12 18:30:59","scheme":"VerbalClassification"}],"edges":[{"edgeID":"3758","fromID":"3987","toID":"3989","formEdgeID":null},{"edgeID":"3759","fromID":"3988","toID":"3989","formEdgeID":null},{"edgeID":"3760","fromID":"3989","toID":"3986","formEdgeID":null}]}