{"nodes":[{"nodeID":"1109","text":"Thus in essence the submission is that the war on terrorism is at least the equivalent to a conventional war the military's judgment as to who is an enemy combatant should be upheld and the rights available to citizens in relation to ordinary criminal prosecutions e.g. the right to counsel and the right to be brought before a court and charged within a reasonable time are inapplicable.","type":"I","timestamp":"2012-04-12 18:21:02"},{"nodeID":"1110","text":"The material parts of this response can be summarised as follows:       i. Hamdi's detention is lawful since he has been seized by the military and is detained as an enemy combatant;       ii. there is no obligation under the law and customs of war for captors to charge combatants with an offence;       iii. prisoners of war have no right to counsel;       iv. the military has properly determined that Hamdi was an enemy combatant  the executives' determination that someone is an enemy combatant and should be detained as such [being] one of the most fundamental military judgments of all        v. the sworn declaration explaining the military's determination readily satisfies any constitutionally appropriate standard of judicial review.","type":"I","timestamp":"2012-04-12 18:21:03"},{"nodeID":"1111","text":"If the response is that Hamdi's treatment as a prisoner in the war on terrorism is lawful because in accordance with the laws of conventional war then the submission is in essence that the war on terrorism is at least equivalent to a conventional war the military's judgment as to who is an enemy combatant should be upheld and the rights available to citizens in relation to ordinary criminal prosecutions are inapplicable.","type":"I","timestamp":"2012-04-12 18:21:03"},{"nodeID":"1112","text":"RA","type":"RA","timestamp":"2012-04-12 18:21:03"}],"edges":[{"edgeID":"999","fromID":"1110","toID":"1112","formEdgeID":null},{"edgeID":"1000","fromID":"1111","toID":"1112","formEdgeID":null},{"edgeID":"1001","fromID":"1112","toID":"1109","formEdgeID":null}]}