{"nodes":[{"nodeID":"1232","text":"An anonymous hold has been placed on S. 2043 the ``Veterans Long-Term Care and Medical Programs Enhancement Act of 2002","type":"I","timestamp":"2012-04-12 18:21:29"},{"nodeID":"1233","text":"There is no apparent reason why this important piece of legislation should be held up at this time","type":"I","timestamp":"2012-04-12 18:21:29"},{"nodeID":"1234","text":"S. 2043 encompasses many vital pieces of legislation from both sides of the aisle","type":"I","timestamp":"2012-04-12 18:21:29"},{"nodeID":"1235","text":"S. 2043 was developed in a bipartisan manner","type":"I","timestamp":"2012-04-12 18:21:29"},{"nodeID":"1236","text":"The law is  vital useful","type":"I","timestamp":"2012-04-12 18:21:29"},{"nodeID":"1237","text":"The law is valid","type":"I","timestamp":"2012-04-12 18:21:29"},{"nodeID":"1238","text":"The only possible reasons known are the inutility or invalidity of the law","type":"I","timestamp":"2012-04-12 18:21:29"},{"nodeID":"1239","text":"CA","type":"CA","timestamp":"2012-04-12 18:21:29"},{"nodeID":"1240","text":"RA","type":"RA","timestamp":"2012-04-12 18:21:30","scheme":"Example"},{"nodeID":"1241","text":"RA","type":"RA","timestamp":"2012-04-12 18:21:30","scheme":"Example"},{"nodeID":"1242","text":"RA","type":"RA","timestamp":"2012-04-12 18:21:30","scheme":"Ignorance"}],"edges":[{"edgeID":"1124","fromID":"1233","toID":"1239","formEdgeID":null},{"edgeID":"1125","fromID":"1239","toID":"1232","formEdgeID":null},{"edgeID":"1126","fromID":"1234","toID":"1240","formEdgeID":null},{"edgeID":"1127","fromID":"1240","toID":"1236","formEdgeID":null},{"edgeID":"1128","fromID":"1235","toID":"1241","formEdgeID":null},{"edgeID":"1129","fromID":"1241","toID":"1237","formEdgeID":null},{"edgeID":"1130","fromID":"1236","toID":"1242","formEdgeID":null},{"edgeID":"1131","fromID":"1237","toID":"1242","formEdgeID":null},{"edgeID":"1132","fromID":"1238","toID":"1242","formEdgeID":null},{"edgeID":"1133","fromID":"1242","toID":"1233","formEdgeID":null}]}