{"nodes":[{"nodeID":"2335","text":"The  optimal solution was to cut back the numbers of Tygodnik Mazowsze we printed at the  center while at the same time producing stencils that local union groups could use to  make their own copies of the journal.","type":"I","timestamp":"2012-04-12 18:25:31"},{"nodeID":"2336","text":"The head of the distribution  network who had contacts with the majority of drop-off points was arrested just a few  months into the  war.","type":"I","timestamp":"2012-04-12 18:25:31"},{"nodeID":"2337","text":"A group arrest of distributors is always a big  blow since rebuilding such a network requires long and tedious work.","type":"I","timestamp":"2012-04-12 18:25:31"},{"nodeID":"2338","text":"If you put something in someone s  hands they d still pass it along but people stopped coming to us on their own","type":"I","timestamp":"2012-04-12 18:25:31"},{"nodeID":"2339","text":"Our problems however are not so much with printing the material as with distributing it.","type":"I","timestamp":"2012-04-12 18:25:31"},{"nodeID":"2340","text":"If we cut back the number of papers printed at the center and we produce stencils we cut the number of distributors","type":"I","timestamp":"2012-04-12 18:25:31"},{"nodeID":"2341","text":"The goal is to reduce the number of distributors","type":"I","timestamp":"2012-04-12 18:25:31"},{"nodeID":"2342","text":"Every so often a large group of distributors gets caught.","type":"I","timestamp":"2012-04-12 18:25:31"},{"nodeID":"2343","text":"If distributors are caught the distribution has problems","type":"I","timestamp":"2012-04-12 18:25:31"},{"nodeID":"2344","text":"Moreover while at  the beginning of martial law we literally had crowds of people clamouring to be  distributors over time this began to come to a halt.","type":"I","timestamp":"2012-04-12 18:25:31"},{"nodeID":"2345","text":"If the distributors decrease in number the distribution has problems","type":"I","timestamp":"2012-04-12 18:25:31"},{"nodeID":"2346","text":"RA","type":"RA","timestamp":"2012-04-12 18:25:32","scheme":"Example"},{"nodeID":"2347","text":"RA","type":"RA","timestamp":"2012-04-12 18:25:32"},{"nodeID":"2348","text":"RA","type":"RA","timestamp":"2012-04-12 18:25:32","scheme":"Example"},{"nodeID":"2349","text":"RA","type":"RA","timestamp":"2012-04-12 18:25:32"},{"nodeID":"2350","text":"RA","type":"RA","timestamp":"2012-04-12 18:25:33"},{"nodeID":"2351","text":"RA","type":"RA","timestamp":"2012-04-12 18:25:33","scheme":"CauseToEffect"}],"edges":[{"edgeID":"2261","fromID":"2336","toID":"2346","formEdgeID":null},{"edgeID":"2262","fromID":"2346","toID":"2342","formEdgeID":null},{"edgeID":"2263","fromID":"2337","toID":"2347","formEdgeID":null},{"edgeID":"2264","fromID":"2347","toID":"2343","formEdgeID":null},{"edgeID":"2265","fromID":"2338","toID":"2348","formEdgeID":null},{"edgeID":"2266","fromID":"2348","toID":"2344","formEdgeID":null},{"edgeID":"2267","fromID":"2339","toID":"2349","formEdgeID":null},{"edgeID":"2268","fromID":"2340","toID":"2349","formEdgeID":null},{"edgeID":"2269","fromID":"2341","toID":"2349","formEdgeID":null},{"edgeID":"2270","fromID":"2349","toID":"2335","formEdgeID":null},{"edgeID":"2271","fromID":"2342","toID":"2350","formEdgeID":null},{"edgeID":"2272","fromID":"2343","toID":"2350","formEdgeID":null},{"edgeID":"2273","fromID":"2350","toID":"2339","formEdgeID":null},{"edgeID":"2274","fromID":"2344","toID":"2351","formEdgeID":null},{"edgeID":"2275","fromID":"2345","toID":"2351","formEdgeID":null},{"edgeID":"2276","fromID":"2351","toID":"2339","formEdgeID":null}]}