{"nodes":[{"nodeID":"816","text":"Their impotence frustrates them and makes them want to carry out the type of attacks that rocked Gauteng this week.","type":"I","timestamp":"2012-04-12 18:20:07"},{"nodeID":"1303","text":"The worst mistake therefore will be to write them off and giggle at their antics","type":"I","timestamp":"2012-04-12 18:21:43"},{"nodeID":"1304","text":"It is the very fact that these people are a fringe minority with no capacity to overthrow the government that makes them all the more dangerous","type":"I","timestamp":"2012-04-12 18:21:43"},{"nodeID":"1305","text":"Write somebody off is a means of reduce somebody to impotence","type":"I","timestamp":"2012-04-12 18:21:43"},{"nodeID":"1306","text":"If somebody is frustrated it is plausible that he carries out violent actions","type":"I","timestamp":"2012-04-12 18:21:43"},{"nodeID":"1307","text":"They are frustrated","type":"I","timestamp":"2012-04-12 18:21:43"},{"nodeID":"1308","text":"Impotence causes frustration","type":"I","timestamp":"2012-04-12 18:21:44"},{"nodeID":"1309","text":"They are impotent","type":"I","timestamp":"2012-04-12 18:21:44"},{"nodeID":"1310","text":"RA","type":"RA","timestamp":"2012-04-12 18:21:44"},{"nodeID":"1311","text":"RA","type":"RA","timestamp":"2012-04-12 18:21:44"},{"nodeID":"1312","text":"RA","type":"RA","timestamp":"2012-04-12 18:21:44","scheme":"CauseToEffect"},{"nodeID":"1313","text":"RA","type":"RA","timestamp":"2012-04-12 18:21:45","scheme":"CauseToEffect"}],"edges":[{"edgeID":"1192","fromID":"816","toID":"1310","formEdgeID":null},{"edgeID":"1193","fromID":"1310","toID":"1304","formEdgeID":null},{"edgeID":"1194","fromID":"1304","toID":"1311","formEdgeID":null},{"edgeID":"1195","fromID":"1305","toID":"1311","formEdgeID":null},{"edgeID":"1196","fromID":"1311","toID":"1303","formEdgeID":null},{"edgeID":"1197","fromID":"1306","toID":"1312","formEdgeID":null},{"edgeID":"1198","fromID":"1307","toID":"1312","formEdgeID":null},{"edgeID":"1199","fromID":"1312","toID":"816","formEdgeID":null},{"edgeID":"1200","fromID":"1308","toID":"1313","formEdgeID":null},{"edgeID":"1201","fromID":"1309","toID":"1313","formEdgeID":null},{"edgeID":"1202","fromID":"1313","toID":"1307","formEdgeID":null}]}