{"nodes":[{"nodeID":"4983","text":"alla Juve si stanno arrabbiando","type":"I","timestamp":"2012-04-12 18:34:19"},{"nodeID":"4984","text":"La societa` vuole che Teseguez sia operato","type":"I","timestamp":"2012-04-12 18:34:19"},{"nodeID":"4985","text":"Se un giocatore rifiuta di fare cio` che e` negli interessi della societa` e suoi la societa` si arrabbia","type":"I","timestamp":"2012-04-12 18:34:20"},{"nodeID":"4986","text":"Il giocatore tentenna","type":"I","timestamp":"2012-04-12 18:34:20"},{"nodeID":"4987","text":"Se un giocatore non si vuole far operare quando dovrebbe la societa` rischia di perdere un giocatore del tutto o di avere a disposizione ilgiocatore salturiamente","type":"I","timestamp":"2012-04-12 18:34:20"},{"nodeID":"4988","text":"un eventuale intervento richiederebbe 4 mesi di stop","type":"I","timestamp":"2012-04-12 18:34:20"},{"nodeID":"4989","text":"Uno stop di 4 mesi ha conseguenze serie sulla carriera di un giocatore","type":"I","timestamp":"2012-04-12 18:34:20"},{"nodeID":"4990","text":"RA","type":"RA","timestamp":"2012-04-12 18:34:20"},{"nodeID":"4991","text":"RA","type":"RA","timestamp":"2012-04-12 18:34:20"},{"nodeID":"4992","text":"RA","type":"RA","timestamp":"2012-04-12 18:34:20"}],"edges":[{"edgeID":"4677","fromID":"4984","toID":"4990","formEdgeID":null},{"edgeID":"4678","fromID":"4985","toID":"4990","formEdgeID":null},{"edgeID":"4679","fromID":"4990","toID":"4983","formEdgeID":null},{"edgeID":"4680","fromID":"4986","toID":"4991","formEdgeID":null},{"edgeID":"4681","fromID":"4987","toID":"4991","formEdgeID":null},{"edgeID":"4682","fromID":"4991","toID":"4984","formEdgeID":null},{"edgeID":"4683","fromID":"4988","toID":"4992","formEdgeID":null},{"edgeID":"4684","fromID":"4989","toID":"4992","formEdgeID":null},{"edgeID":"4685","fromID":"4992","toID":"4986","formEdgeID":null}]}