{"nodes":[{"nodeID":"4061","text":"E il dire che voi vi crediate a'costumi de'padri e delle madri le figliuole conoscere donde argomentate di darlami tal che mi piacera` e` una sciocchezza","type":"I","timestamp":"2012-04-12 18:31:14"},{"nodeID":"4062","text":"Se si conoscono i costumi dei genitori si possono conoscere i costumi delle figlie","type":"I","timestamp":"2012-04-12 18:31:14"},{"nodeID":"4063","text":"Se un argomento non soddisfa i requisiti fondamentali in questo caso la verita` della premessa e` infondato e non valido","type":"I","timestamp":"2012-04-12 18:31:14"},{"nodeID":"4064","text":"Voi non conoscete i genitori delle ragazze","type":"I","timestamp":"2012-04-12 18:31:14"},{"nodeID":"4065","text":"Se voi conosceste i genitori delle ragazze io saprei che voi li frequentate","type":"I","timestamp":"2012-04-12 18:31:15"},{"nodeID":"4066","text":"con cio` sia cosa che io non sappia dove i padri possiate conoscere ne` come i segreti delle madri di quelle","type":"I","timestamp":"2012-04-12 18:31:15"},{"nodeID":"4067","text":"Se un argomento non soddisfa i requisiti fondamentali in questo caso la validita` dell'analogia e` infondato e non valido","type":"I","timestamp":"2012-04-12 18:31:15"},{"nodeID":"4068","text":"quantunque pur conoscendoli sieno spesse volte le figliuole a'padri e alle madri dissimili","type":"I","timestamp":"2012-04-12 18:31:15"},{"nodeID":"4069","text":"RA","type":"RA","timestamp":"2012-04-12 18:31:15"},{"nodeID":"4070","text":"RA","type":"RA","timestamp":"2012-04-12 18:31:15"},{"nodeID":"4071","text":"RA","type":"RA","timestamp":"2012-04-12 18:31:16"}],"edges":[{"edgeID":"3825","fromID":"4062","toID":"4069","formEdgeID":null},{"edgeID":"3826","fromID":"4063","toID":"4069","formEdgeID":null},{"edgeID":"3827","fromID":"4064","toID":"4069","formEdgeID":null},{"edgeID":"3828","fromID":"4069","toID":"4061","formEdgeID":null},{"edgeID":"3829","fromID":"4065","toID":"4070","formEdgeID":null},{"edgeID":"3830","fromID":"4066","toID":"4070","formEdgeID":null},{"edgeID":"3831","fromID":"4070","toID":"4064","formEdgeID":null},{"edgeID":"3832","fromID":"4067","toID":"4071","formEdgeID":null},{"edgeID":"3833","fromID":"4062","toID":"4071","formEdgeID":null},{"edgeID":"3834","fromID":"4068","toID":"4071","formEdgeID":null},{"edgeID":"3835","fromID":"4071","toID":"4061","formEdgeID":null}]}