{"nodes":[{"nodeID":"3382","text":"The spiritual power of Princes is not a valid principle","type":"I","timestamp":"2012-04-12 18:28:57"},{"nodeID":"3383","text":"dominion is founded in grace and that religion is to be propagated by force of arms","type":"I","timestamp":"2012-04-12 18:28:57"},{"nodeID":"3384","text":"No peace and security no not so much as common friendship can ever be established or preserved amongst men so long as this opinion prevails","type":"I","timestamp":"2012-04-12 18:28:57"},{"nodeID":"3385","text":"RA","type":"RA","timestamp":"2012-04-12 18:28:57"}],"edges":[{"edgeID":"3221","fromID":"3383","toID":"3385","formEdgeID":null},{"edgeID":"3222","fromID":"3384","toID":"3385","formEdgeID":null},{"edgeID":"3223","fromID":"3385","toID":"3382","formEdgeID":null}]}