{"nodes":[{"nodeID":"3394","text":"Your condemning is bad","type":"I","timestamp":"2012-04-12 18:28:59"},{"nodeID":"3395","text":"I have accused","type":"I","timestamp":"2012-04-12 18:28:59"},{"nodeID":"3396","text":"My accusing is considered bad","type":"I","timestamp":"2012-04-12 18:28:59"},{"nodeID":"3397","text":"you have condemned","type":"I","timestamp":"2012-04-12 18:28:59"},{"nodeID":"3398","text":"Condemning is the counterpart of accusing","type":"I","timestamp":"2012-04-12 18:28:59"},{"nodeID":"3399","text":"RA","type":"RA","timestamp":"2012-04-12 18:28:59"}],"edges":[{"edgeID":"3230","fromID":"3395","toID":"3399","formEdgeID":null},{"edgeID":"3231","fromID":"3396","toID":"3399","formEdgeID":null},{"edgeID":"3232","fromID":"3397","toID":"3399","formEdgeID":null},{"edgeID":"3233","fromID":"3398","toID":"3399","formEdgeID":null},{"edgeID":"3234","fromID":"3399","toID":"3394","formEdgeID":null}]}