{"nodes":[{"nodeID":"314","text":"On this occasion however I shall not vote for any individual or party but will spoil my paper.","type":"I","timestamp":"2012-04-12 18:18:32"},{"nodeID":"315","text":"this government holds us in contempt","type":"I","timestamp":"2012-04-12 18:18:32"},{"nodeID":"316","text":"locally I have received no information at all on any of the candidates so it appears they don't much care either.","type":"I","timestamp":"2012-04-12 18:18:32"},{"nodeID":"317","text":"If both local and national government has contempt for us I shall not vote for any individual or party but will spoil my paper.","type":"I","timestamp":"2012-04-12 18:18:33"},{"nodeID":"318","text":"RA","type":"RA","timestamp":"2012-04-12 18:18:33"}],"edges":[{"edgeID":"300","fromID":"315","toID":"318","formEdgeID":null},{"edgeID":"301","fromID":"316","toID":"318","formEdgeID":null},{"edgeID":"302","fromID":"317","toID":"318","formEdgeID":null},{"edgeID":"303","fromID":"318","toID":"314","formEdgeID":null}]}