{"nodes":[{"nodeID":"2548","text":"The ban against smoking should be approved","type":"I","timestamp":"2012-04-12 18:26:14"},{"nodeID":"2549","text":"Those of us who work in the Health Service see every day the tragic consequences of exposure to the powerful carcinogens contained in tobacco smoke.","type":"I","timestamp":"2012-04-12 18:26:14"},{"nodeID":"2550","text":"The link between smoking and Glasgow's ill-health is clear and compelling. Environmental tobacco smoke damages the health of every Scot from the youngest to the oldest","type":"I","timestamp":"2012-04-12 18:26:14"},{"nodeID":"2551","text":"The goal is to reduce Glasgow's ill-health","type":"I","timestamp":"2012-04-12 18:26:14"},{"nodeID":"2552","text":"The best means to reduce Glasgow's ill-health is to eliminare its main cause","type":"I","timestamp":"2012-04-12 18:26:14"},{"nodeID":"2553","text":"Environmental smoke is against the fundamental rights","type":"I","timestamp":"2012-04-12 18:26:15"},{"nodeID":"2554","text":"If something is against the fundamental rights must be abolished","type":"I","timestamp":"2012-04-12 18:26:15"},{"nodeID":"2555","text":"A fundamental principle underlying the way we live out lives in Scotland is that people shouls be free to make choices about how they live their lives -so long as those choices do not harm others","type":"I","timestamp":"2012-04-12 18:26:15"},{"nodeID":"2556","text":"Environmental tobacco smoking harms people without they choosing that","type":"I","timestamp":"2012-04-12 18:26:15"},{"nodeID":"2557","text":"The damage done by cigarettes is suffered disproportionately by the poor","type":"I","timestamp":"2012-04-12 18:26:15"},{"nodeID":"2558","text":"The prime minister is committed to narrowing health inequalities and avoiding the causes of health inequalities","type":"I","timestamp":"2012-04-12 18:26:15"},{"nodeID":"2559","text":"if we are serious about narrowing health inequalities we must do what we can to discourage cigarette smoking and to protect the majority of Scots who choose not to smoke from damage to their health.","type":"I","timestamp":"2012-04-12 18:26:15"},{"nodeID":"2560","text":"RA","type":"RA","timestamp":"2012-04-12 18:26:15","scheme":"PositionToKnow"},{"nodeID":"2561","text":"RA","type":"RA","timestamp":"2012-04-12 18:26:15","scheme":"PracticalReasoning"},{"nodeID":"2562","text":"RA","type":"RA","timestamp":"2012-04-12 18:26:16","scheme":"EstablishedRule"},{"nodeID":"2563","text":"RA","type":"RA","timestamp":"2012-04-12 18:26:16","scheme":"VerbalClassification"},{"nodeID":"2564","text":"RA","type":"RA","timestamp":"2012-04-12 18:26:16","scheme":"Commitment"}],"edges":[{"edgeID":"2455","fromID":"2549","toID":"2560","formEdgeID":null},{"edgeID":"2456","fromID":"2560","toID":"2556","formEdgeID":null},{"edgeID":"2457","fromID":"2550","toID":"2561","formEdgeID":null},{"edgeID":"2458","fromID":"2551","toID":"2561","formEdgeID":null},{"edgeID":"2459","fromID":"2552","toID":"2561","formEdgeID":null},{"edgeID":"2460","fromID":"2561","toID":"2548","formEdgeID":null},{"edgeID":"2461","fromID":"2553","toID":"2562","formEdgeID":null},{"edgeID":"2462","fromID":"2554","toID":"2562","formEdgeID":null},{"edgeID":"2463","fromID":"2562","toID":"2548","formEdgeID":null},{"edgeID":"2464","fromID":"2555","toID":"2563","formEdgeID":null},{"edgeID":"2465","fromID":"2556","toID":"2563","formEdgeID":null},{"edgeID":"2466","fromID":"2563","toID":"2553","formEdgeID":null},{"edgeID":"2467","fromID":"2557","toID":"2564","formEdgeID":null},{"edgeID":"2468","fromID":"2558","toID":"2564","formEdgeID":null},{"edgeID":"2469","fromID":"2559","toID":"2564","formEdgeID":null},{"edgeID":"2470","fromID":"2564","toID":"2548","formEdgeID":null}]}