{"nodes":[{"nodeID":"3578","text":"The best means to carry out the project of a nuclear industry is to encourage a public debate","type":"I","timestamp":"2012-04-12 18:29:36"},{"nodeID":"3579","text":"We therefore need to encourage a sensible public debate based on science and good information","type":"I","timestamp":"2012-04-12 18:29:36"},{"nodeID":"3580","text":"We should encourage the nuclear industry","type":"I","timestamp":"2012-04-12 18:29:36"},{"nodeID":"3581","text":"Does the Minister agree that British Energy needs all the help and support that it can get as it faces the future and that we need to start building a consensus on the energy gap that we face on Kyoto and on the question of where we are going to derive our energy source from?","type":"I","timestamp":"2012-04-12 18:29:36"},{"nodeID":"3582","text":"The best means to face the energy gap is to develop nuclear power","type":"I","timestamp":"2012-04-12 18:29:36"},{"nodeID":"3583","text":"We want to improve British economy","type":"I","timestamp":"2012-04-12 18:29:36"},{"nodeID":"3584","text":"If we do not encourage the British nuclear industry we are likely to see in addition to the Liberal Democrats wishing to cut electricity cables from France through which we receive nuclear-generated energy bids from Electricit  de France to build nuclear power stations in this country","type":"I","timestamp":"2012-04-12 18:29:37"},{"nodeID":"3585","text":"We will need nuclear energy","type":"I","timestamp":"2012-04-12 18:29:37"},{"nodeID":"3586","text":"we will have lost the capability","type":"I","timestamp":"2012-04-12 18:29:37"},{"nodeID":"3587","text":"If we need energy and we cannot build nuclear stations we will ask energy from France","type":"I","timestamp":"2012-04-12 18:29:37"},{"nodeID":"3588","text":"RA","type":"RA","timestamp":"2012-04-12 18:29:37","scheme":"PracticalReasoning"},{"nodeID":"3589","text":"RA","type":"RA","timestamp":"2012-04-12 18:29:37","scheme":"PracticalReasoning"},{"nodeID":"3590","text":"RA","type":"RA","timestamp":"2012-04-12 18:29:38"},{"nodeID":"3591","text":"RA","type":"RA","timestamp":"2012-04-12 18:29:38","scheme":"CauseToEffect"}],"edges":[{"edgeID":"3394","fromID":"3579","toID":"3588","formEdgeID":null},{"edgeID":"3395","fromID":"3580","toID":"3588","formEdgeID":null},{"edgeID":"3396","fromID":"3588","toID":"3578","formEdgeID":null},{"edgeID":"3397","fromID":"3581","toID":"3589","formEdgeID":null},{"edgeID":"3398","fromID":"3582","toID":"3589","formEdgeID":null},{"edgeID":"3399","fromID":"3589","toID":"3580","formEdgeID":null},{"edgeID":"3400","fromID":"3583","toID":"3590","formEdgeID":null},{"edgeID":"3401","fromID":"3584","toID":"3590","formEdgeID":null},{"edgeID":"3402","fromID":"3590","toID":"3580","formEdgeID":null},{"edgeID":"3403","fromID":"3585","toID":"3591","formEdgeID":null},{"edgeID":"3404","fromID":"3586","toID":"3591","formEdgeID":null},{"edgeID":"3405","fromID":"3587","toID":"3591","formEdgeID":null},{"edgeID":"3406","fromID":"3591","toID":"3584","formEdgeID":null}]}