{"nodes":[{"nodeID":"940","text":"Why should we believe that he has got it right now?","type":"I","timestamp":"2012-04-12 18:20:30"},{"nodeID":"941","text":"The Chancellor of the Exchequer downgraded his economic growth predictions in his statement last autumn and again in April. Even his new figures are out of step with those of the Institute for Fiscal Studies.","type":"I","timestamp":"2012-04-12 18:20:30"},{"nodeID":"942","text":"If the Chancellor of the Exchequer has got his economic growth predictions wrong in the past we must be given special reasons if we are to believe him now","type":"I","timestamp":"2012-04-12 18:20:30"},{"nodeID":"943","text":"RA","type":"RA","timestamp":"2012-04-12 18:20:31"}],"edges":[{"edgeID":"848","fromID":"941","toID":"943","formEdgeID":null},{"edgeID":"849","fromID":"942","toID":"943","formEdgeID":null},{"edgeID":"850","fromID":"943","toID":"940","formEdgeID":null}]}