{"nodes":[{"nodeID":"2808","text":"We should pass the reform now","type":"I","timestamp":"2012-04-12 18:27:07"},{"nodeID":"2809","text":"There are many doctors out of practice because of high costs","type":"I","timestamp":"2012-04-12 18:27:07"},{"nodeID":"2810","text":"As I have traveled our country I have met too many good doctors especially ob-gyn who are being forced out of practice because of the high cost of lawsuits","type":"I","timestamp":"2012-04-12 18:27:07"},{"nodeID":"2811","text":"And in all we do to improve health care in America we will make sure that health decisions are made by doctors and patients not by bureaucrats in Washington D.C.","type":"I","timestamp":"2012-04-12 18:27:07"},{"nodeID":"2812","text":"The best means to make sure that health decisions are made by doctors and patients is to pass the reform","type":"I","timestamp":"2012-04-12 18:27:07"},{"nodeID":"2813","text":"There is the need of making the health care more affordable","type":"I","timestamp":"2012-04-12 18:27:07"},{"nodeID":"2814","text":"To make health care more affordable and accessible we must pass medical liability reform now.","type":"I","timestamp":"2012-04-12 18:27:07"},{"nodeID":"2815","text":"RA","type":"RA","timestamp":"2012-04-12 18:27:07","scheme":"Example"},{"nodeID":"2816","text":"RA","type":"RA","timestamp":"2012-04-12 18:27:07","scheme":"PositionToKnow"},{"nodeID":"2817","text":"RA","type":"RA","timestamp":"2012-04-12 18:27:08","scheme":"PracticalReasoning"},{"nodeID":"2818","text":"RA","type":"RA","timestamp":"2012-04-12 18:27:08","scheme":"PracticalReasoning"}],"edges":[{"edgeID":"2701","fromID":"2809","toID":"2815","formEdgeID":null},{"edgeID":"2702","fromID":"2815","toID":"2813","formEdgeID":null},{"edgeID":"2703","fromID":"2810","toID":"2816","formEdgeID":null},{"edgeID":"2704","fromID":"2816","toID":"2809","formEdgeID":null},{"edgeID":"2705","fromID":"2811","toID":"2817","formEdgeID":null},{"edgeID":"2706","fromID":"2812","toID":"2817","formEdgeID":null},{"edgeID":"2707","fromID":"2817","toID":"2808","formEdgeID":null},{"edgeID":"2708","fromID":"2813","toID":"2818","formEdgeID":null},{"edgeID":"2709","fromID":"2814","toID":"2818","formEdgeID":null},{"edgeID":"2710","fromID":"2818","toID":"2808","formEdgeID":null}]}