{"nodes":[{"nodeID":"3451","text":"We should not introduce modern medicine in that population","type":"I","timestamp":"2012-04-12 18:29:10"},{"nodeID":"3452","text":"raising the population could be detrimental to all of their lives.","type":"I","timestamp":"2012-04-12 18:29:10"},{"nodeID":"3453","text":"Medicine causes population to grow","type":"I","timestamp":"2012-04-12 18:29:10"},{"nodeID":"3454","text":"If the government takes control of the rainforest they cannot get living resources enough for a large population","type":"I","timestamp":"2012-04-12 18:29:10"},{"nodeID":"3455","text":"the government threatening to take control of the land and take resources","type":"I","timestamp":"2012-04-12 18:29:10"},{"nodeID":"3456","text":"If in fact the population grows more resources will be needed from the rainforest","type":"I","timestamp":"2012-04-12 18:29:10"},{"nodeID":"3457","text":"Medicine causes the population to grow","type":"I","timestamp":"2012-04-12 18:29:10"},{"nodeID":"3458","text":"If a population grows more resources from the forest are needed","type":"I","timestamp":"2012-04-12 18:29:10"},{"nodeID":"3459","text":"Perhaps they do not wish or need to be cured","type":"I","timestamp":"2012-04-12 18:29:10"},{"nodeID":"3460","text":"If we introduce medicines they will be useless","type":"I","timestamp":"2012-04-12 18:29:10"},{"nodeID":"3461","text":"Perhaps their medicines are more efficient than ours","type":"I","timestamp":"2012-04-12 18:29:10"},{"nodeID":"3462","text":"If they can cure with their own medicines they do not need our medicine","type":"I","timestamp":"2012-04-12 18:29:10"},{"nodeID":"3463","text":"RA","type":"RA","timestamp":"2012-04-12 18:29:10"},{"nodeID":"3464","text":"RA","type":"RA","timestamp":"2012-04-12 18:29:11","scheme":"CauseToEffect"},{"nodeID":"3465","text":"RA","type":"RA","timestamp":"2012-04-12 18:29:11","scheme":"CauseToEffect"},{"nodeID":"3466","text":"RA","type":"RA","timestamp":"2012-04-12 18:29:11"},{"nodeID":"3467","text":"RA","type":"RA","timestamp":"2012-04-12 18:29:12","scheme":"CauseToEffect"}],"edges":[{"edgeID":"3277","fromID":"3452","toID":"3463","formEdgeID":null},{"edgeID":"3278","fromID":"3453","toID":"3463","formEdgeID":null},{"edgeID":"3279","fromID":"3463","toID":"3451","formEdgeID":null},{"edgeID":"3280","fromID":"3454","toID":"3464","formEdgeID":null},{"edgeID":"3281","fromID":"3455","toID":"3464","formEdgeID":null},{"edgeID":"3282","fromID":"3456","toID":"3464","formEdgeID":null},{"edgeID":"3283","fromID":"3464","toID":"3452","formEdgeID":null},{"edgeID":"3284","fromID":"3457","toID":"3465","formEdgeID":null},{"edgeID":"3285","fromID":"3458","toID":"3465","formEdgeID":null},{"edgeID":"3286","fromID":"3465","toID":"3456","formEdgeID":null},{"edgeID":"3287","fromID":"3459","toID":"3466","formEdgeID":null},{"edgeID":"3288","fromID":"3460","toID":"3466","formEdgeID":null},{"edgeID":"3289","fromID":"3466","toID":"3451","formEdgeID":null},{"edgeID":"3290","fromID":"3461","toID":"3467","formEdgeID":null},{"edgeID":"3291","fromID":"3462","toID":"3467","formEdgeID":null},{"edgeID":"3292","fromID":"3467","toID":"3459","formEdgeID":null}]}