{"nodes":[{"nodeID":"3729","text":"Female prisoners should be freed","type":"I","timestamp":"2012-04-12 18:30:08"},{"nodeID":"3730","text":"They renewed a threat to kill Briton Kenneth Bigley the last hostage if female prisoners were not freed","type":"I","timestamp":"2012-04-12 18:30:08"},{"nodeID":"3731","text":"Extremists are in position to kill the hostage","type":"I","timestamp":"2012-04-12 18:30:08"},{"nodeID":"3732","text":"The death of the last hostage is a terrible outcome for the Coalition","type":"I","timestamp":"2012-04-12 18:30:08"},{"nodeID":"3733","text":"RA","type":"RA","timestamp":"2012-04-12 18:30:08"}],"edges":[{"edgeID":"3528","fromID":"3730","toID":"3733","formEdgeID":null},{"edgeID":"3529","fromID":"3731","toID":"3733","formEdgeID":null},{"edgeID":"3530","fromID":"3732","toID":"3733","formEdgeID":null},{"edgeID":"3531","fromID":"3733","toID":"3729","formEdgeID":null}]}