{"nodes":[{"nodeID":"518","text":"The question arises why we should be disinvesting in a company like the ONGC.","type":"I","timestamp":"2012-04-12 18:19:11"},{"nodeID":"519","text":"It is making good money and the oil whether drilled from the field or processed in a refinery is still a strategic commodity for the country.","type":"I","timestamp":"2012-04-12 18:19:11"},{"nodeID":"520","text":"If financially viable and needed oil fields are being sold and some have been sold for a song we ought to wonder why they are being sold.","type":"I","timestamp":"2012-04-12 18:19:11"},{"nodeID":"521","text":"We have already sold proven oil fields for a song.","type":"I","timestamp":"2012-04-12 18:19:11"},{"nodeID":"522","text":"RA","type":"RA","timestamp":"2012-04-12 18:19:11"}],"edges":[{"edgeID":"477","fromID":"519","toID":"522","formEdgeID":null},{"edgeID":"478","fromID":"520","toID":"522","formEdgeID":null},{"edgeID":"479","fromID":"521","toID":"522","formEdgeID":null},{"edgeID":"480","fromID":"522","toID":"518","formEdgeID":null}]}