{"nodes":[{"nodeID":"837","text":"ours will grow to 24% over the next two years.","type":"I","timestamp":"2012-04-12 18:20:11"},{"nodeID":"1991","text":"One can also protest that there is scope for less stringency on the budget deficit.","type":"I","timestamp":"2012-04-12 18:24:11"},{"nodeID":"1992","text":"The Congress of South African Trade Unions has pointed out that European economies struggle to hold their deficits at below 3%","type":"I","timestamp":"2012-04-12 18:24:11"},{"nodeID":"1993","text":"The best means to improve deficit is stringency on deficit budget","type":"I","timestamp":"2012-04-12 18:24:11"},{"nodeID":"1994","text":"There is not need to improve the budget","type":"I","timestamp":"2012-04-12 18:24:11"},{"nodeID":"1995","text":"South African deficit is extremely good","type":"I","timestamp":"2012-04-12 18:24:11"},{"nodeID":"1996","text":"Only if the budget is bad there is an urgent need to improve it","type":"I","timestamp":"2012-04-12 18:24:11"},{"nodeID":"1997","text":"A 3% deficit is good","type":"I","timestamp":"2012-04-12 18:24:11"},{"nodeID":"1998","text":"If a 3% deficit is good therefore every lower deficts are extremely good","type":"I","timestamp":"2012-04-12 18:24:11"},{"nodeID":"1999","text":"European economies struggle to hold their economies at below 3%","type":"I","timestamp":"2012-04-12 18:24:11"},{"nodeID":"2000","text":"European economies are good","type":"I","timestamp":"2012-04-12 18:24:11"},{"nodeID":"2001","text":"RA","type":"RA","timestamp":"2012-04-12 18:24:11","scheme":"ExpertOpinion"},{"nodeID":"2002","text":"RA","type":"RA","timestamp":"2012-04-12 18:24:12","scheme":"PracticalReasoning"},{"nodeID":"2003","text":"RA","type":"RA","timestamp":"2012-04-12 18:24:12","scheme":"CauseToEffect"},{"nodeID":"2004","text":"RA","type":"RA","timestamp":"2012-04-12 18:24:12"},{"nodeID":"2005","text":"RA","type":"RA","timestamp":"2012-04-12 18:24:13","scheme":"Analogy"}],"edges":[{"edgeID":"1887","fromID":"1992","toID":"2001","formEdgeID":null},{"edgeID":"1888","fromID":"2001","toID":"1999","formEdgeID":null},{"edgeID":"1889","fromID":"1993","toID":"2002","formEdgeID":null},{"edgeID":"1890","fromID":"1994","toID":"2002","formEdgeID":null},{"edgeID":"1891","fromID":"2002","toID":"1991","formEdgeID":null},{"edgeID":"1892","fromID":"1995","toID":"2003","formEdgeID":null},{"edgeID":"1893","fromID":"1996","toID":"2003","formEdgeID":null},{"edgeID":"1894","fromID":"2003","toID":"1994","formEdgeID":null},{"edgeID":"1895","fromID":"1997","toID":"2004","formEdgeID":null},{"edgeID":"1896","fromID":"837","toID":"2004","formEdgeID":null},{"edgeID":"1897","fromID":"1998","toID":"2004","formEdgeID":null},{"edgeID":"1898","fromID":"2004","toID":"1995","formEdgeID":null},{"edgeID":"1899","fromID":"1999","toID":"2005","formEdgeID":null},{"edgeID":"1900","fromID":"2000","toID":"2005","formEdgeID":null},{"edgeID":"1901","fromID":"2005","toID":"1997","formEdgeID":null}]}