{"nodes":[{"nodeID":"529","text":"And they still call this a National Democratic Alliance government?","type":"I","timestamp":"2012-04-12 18:19:13"},{"nodeID":"1778","text":"National Alliance government means a plurality of parties controlling the government","type":"I","timestamp":"2012-04-12 18:23:24"},{"nodeID":"1779","text":"The whole government is controlled by BJP","type":"I","timestamp":"2012-04-12 18:23:24"},{"nodeID":"1780","text":"A BJP prime minister a BJP deputy prime minister in charge of home a BJP minister of finance external affairs HRD information and broadcasting health commerce and industries petroleum rural development civil aviation surface transport law. Now add agriculture.","type":"I","timestamp":"2012-04-12 18:23:24"},{"nodeID":"1781","text":"A government is formed by all these ministeries","type":"I","timestamp":"2012-04-12 18:23:24"},{"nodeID":"1782","text":"RA","type":"RA","timestamp":"2012-04-12 18:23:24","scheme":"VerbalClassification"},{"nodeID":"1783","text":"RA","type":"RA","timestamp":"2012-04-12 18:23:25"}],"edges":[{"edgeID":"1667","fromID":"1778","toID":"1782","formEdgeID":null},{"edgeID":"1668","fromID":"1779","toID":"1782","formEdgeID":null},{"edgeID":"1669","fromID":"1782","toID":"529","formEdgeID":null},{"edgeID":"1670","fromID":"1780","toID":"1783","formEdgeID":null},{"edgeID":"1671","fromID":"1781","toID":"1783","formEdgeID":null},{"edgeID":"1672","fromID":"1783","toID":"1779","formEdgeID":null}]}