{"nodes":[{"nodeID":"2440","text":"That's why I've joined the Anybody But Bush camp","type":"I","timestamp":"2012-04-12 18:25:53"},{"nodeID":"2441","text":"I think we should elect Kerry.","type":"I","timestamp":"2012-04-12 18:25:53"},{"nodeID":"2442","text":"The Anybody But Bush camp supports Kerry","type":"I","timestamp":"2012-04-12 18:25:53"},{"nodeID":"2443","text":"My goal si to promote Kerry","type":"I","timestamp":"2012-04-12 18:25:53"},{"nodeID":"2444","text":"This madness has to stop","type":"I","timestamp":"2012-04-12 18:25:53"},{"nodeID":"2445","text":"the fastest way of doing that is to elect John Kerry","type":"I","timestamp":"2012-04-12 18:25:53"},{"nodeID":"2446","text":"Only with a bore like Kerry at the helm will we finally be able to put an end to the presidential pathologizing and focus on the issues again","type":"I","timestamp":"2012-04-12 18:25:53"},{"nodeID":"2447","text":"If we put an end to the presidential pathologizing and we focus on the issue we can put an end to this madness","type":"I","timestamp":"2012-04-12 18:25:53"},{"nodeID":"2448","text":"The main difference will be that as Kerry pursues these brutal policies he will come off as intelligent sane and blissfully dull","type":"I","timestamp":"2012-04-12 18:25:53"},{"nodeID":"2449","text":"Kerry is just as bad as Bush under the political point of view","type":"I","timestamp":"2012-04-12 18:25:53"},{"nodeID":"2450","text":"Only if a person is depress his pathology can be relevant for the publc opinion","type":"I","timestamp":"2012-04-12 18:25:53"},{"nodeID":"2451","text":"If a person takes decisions bad for the country he is bad under this point of view.","type":"I","timestamp":"2012-04-12 18:25:53"},{"nodeID":"2452","text":"because in most key areas Iraq the  war on drugs  Israel\/Palestine free trade corporate taxes he will be just as bad","type":"I","timestamp":"2012-04-12 18:25:53"},{"nodeID":"2453","text":"RA","type":"RA","timestamp":"2012-04-12 18:25:54","scheme":"PracticalReasoning"},{"nodeID":"2454","text":"RA","type":"RA","timestamp":"2012-04-12 18:25:54","scheme":"PracticalReasoning"},{"nodeID":"2455","text":"RA","type":"RA","timestamp":"2012-04-12 18:25:54","scheme":"CauseToEffect"},{"nodeID":"2456","text":"RA","type":"RA","timestamp":"2012-04-12 18:25:55","scheme":"CauseToEffect"},{"nodeID":"2457","text":"RA","type":"RA","timestamp":"2012-04-12 18:25:55","scheme":"Example"}],"edges":[{"edgeID":"2356","fromID":"2441","toID":"2453","formEdgeID":null},{"edgeID":"2357","fromID":"2442","toID":"2453","formEdgeID":null},{"edgeID":"2358","fromID":"2443","toID":"2453","formEdgeID":null},{"edgeID":"2359","fromID":"2453","toID":"2440","formEdgeID":null},{"edgeID":"2360","fromID":"2444","toID":"2454","formEdgeID":null},{"edgeID":"2361","fromID":"2445","toID":"2454","formEdgeID":null},{"edgeID":"2362","fromID":"2454","toID":"2441","formEdgeID":null},{"edgeID":"2363","fromID":"2446","toID":"2455","formEdgeID":null},{"edgeID":"2364","fromID":"2447","toID":"2455","formEdgeID":null},{"edgeID":"2365","fromID":"2455","toID":"2445","formEdgeID":null},{"edgeID":"2366","fromID":"2448","toID":"2456","formEdgeID":null},{"edgeID":"2367","fromID":"2449","toID":"2456","formEdgeID":null},{"edgeID":"2368","fromID":"2450","toID":"2456","formEdgeID":null},{"edgeID":"2369","fromID":"2456","toID":"2446","formEdgeID":null},{"edgeID":"2370","fromID":"2451","toID":"2457","formEdgeID":null},{"edgeID":"2371","fromID":"2452","toID":"2457","formEdgeID":null},{"edgeID":"2372","fromID":"2457","toID":"2449","formEdgeID":null}]}