{"nodes":[{"nodeID":"4960","text":"Now we all must come together to put in place a government that is so different from the regime that is gone a government that rests on democracy and freedom the rights of men and women","type":"I","timestamp":"2012-04-12 18:34:15"},{"nodeID":"4961","text":"We believe that the liberation of the Iraqi people after decades of tyranny provides an opportunity for Iraq for the Iraqi people to chart a course to freedom and prosperity.","type":"I","timestamp":"2012-04-12 18:34:15"},{"nodeID":"4962","text":"Their success will create an example that can be used for the region and other parts of the world","type":"I","timestamp":"2012-04-12 18:34:15"},{"nodeID":"4963","text":"That s why all who want a Middle East that is at peace that s prosperous that s culturally vital and politically free must join together to succeed in Iraq to make sure that Iraq succeeds.","type":"I","timestamp":"2012-04-12 18:34:15"},{"nodeID":"4964","text":"The despotic regime has been removed. A regime that filled mass graves; a regime that squandered the resources of its people","type":"I","timestamp":"2012-04-12 18:34:15"},{"nodeID":"4965","text":"The best means to help Iraq to succeed is to put in place a new government","type":"I","timestamp":"2012-04-12 18:34:15"},{"nodeID":"4966","text":"RA","type":"RA","timestamp":"2012-04-12 18:34:15"},{"nodeID":"4967","text":"RA","type":"RA","timestamp":"2012-04-12 18:34:16"},{"nodeID":"4968","text":"RA","type":"RA","timestamp":"2012-04-12 18:34:16"}],"edges":[{"edgeID":"4657","fromID":"4961","toID":"4966","formEdgeID":null},{"edgeID":"4658","fromID":"4966","toID":"4963","formEdgeID":null},{"edgeID":"4659","fromID":"4962","toID":"4967","formEdgeID":null},{"edgeID":"4660","fromID":"4967","toID":"4963","formEdgeID":null},{"edgeID":"4661","fromID":"4963","toID":"4968","formEdgeID":null},{"edgeID":"4662","fromID":"4964","toID":"4968","formEdgeID":null},{"edgeID":"4663","fromID":"4965","toID":"4968","formEdgeID":null},{"edgeID":"4664","fromID":"4968","toID":"4960","formEdgeID":null}]}