{"nodes":[{"nodeID":"3330","text":"Bob loves England.","type":"I","timestamp":"2012-04-12 18:28:47"},{"nodeID":"3331","text":"Bob is Scot","type":"I","timestamp":"2012-04-12 18:28:47"},{"nodeID":"3332","text":"He is not a real Scot.","type":"I","timestamp":"2012-04-12 18:28:47"},{"nodeID":"3333","text":"Prototipically Scots hate England","type":"I","timestamp":"2012-04-12 18:28:47"},{"nodeID":"3334","text":"RA","type":"RA","timestamp":"2012-04-12 18:28:48"}],"edges":[{"edgeID":"3181","fromID":"3331","toID":"3334","formEdgeID":null},{"edgeID":"3182","fromID":"3332","toID":"3334","formEdgeID":null},{"edgeID":"3183","fromID":"3333","toID":"3334","formEdgeID":null},{"edgeID":"3184","fromID":"3334","toID":"3330","formEdgeID":null}]}