{"nodes":[{"nodeID":"2681","text":"there was historical resurrection","type":"I","timestamp":"2012-04-12 18:26:42"},{"nodeID":"2682","text":"We can know Jesus rose because Jesus is alive today and by God's spirit He is an living reality to those who follow him.","type":"I","timestamp":"2012-04-12 18:26:42"},{"nodeID":"2683","text":"The simplest Christian who has neither the oppurtunity nor wherewithal to conduct an historical investigation of Jesus' resurrection can know with assurance that Jesus has risen simply because God's spirit bears unmistakable witness to Him that this is so.","type":"I","timestamp":"2012-04-12 18:26:42"},{"nodeID":"2684","text":"If were no historical resurrection then there then today there would be no encounter with the risen Lord and no witness of the Spirit.","type":"I","timestamp":"2012-04-12 18:26:42"},{"nodeID":"2685","text":"there is such an encounter and witness","type":"I","timestamp":"2012-04-12 18:26:42"},{"nodeID":"2686","text":"RA","type":"RA","timestamp":"2012-04-12 18:26:42"},{"nodeID":"2687","text":"RA","type":"RA","timestamp":"2012-04-12 18:26:42"},{"nodeID":"2688","text":"RA","type":"RA","timestamp":"2012-04-12 18:26:43","scheme":"CauseToEffect"}],"edges":[{"edgeID":"2582","fromID":"2682","toID":"2686","formEdgeID":null},{"edgeID":"2583","fromID":"2686","toID":"2685","formEdgeID":null},{"edgeID":"2584","fromID":"2683","toID":"2687","formEdgeID":null},{"edgeID":"2585","fromID":"2687","toID":"2685","formEdgeID":null},{"edgeID":"2586","fromID":"2684","toID":"2688","formEdgeID":null},{"edgeID":"2587","fromID":"2685","toID":"2688","formEdgeID":null},{"edgeID":"2588","fromID":"2688","toID":"2681","formEdgeID":null}]}