{"nodes":[{"nodeID":"3709","text":"assertions from some people in the West that  we are coming to change you  are totally unacceptable","type":"I","timestamp":"2012-04-12 18:30:04"},{"nodeID":"3710","text":"Many Arab and Muslim societies are now moving towards democracy although this may take some time and the people have to be brought along with it.","type":"I","timestamp":"2012-04-12 18:30:04"},{"nodeID":"3711","text":"We all have to work together as we do at Davos so that others can all understand what Islam is about just as we Muslims should learn what Christianity Judaism and Buddhism are all about. That is the way ahead.","type":"I","timestamp":"2012-04-12 18:30:04"},{"nodeID":"3712","text":"Otherwise] a clash of civilizations will eat us all.","type":"I","timestamp":"2012-04-12 18:30:04"},{"nodeID":"3713","text":"Civil society is developing and there are now over 100000 NGOs in the Arab world as well as widespread debate about the future conducted through an increasingly outspoken media.","type":"I","timestamp":"2012-04-12 18:30:04"},{"nodeID":"3714","text":"If a nation is moving towars democracy NGOs and debates develop","type":"I","timestamp":"2012-04-12 18:30:04"},{"nodeID":"3715","text":"RA","type":"RA","timestamp":"2012-04-12 18:30:04"},{"nodeID":"3716","text":"RA","type":"RA","timestamp":"2012-04-12 18:30:05","scheme":"Sign"}],"edges":[{"edgeID":"3511","fromID":"3710","toID":"3715","formEdgeID":null},{"edgeID":"3512","fromID":"3711","toID":"3715","formEdgeID":null},{"edgeID":"3513","fromID":"3712","toID":"3715","formEdgeID":null},{"edgeID":"3514","fromID":"3715","toID":"3709","formEdgeID":null},{"edgeID":"3515","fromID":"3713","toID":"3716","formEdgeID":null},{"edgeID":"3516","fromID":"3714","toID":"3716","formEdgeID":null},{"edgeID":"3517","fromID":"3716","toID":"3710","formEdgeID":null}]}