{"nodes":[{"nodeID":"1404","text":"MInister should ask the Department for work to carry out its reviews","type":"I","timestamp":"2012-04-12 18:22:06"},{"nodeID":"1405","text":"Reviews are a good way to compel firms to operate legally","type":"I","timestamp":"2012-04-12 18:22:06"},{"nodeID":"1406","text":"The goal is to make the firms operting legally under the point of vew of employer's liability","type":"I","timestamp":"2012-04-12 18:22:06"},{"nodeID":"1407","text":"If firms are operating illegally they should be obliged to operate legally","type":"I","timestamp":"2012-04-12 18:22:06"},{"nodeID":"1408","text":"210000 small firms are operating illegally","type":"I","timestamp":"2012-04-12 18:22:06"},{"nodeID":"1409","text":"Axa Insurance has today announced","type":"I","timestamp":"2012-04-12 18:22:06"},{"nodeID":"1410","text":"210000 small firms are operating without employer's liability","type":"I","timestamp":"2012-04-12 18:22:06"},{"nodeID":"1411","text":"RA","type":"RA","timestamp":"2012-04-12 18:22:06","scheme":"PracticalReasoning"},{"nodeID":"1412","text":"RA","type":"RA","timestamp":"2012-04-12 18:22:07","scheme":"EstablishedRule"},{"nodeID":"1413","text":"RA","type":"RA","timestamp":"2012-04-12 18:22:07","scheme":"ExpertOpinion"}],"edges":[{"edgeID":"1299","fromID":"1405","toID":"1411","formEdgeID":null},{"edgeID":"1300","fromID":"1406","toID":"1411","formEdgeID":null},{"edgeID":"1301","fromID":"1411","toID":"1404","formEdgeID":null},{"edgeID":"1302","fromID":"1407","toID":"1412","formEdgeID":null},{"edgeID":"1303","fromID":"1408","toID":"1412","formEdgeID":null},{"edgeID":"1304","fromID":"1412","toID":"1406","formEdgeID":null},{"edgeID":"1305","fromID":"1409","toID":"1413","formEdgeID":null},{"edgeID":"1306","fromID":"1410","toID":"1413","formEdgeID":null},{"edgeID":"1307","fromID":"1413","toID":"1408","formEdgeID":null}]}