{"nodes":[{"nodeID":"4037","text":"UK should intervene in Lesotho","type":"I","timestamp":"2012-04-12 18:31:10"},{"nodeID":"4038","text":"Lesotho's economy is in difficulty because it has lost most of the income it derived from migrant labour; it is also experiencing drought and food shortages.","type":"I","timestamp":"2012-04-12 18:31:10"},{"nodeID":"4039","text":"Many of the parents who used to work in South Africa are not getting work there any more; furthermore migrant labourers are especially susceptible to HIV\/AIDS problems.","type":"I","timestamp":"2012-04-12 18:31:10"},{"nodeID":"4040","text":"The scale of the deaths has led to a lack of community support systems so there is real difficulty in supporting children.","type":"I","timestamp":"2012-04-12 18:31:10"},{"nodeID":"4041","text":"In addition there is no legal framework to tackle many of the problems affecting the children such as with their inheritance and property rights","type":"I","timestamp":"2012-04-12 18:31:10"},{"nodeID":"4042","text":"for example HIV\/AIDS orphans have been threatened with having their houses bulldozed or taken away by family members or questions have been raised about their parentage","type":"I","timestamp":"2012-04-12 18:31:10"},{"nodeID":"4043","text":"The first lady pointed out that as well as resources there was a need for support for the structures and legal frameworks needed to unpick some of the complicated problems.","type":"I","timestamp":"2012-04-12 18:31:10"},{"nodeID":"4044","text":"It is possible for UK to supply Lesotho with structures and to help it under the legal point of view","type":"I","timestamp":"2012-04-12 18:31:10"},{"nodeID":"4045","text":"RA","type":"RA","timestamp":"2012-04-12 18:31:10","scheme":"Example"},{"nodeID":"4046","text":"RA","type":"RA","timestamp":"2012-04-12 18:31:10","scheme":"Example"},{"nodeID":"4047","text":"RA","type":"RA","timestamp":"2012-04-12 18:31:11","scheme":"Example"},{"nodeID":"4048","text":"RA","type":"RA","timestamp":"2012-04-12 18:31:11","scheme":"Example"},{"nodeID":"4049","text":"RA","type":"RA","timestamp":"2012-04-12 18:31:11","scheme":"Example"},{"nodeID":"4050","text":"RA","type":"RA","timestamp":"2012-04-12 18:31:11"}],"edges":[{"edgeID":"3804","fromID":"4038","toID":"4045","formEdgeID":null},{"edgeID":"3805","fromID":"4045","toID":"4043","formEdgeID":null},{"edgeID":"3806","fromID":"4039","toID":"4046","formEdgeID":null},{"edgeID":"3807","fromID":"4046","toID":"4043","formEdgeID":null},{"edgeID":"3808","fromID":"4040","toID":"4047","formEdgeID":null},{"edgeID":"3809","fromID":"4047","toID":"4043","formEdgeID":null},{"edgeID":"3810","fromID":"4041","toID":"4048","formEdgeID":null},{"edgeID":"3811","fromID":"4048","toID":"4043","formEdgeID":null},{"edgeID":"3812","fromID":"4042","toID":"4049","formEdgeID":null},{"edgeID":"3813","fromID":"4049","toID":"4041","formEdgeID":null},{"edgeID":"3814","fromID":"4043","toID":"4050","formEdgeID":null},{"edgeID":"3815","fromID":"4044","toID":"4050","formEdgeID":null},{"edgeID":"3816","fromID":"4050","toID":"4037","formEdgeID":null}]}