{"nodes":[{"nodeID":"1095","text":"therefore he must be a literature major","type":"I","timestamp":"2012-04-12 18:21:00"},{"nodeID":"1096","text":"John has taken the Shakespeare course","type":"I","timestamp":"2012-04-12 18:21:00"},{"nodeID":"1097","text":"All the finalists","type":"I","timestamp":"2012-04-12 18:21:00"},{"nodeID":"1098","text":"Every literature major must take a course in Shakespeare.","type":"I","timestamp":"2012-04-12 18:21:00"},{"nodeID":"1099","text":"Poostix says 'John has taken the Shakespeare course'","type":"L","timestamp":"2012-04-12 18:21:00"},{"nodeID":"1100","text":"YA_8fc2706f33bc57340ffd6c0081979aa1","type":"YA","timestamp":"2012-04-12 18:21:00"},{"nodeID":"1101","text":"RA","type":"RA","timestamp":"2012-04-12 18:21:00"},{"nodeID":"1102","text":"RA","type":"RA","timestamp":"2012-04-12 18:21:01"},{"nodeID":"1103","text":"RA","type":"RA","timestamp":"2012-04-12 18:21:01"}],"edges":[{"edgeID":"987","fromID":"1099","toID":"1100","formEdgeID":null},{"edgeID":"988","fromID":"1100","toID":"1096","formEdgeID":null},{"edgeID":"989","fromID":"1096","toID":"1101","formEdgeID":null},{"edgeID":"990","fromID":"1101","toID":"1095","formEdgeID":null},{"edgeID":"991","fromID":"1097","toID":"1102","formEdgeID":null},{"edgeID":"992","fromID":"1102","toID":"1096","formEdgeID":null},{"edgeID":"993","fromID":"1098","toID":"1103","formEdgeID":null},{"edgeID":"994","fromID":"1103","toID":"1095","formEdgeID":null}]}