{"nodes":[{"nodeID":"4817","text":"The bad plan is the cause of the fall unpopularity of the party","type":"I","timestamp":"2012-04-12 18:33:45"},{"nodeID":"4818","text":"Conservatives' plan is not good for the people","type":"I","timestamp":"2012-04-12 18:33:45"},{"nodeID":"4819","text":"People are not supporting the Conservatives","type":"I","timestamp":"2012-04-12 18:33:45"},{"nodeID":"4820","text":"Michael Howard's Conservatives now hint at tax cuts they can't afford except by cutting public services","type":"I","timestamp":"2012-04-12 18:33:45"},{"nodeID":"4821","text":"Cutting public services is a bad consequence for the people","type":"I","timestamp":"2012-04-12 18:33:45"},{"nodeID":"4822","text":"No wonder they are falling in the polls","type":"I","timestamp":"2012-04-12 18:33:45"},{"nodeID":"4823","text":"If a party falls in the polls is sign that people do not support the party","type":"I","timestamp":"2012-04-12 18:33:45"},{"nodeID":"4824","text":"RA","type":"RA","timestamp":"2012-04-12 18:33:45"},{"nodeID":"4825","text":"RA","type":"RA","timestamp":"2012-04-12 18:33:46"},{"nodeID":"4826","text":"RA","type":"RA","timestamp":"2012-04-12 18:33:46"}],"edges":[{"edgeID":"4520","fromID":"4818","toID":"4824","formEdgeID":null},{"edgeID":"4521","fromID":"4819","toID":"4824","formEdgeID":null},{"edgeID":"4522","fromID":"4824","toID":"4817","formEdgeID":null},{"edgeID":"4523","fromID":"4820","toID":"4825","formEdgeID":null},{"edgeID":"4524","fromID":"4821","toID":"4825","formEdgeID":null},{"edgeID":"4525","fromID":"4825","toID":"4818","formEdgeID":null},{"edgeID":"4526","fromID":"4822","toID":"4826","formEdgeID":null},{"edgeID":"4527","fromID":"4823","toID":"4826","formEdgeID":null},{"edgeID":"4528","fromID":"4826","toID":"4819","formEdgeID":null}]}