{"nodes":[{"nodeID":"3946","text":"Jack spends hardly any time on lesson preparation","type":"I","timestamp":"2012-04-12 18:30:51"},{"nodeID":"3947","text":"he is an experienced teacher","type":"I","timestamp":"2012-04-12 18:30:51"},{"nodeID":"3984","text":"If x is an experienced teacher x spends little time on lesson preparation","type":"I","timestamp":"2012-04-12 18:30:58"},{"nodeID":"3985","text":"RA","type":"RA","timestamp":"2012-04-12 18:30:58","scheme":"CauseToEffect"}],"edges":[{"edgeID":"3755","fromID":"3947","toID":"3985","formEdgeID":null},{"edgeID":"3756","fromID":"3984","toID":"3985","formEdgeID":null},{"edgeID":"3757","fromID":"3985","toID":"3946","formEdgeID":null}]}