{"nodes":[{"nodeID":"3863","text":"I would probably be of a different opinion","type":"I","timestamp":"2012-04-12 18:30:34"},{"nodeID":"3864","text":"The speaker would like to help the hostage","type":"I","timestamp":"2012-04-12 18:30:34"},{"nodeID":"3865","text":"The best action to do to help the hostage is to support the negotiations","type":"I","timestamp":"2012-04-12 18:30:34"},{"nodeID":"3866","text":"if I or someone close to me was in Ken Bigley's position","type":"I","timestamp":"2012-04-12 18:30:34"},{"nodeID":"3867","text":"If the speaker or his loved ones were in Bigley's position he would worry and feel pity","type":"I","timestamp":"2012-04-12 18:30:35"},{"nodeID":"3868","text":"RA","type":"RA","timestamp":"2012-04-12 18:30:35"},{"nodeID":"3869","text":"RA","type":"RA","timestamp":"2012-04-12 18:30:35","scheme":"CauseToEffect"}],"edges":[{"edgeID":"3649","fromID":"3864","toID":"3868","formEdgeID":null},{"edgeID":"3650","fromID":"3865","toID":"3868","formEdgeID":null},{"edgeID":"3651","fromID":"3868","toID":"3863","formEdgeID":null},{"edgeID":"3652","fromID":"3866","toID":"3869","formEdgeID":null},{"edgeID":"3653","fromID":"3867","toID":"3869","formEdgeID":null},{"edgeID":"3654","fromID":"3869","toID":"3864","formEdgeID":null}]}