{"nodes":[{"nodeID":"4186","text":"per che se tu per piu` farti famoso me solo uccider volevi non maravigliosa cosa ne` nuova facevi ma molto usata.","type":"I","timestamp":"2012-04-12 18:31:40"},{"nodeID":"4187","text":"I sommi imperadori e i grandissimi re non hanno quasi con altra arte che d'uccidere non uno uomo come tu volevi fare ma infiniti e ardere paesi e abbattere le citta` li loro regni ampliati e per conseguente la fama loro;","type":"I","timestamp":"2012-04-12 18:31:40"},{"nodeID":"4188","text":"Se tutti coloro che ambiscono alla gloria commettono azioni spietate le azioni stesse sono meno condannabili","type":"I","timestamp":"2012-04-12 18:31:40"},{"nodeID":"4189","text":"RA","type":"RA","timestamp":"2012-04-12 18:31:40"}],"edges":[{"edgeID":"3942","fromID":"4187","toID":"4189","formEdgeID":null},{"edgeID":"3943","fromID":"4188","toID":"4189","formEdgeID":null},{"edgeID":"3944","fromID":"4189","toID":"4186","formEdgeID":null}]}