{"nodes":[{"nodeID":"4930","text":"Sutherland rejected the often-heard criticism that the Uruguay Round of trade negotiations which led to the creation of the WTO was biased against the interests of developing countries.","type":"I","timestamp":"2012-04-12 18:34:09"},{"nodeID":"4931","text":"even the world's poorest countries have benefited from free trade.","type":"I","timestamp":"2012-04-12 18:34:09"},{"nodeID":"4932","text":"the poor have been given greater opportunities to develop","type":"I","timestamp":"2012-04-12 18:34:09"},{"nodeID":"4933","text":"A greater number of development opportunities is a form of benefit","type":"I","timestamp":"2012-04-12 18:34:09"},{"nodeID":"4934","text":"A nation can be said to be benefited by something when from that action follow more advantages than disadvantages","type":"I","timestamp":"2012-04-12 18:34:09"},{"nodeID":"4935","text":"by the opening of borders than they would have if we had remained in a world of regional and national economies","type":"I","timestamp":"2012-04-12 18:34:09"},{"nodeID":"4936","text":"The opening of borders created new opportunities of development","type":"I","timestamp":"2012-04-12 18:34:09"},{"nodeID":"4937","text":"CA","type":"CA","timestamp":"2012-04-12 18:34:09"},{"nodeID":"4938","text":"RA","type":"RA","timestamp":"2012-04-12 18:34:10","scheme":"Example"},{"nodeID":"4939","text":"RA","type":"RA","timestamp":"2012-04-12 18:34:10","scheme":"CauseToEffect"}],"edges":[{"edgeID":"4630","fromID":"4931","toID":"4937","formEdgeID":null},{"edgeID":"4631","fromID":"4937","toID":"4930","formEdgeID":null},{"edgeID":"4632","fromID":"4932","toID":"4938","formEdgeID":null},{"edgeID":"4633","fromID":"4933","toID":"4938","formEdgeID":null},{"edgeID":"4634","fromID":"4934","toID":"4938","formEdgeID":null},{"edgeID":"4635","fromID":"4938","toID":"4931","formEdgeID":null},{"edgeID":"4636","fromID":"4935","toID":"4939","formEdgeID":null},{"edgeID":"4637","fromID":"4936","toID":"4939","formEdgeID":null},{"edgeID":"4638","fromID":"4939","toID":"4932","formEdgeID":null}]}