{"nodes":[{"nodeID":"450","text":"Howard's North Asian tour -- one of 10 overseas visits he is taking this year -- started off in embarrassment in the Philippines.","type":"I","timestamp":"2012-04-12 18:18:59"},{"nodeID":"451","text":"In Manila's swank Makata Shangri La Hotel he was preparing notes on a meeting with President Gloria Macapagal Arroyo. Suddenly the TV screen lit up. CNN was breaking the news that Jemaah Islamiah explosives expert Fathur Rohman Al-Ghozi had broken out of a Manila jail courtesy of corrupt jailers.","type":"I","timestamp":"2012-04-12 18:18:59"},{"nodeID":"452","text":"If at the outset of Howard's visit in Manila it was breaking news that Jemaah Islamiah explosives expert Fathur Rohman Al-Ghozi had broken out of a Manila jail this was an embarrassment in the Philippines.","type":"I","timestamp":"2012-04-12 18:18:59"},{"nodeID":"453","text":"RA","type":"RA","timestamp":"2012-04-12 18:18:59"}],"edges":[{"edgeID":"419","fromID":"451","toID":"453","formEdgeID":null},{"edgeID":"420","fromID":"452","toID":"453","formEdgeID":null},{"edgeID":"421","fromID":"453","toID":"450","formEdgeID":null}]}