{"nodes":[{"nodeID":"4190","text":"The most plausible explanation of the origin of the disciples' belief therefore is that Jesus really did rise from the dead.","type":"I","timestamp":"2012-04-12 18:31:41"},{"nodeID":"4191","text":"the Jewish concept of resurrection was radically different than Jesus' resurrection","type":"I","timestamp":"2012-04-12 18:31:41"},{"nodeID":"4192","text":"there wasn't any Christianity yet","type":"I","timestamp":"2012-04-12 18:31:41"},{"nodeID":"4193","text":"As the reknowned New Testament scholar Joachim Jeremias puts it  Nowhere does one find in the literature [of ancient Judaism] anything comparable to the resurrection of Jesus.","type":"I","timestamp":"2012-04-12 18:31:41"},{"nodeID":"4194","text":"If you deny that Jesus really did rise from the dead then you've got to explain the origin of the disciples' belief either in terms of Jewish influences or Christian influences.","type":"I","timestamp":"2012-04-12 18:31:41"},{"nodeID":"4195","text":"But neither can it be explained from the side of Jewish influences","type":"I","timestamp":"2012-04-12 18:31:41"},{"nodeID":"4196","text":"it couldn't have come from Christian influences","type":"I","timestamp":"2012-04-12 18:31:41"},{"nodeID":"4197","text":"RA","type":"RA","timestamp":"2012-04-12 18:31:41","scheme":"CauseToEffect"},{"nodeID":"4198","text":"RA","type":"RA","timestamp":"2012-04-12 18:31:42","scheme":"CauseToEffect"},{"nodeID":"4199","text":"RA","type":"RA","timestamp":"2012-04-12 18:31:42","scheme":"ExpertOpinion"},{"nodeID":"4200","text":"RA","type":"RA","timestamp":"2012-04-12 18:31:42"}],"edges":[{"edgeID":"3945","fromID":"4191","toID":"4197","formEdgeID":null},{"edgeID":"3946","fromID":"4197","toID":"4195","formEdgeID":null},{"edgeID":"3947","fromID":"4192","toID":"4198","formEdgeID":null},{"edgeID":"3948","fromID":"4198","toID":"4196","formEdgeID":null},{"edgeID":"3949","fromID":"4193","toID":"4199","formEdgeID":null},{"edgeID":"3950","fromID":"4199","toID":"4192","formEdgeID":null},{"edgeID":"3951","fromID":"4194","toID":"4200","formEdgeID":null},{"edgeID":"3952","fromID":"4195","toID":"4200","formEdgeID":null},{"edgeID":"3953","fromID":"4196","toID":"4200","formEdgeID":null},{"edgeID":"3954","fromID":"4200","toID":"4190","formEdgeID":null}]}