{"nodes":[{"nodeID":"1118","text":"the Congress has lost in Gujarat whatever the outcome of the December 12 election in that state","type":"I","timestamp":"2012-04-12 18:21:04"},{"nodeID":"1119","text":"The Congress has failed to set the political agenda.","type":"I","timestamp":"2012-04-12 18:21:04"},{"nodeID":"1120","text":"If the Congress has failed to set the political agenda in Gujarat they have lost in Gujarat whatever the outcome of the December 12 election","type":"I","timestamp":"2012-04-12 18:21:04"},{"nodeID":"1121","text":"It has allowed the vituperative eloquence of Narendra Modi and Company to seep into its consciousness and cause it to second-guess its opponent tread warily speak in whispers. It has allowed itself to be spooked into submission into donning elaborate masks and disguises.","type":"I","timestamp":"2012-04-12 18:21:04"},{"nodeID":"1122","text":"If it has allowed the vituperative eloquence of Modi and Company to seep into its consciousness and cause it to second-guess its opponent tread warily and speak in whispers and it has allowed itself to be spooked into submission then it has failed to set the political agenda","type":"I","timestamp":"2012-04-12 18:21:04"},{"nodeID":"1123","text":"RA","type":"RA","timestamp":"2012-04-12 18:21:04"},{"nodeID":"1124","text":"RA","type":"RA","timestamp":"2012-04-12 18:21:05"}],"edges":[{"edgeID":"1006","fromID":"1119","toID":"1123","formEdgeID":null},{"edgeID":"1007","fromID":"1120","toID":"1123","formEdgeID":null},{"edgeID":"1008","fromID":"1123","toID":"1118","formEdgeID":null},{"edgeID":"1009","fromID":"1121","toID":"1124","formEdgeID":null},{"edgeID":"1010","fromID":"1122","toID":"1124","formEdgeID":null},{"edgeID":"1011","fromID":"1124","toID":"1119","formEdgeID":null}]}