{"nodes":[{"nodeID":"2527","text":"any strike  may involve anything except nuclear weapons","type":"I","timestamp":"2012-04-12 18:26:10"},{"nodeID":"2528","text":"They have declared a war on us we have come under attack","type":"I","timestamp":"2012-04-12 18:26:10"},{"nodeID":"2529","text":"all means are good in a war","type":"I","timestamp":"2012-04-12 18:26:10"},{"nodeID":"2530","text":"War allows nations to use every kind of weapon","type":"I","timestamp":"2012-04-12 18:26:10"},{"nodeID":"2531","text":"RA","type":"RA","timestamp":"2012-04-12 18:26:10","scheme":"EstablishedRule"}],"edges":[{"edgeID":"2437","fromID":"2528","toID":"2531","formEdgeID":null},{"edgeID":"2438","fromID":"2529","toID":"2531","formEdgeID":null},{"edgeID":"2439","fromID":"2530","toID":"2531","formEdgeID":null},{"edgeID":"2440","fromID":"2531","toID":"2527","formEdgeID":null}]}