{"nodes":[{"nodeID":"865","text":"The post-Cold War period may have seen the dissolution of this strategic assumption; but it has not taken us back to the age when nation states fought territorial campaigns.","type":"I","timestamp":"2012-04-12 18:20:16"},{"nodeID":"1725","text":"Thus initiating military action against Iraq is not a simple matter of honouring clear treaty obligations (as in 1939; the case can be made though with some awkwardness for the first Gulf conflict) nor of rebutting direct aggression territorial or economic or whatever against ourselves.","type":"I","timestamp":"2012-04-12 18:23:12"},{"nodeID":"1726","text":"The long-distance delivery of weapons of mass destruction altered the character of war itself","type":"I","timestamp":"2012-04-12 18:23:12"},{"nodeID":"1727","text":"Strategy reorganised itself around a balance of terror Mutually Assured Destruction.","type":"I","timestamp":"2012-04-12 18:23:12"},{"nodeID":"1728","text":"Hiroshima was the start of a process leading to the development of weaponry that made territorial struggles irrelevant.","type":"I","timestamp":"2012-04-12 18:23:12"},{"nodeID":"1729","text":"If the character of the war is completely different from the past the old reasons and matters justifying a war are not longer valid.","type":"I","timestamp":"2012-04-12 18:23:12"},{"nodeID":"1730","text":"RA","type":"RA","timestamp":"2012-04-12 18:23:13","scheme":"Example"},{"nodeID":"1731","text":"RA","type":"RA","timestamp":"2012-04-12 18:23:13","scheme":"Example"},{"nodeID":"1732","text":"RA","type":"RA","timestamp":"2012-04-12 18:23:13","scheme":"Example"},{"nodeID":"1733","text":"RA","type":"RA","timestamp":"2012-04-12 18:23:13"}],"edges":[{"edgeID":"1611","fromID":"1726","toID":"1730","formEdgeID":null},{"edgeID":"1612","fromID":"1730","toID":"1728","formEdgeID":null},{"edgeID":"1613","fromID":"1727","toID":"1731","formEdgeID":null},{"edgeID":"1614","fromID":"1731","toID":"1728","formEdgeID":null},{"edgeID":"1615","fromID":"865","toID":"1732","formEdgeID":null},{"edgeID":"1616","fromID":"1732","toID":"1728","formEdgeID":null},{"edgeID":"1617","fromID":"1728","toID":"1733","formEdgeID":null},{"edgeID":"1618","fromID":"1729","toID":"1733","formEdgeID":null},{"edgeID":"1619","fromID":"1733","toID":"1725","formEdgeID":null}]}