{"nodes":[{"nodeID":"568","text":"The recharging of ground water should be taken care of","type":"I","timestamp":"2012-04-12 18:19:20"},{"nodeID":"569","text":"pumping ground water in discriminately without recharging is creating havoc","type":"I","timestamp":"2012-04-12 18:19:20"},{"nodeID":"570","text":"If pumping ground water indiscriminately is creating havoc recharging ground water should be taken care of","type":"I","timestamp":"2012-04-12 18:19:20"},{"nodeID":"571","text":"The water level is reducing day by day","type":"I","timestamp":"2012-04-12 18:19:20"},{"nodeID":"572","text":"When the water table comes down it affects the drinking water and tubewells get dislodged.","type":"I","timestamp":"2012-04-12 18:19:21"},{"nodeID":"573","text":"If pumping water indiscriminately is reducing the water level day by day and reducing the water level is affecting drinking water and dislodging tubewells pumping ground water indiscriminately is causing havoc.","type":"I","timestamp":"2012-04-12 18:19:21"},{"nodeID":"574","text":"RA","type":"RA","timestamp":"2012-04-12 18:19:21"},{"nodeID":"575","text":"RA","type":"RA","timestamp":"2012-04-12 18:19:21"}],"edges":[{"edgeID":"519","fromID":"569","toID":"574","formEdgeID":null},{"edgeID":"520","fromID":"570","toID":"574","formEdgeID":null},{"edgeID":"521","fromID":"574","toID":"568","formEdgeID":null},{"edgeID":"522","fromID":"571","toID":"575","formEdgeID":null},{"edgeID":"523","fromID":"572","toID":"575","formEdgeID":null},{"edgeID":"524","fromID":"573","toID":"575","formEdgeID":null},{"edgeID":"525","fromID":"575","toID":"569","formEdgeID":null}]}