{"nodes":[{"nodeID":"2784","text":"In a new term I will lead a bipartisan effort to reform and simplify the federal tax code.","type":"I","timestamp":"2012-04-12 18:27:02"},{"nodeID":"2785","text":"a complicated mess   filled with special interest loopholes saddling our people with more than six billion hours of paperwork and headache every year","type":"I","timestamp":"2012-04-12 18:27:02"},{"nodeID":"2786","text":"The American people deserve   and our economic future demands   a simpler fairer pro-growth system.","type":"I","timestamp":"2012-04-12 18:27:02"},{"nodeID":"2787","text":"A simpler and fairer system is needed","type":"I","timestamp":"2012-04-12 18:27:02"},{"nodeID":"2788","text":"The only means to have a good tax code is to reform the old one","type":"I","timestamp":"2012-04-12 18:27:02"},{"nodeID":"2789","text":"Another drag on our economy is the current tax code","type":"I","timestamp":"2012-04-12 18:27:02"},{"nodeID":"2790","text":"Our goal is to improve the economy","type":"I","timestamp":"2012-04-12 18:27:02"},{"nodeID":"2791","text":"The best means to improve the ecomomy is to change what is a drag for it","type":"I","timestamp":"2012-04-12 18:27:03"},{"nodeID":"2792","text":"RA","type":"RA","timestamp":"2012-04-12 18:27:03","scheme":"Example"},{"nodeID":"2793","text":"RA","type":"RA","timestamp":"2012-04-12 18:27:03"},{"nodeID":"2794","text":"RA","type":"RA","timestamp":"2012-04-12 18:27:03","scheme":"PracticalReasoning"},{"nodeID":"2795","text":"RA","type":"RA","timestamp":"2012-04-12 18:27:03","scheme":"PracticalReasoning"}],"edges":[{"edgeID":"2679","fromID":"2785","toID":"2792","formEdgeID":null},{"edgeID":"2680","fromID":"2792","toID":"2789","formEdgeID":null},{"edgeID":"2681","fromID":"2786","toID":"2793","formEdgeID":null},{"edgeID":"2682","fromID":"2793","toID":"2787","formEdgeID":null},{"edgeID":"2683","fromID":"2787","toID":"2794","formEdgeID":null},{"edgeID":"2684","fromID":"2788","toID":"2794","formEdgeID":null},{"edgeID":"2685","fromID":"2794","toID":"2784","formEdgeID":null},{"edgeID":"2686","fromID":"2789","toID":"2795","formEdgeID":null},{"edgeID":"2687","fromID":"2790","toID":"2795","formEdgeID":null},{"edgeID":"2688","fromID":"2791","toID":"2795","formEdgeID":null},{"edgeID":"2689","fromID":"2795","toID":"2787","formEdgeID":null}]}