{"nodes":[{"nodeID":"3241","text":"I cannot have committed the crime I am suspected of","type":"I","timestamp":"2012-04-12 18:28:31"},{"nodeID":"3242","text":"My actions are honest","type":"I","timestamp":"2012-04-12 18:28:31"},{"nodeID":"3243","text":"I would be the most unfortunate of men if after spending a great deal of my money for the state I should be accused of coveting that of others and of not caring for your bad opinion when people can see that I set less store not only on my property but even on my life than on your good opinion of me.","type":"I","timestamp":"2012-04-12 18:28:31"},{"nodeID":"3244","text":"RA","type":"RA","timestamp":"2012-04-12 18:28:31"},{"nodeID":"3245","text":"RA","type":"RA","timestamp":"2012-04-12 18:28:31"}],"edges":[{"edgeID":"3109","fromID":"3242","toID":"3244","formEdgeID":null},{"edgeID":"3110","fromID":"3244","toID":"3241","formEdgeID":null},{"edgeID":"3111","fromID":"3243","toID":"3245","formEdgeID":null},{"edgeID":"3112","fromID":"3245","toID":"3242","formEdgeID":null}]}