{"nodes":[{"nodeID":"3986","text":"she must be beautiful.","type":"I","timestamp":"2012-04-12 18:30:59"},{"nodeID":"3987","text":"She is blonde and tall","type":"I","timestamp":"2012-04-12 18:30:59"},{"nodeID":"3990","text":"Blonde and  tall  constitute the predicate  beautiful  for Bob","type":"I","timestamp":"2012-04-12 18:31:00"},{"nodeID":"3991","text":"RA","type":"RA","timestamp":"2012-04-12 18:31:00","scheme":"Sign"}],"edges":[{"edgeID":"3761","fromID":"3987","toID":"3991","formEdgeID":null},{"edgeID":"3762","fromID":"3990","toID":"3991","formEdgeID":null},{"edgeID":"3763","fromID":"3991","toID":"3986","formEdgeID":null}]}