{"nodes":[{"nodeID":"4350","text":"convien senza alcuno indugio che io faccia con le mie mani","type":"I","timestamp":"2012-04-12 18:32:12"},{"nodeID":"4351","text":"MItridate non puo` neppure avvicinarsi alle grandi cose di Natan","type":"I","timestamp":"2012-04-12 18:32:12"},{"nodeID":"4352","text":"Quando aggiugnero` io alla liberalita` delle gran cose di Natan non che io il trapassi come io cerco quando nelle piccolissime io non gli mi posso avvicinare?","type":"I","timestamp":"2012-04-12 18:32:12"},{"nodeID":"4353","text":"Veramente io mi fatico invano se io di terra nol tolgo;","type":"I","timestamp":"2012-04-12 18:32:12"},{"nodeID":"4354","text":"poscia che la vecchiezza nol porta via","type":"I","timestamp":"2012-04-12 18:32:13"},{"nodeID":"4355","text":"RA","type":"RA","timestamp":"2012-04-12 18:32:13"},{"nodeID":"4356","text":"RA","type":"RA","timestamp":"2012-04-12 18:32:13"},{"nodeID":"4357","text":"RA","type":"RA","timestamp":"2012-04-12 18:32:13"}],"edges":[{"edgeID":"4092","fromID":"4351","toID":"4355","formEdgeID":null},{"edgeID":"4093","fromID":"4355","toID":"4353","formEdgeID":null},{"edgeID":"4094","fromID":"4352","toID":"4356","formEdgeID":null},{"edgeID":"4095","fromID":"4356","toID":"4351","formEdgeID":null},{"edgeID":"4096","fromID":"4353","toID":"4357","formEdgeID":null},{"edgeID":"4097","fromID":"4354","toID":"4357","formEdgeID":null},{"edgeID":"4098","fromID":"4357","toID":"4350","formEdgeID":null}]}