{"nodes":[{"nodeID":"4031","text":"You are using a double standard","type":"I","timestamp":"2012-04-12 18:31:08"},{"nodeID":"4032","text":"I do not support the killing of any innocent people but what would every one of you do if your country was invaded your people were killed daily by the hundreds and nobody even bothered to count your dead innocent people?","type":"I","timestamp":"2012-04-12 18:31:09"},{"nodeID":"4033","text":"when foreign citizens are killed in Iraq it affects the reputation of Muslims","type":"I","timestamp":"2012-04-12 18:31:09"},{"nodeID":"4034","text":"when the soldiers killing innocent Iraqis aren't hurting the reputation of Christianity?","type":"I","timestamp":"2012-04-12 18:31:09"},{"nodeID":"4035","text":"RA","type":"RA","timestamp":"2012-04-12 18:31:09"},{"nodeID":"4036","text":"RA","type":"RA","timestamp":"2012-04-12 18:31:09"}],"edges":[{"edgeID":"3799","fromID":"4032","toID":"4035","formEdgeID":null},{"edgeID":"3800","fromID":"4035","toID":"4031","formEdgeID":null},{"edgeID":"3801","fromID":"4033","toID":"4036","formEdgeID":null},{"edgeID":"3802","fromID":"4034","toID":"4036","formEdgeID":null},{"edgeID":"3803","fromID":"4036","toID":"4031","formEdgeID":null}]}