{"nodes":[{"nodeID":"4747","text":"the march goes on and we will not be intimidated.","type":"I","timestamp":"2012-04-12 18:33:31"},{"nodeID":"4748","text":"This is the struggle of the two wills  Zebari said.","type":"I","timestamp":"2012-04-12 18:33:31"},{"nodeID":"4749","text":"It is the struggle between the Iraqi who wants to build a new country a tolerant country and those who want a different kind of Iraq dominated by fear and violence","type":"I","timestamp":"2012-04-12 18:33:31"},{"nodeID":"4750","text":"RA","type":"RA","timestamp":"2012-04-12 18:33:31"}],"edges":[{"edgeID":"4458","fromID":"4748","toID":"4750","formEdgeID":null},{"edgeID":"4459","fromID":"4749","toID":"4750","formEdgeID":null},{"edgeID":"4460","fromID":"4750","toID":"4747","formEdgeID":null}]}