{"nodes":[{"nodeID":"2516","text":"He recommanded changing the system of electing the country's lower house of parliament the State Duma to a purely proportional system","type":"I","timestamp":"2012-04-12 18:26:08"},{"nodeID":"2517","text":"strong political parties must become one of the tools for mobilising the entire society to conducts the fight against terrorism","type":"I","timestamp":"2012-04-12 18:26:08"},{"nodeID":"2518","text":"If the proportional system is introduced in the State Duma the strogest political parties will be sensibly benefited","type":"I","timestamp":"2012-04-12 18:26:08"},{"nodeID":"2519","text":"control from the central government was the key","type":"I","timestamp":"2012-04-12 18:26:08"},{"nodeID":"2520","text":"The best means to strenghten the central control is to strenghten the strong political parties that support the central government","type":"I","timestamp":"2012-04-12 18:26:08"},{"nodeID":"2521","text":"The organizers and perpretators of hte terror attack are aiming at the disintegration of the state the break-up of Russia","type":"I","timestamp":"2012-04-12 18:26:08"},{"nodeID":"2522","text":"The goal is to avoid the disintegration of Russia","type":"I","timestamp":"2012-04-12 18:26:08"},{"nodeID":"2523","text":"The only means to avoid the disintegration of Russia is to stenghten the central control","type":"I","timestamp":"2012-04-12 18:26:08"},{"nodeID":"2524","text":"RA","type":"RA","timestamp":"2012-04-12 18:26:08","scheme":"PracticalReasoning"},{"nodeID":"2525","text":"RA","type":"RA","timestamp":"2012-04-12 18:26:09","scheme":"PracticalReasoning"},{"nodeID":"2526","text":"RA","type":"RA","timestamp":"2012-04-12 18:26:09","scheme":"PracticalReasoning"}],"edges":[{"edgeID":"2427","fromID":"2517","toID":"2524","formEdgeID":null},{"edgeID":"2428","fromID":"2518","toID":"2524","formEdgeID":null},{"edgeID":"2429","fromID":"2524","toID":"2516","formEdgeID":null},{"edgeID":"2430","fromID":"2519","toID":"2525","formEdgeID":null},{"edgeID":"2431","fromID":"2520","toID":"2525","formEdgeID":null},{"edgeID":"2432","fromID":"2525","toID":"2517","formEdgeID":null},{"edgeID":"2433","fromID":"2521","toID":"2526","formEdgeID":null},{"edgeID":"2434","fromID":"2522","toID":"2526","formEdgeID":null},{"edgeID":"2435","fromID":"2523","toID":"2526","formEdgeID":null},{"edgeID":"2436","fromID":"2526","toID":"2519","formEdgeID":null}]}