{"nodes":[{"nodeID":"2744","text":"We are now acting because the risks of inaction would be far greater.","type":"I","timestamp":"2012-04-12 18:26:54"},{"nodeID":"2745","text":"In one year or five years the power of Iraq to inflict harm on all free nations would be multiplied many times over.","type":"I","timestamp":"2012-04-12 18:26:54"},{"nodeID":"2746","text":"With these capabilities Saddam Hussein and his terrorist allies could choose the moment of deadly conflict when they are strongest","type":"I","timestamp":"2012-04-12 18:26:54"},{"nodeID":"2747","text":"We cannot accept that Iraq attacks us when it will be strongest","type":"I","timestamp":"2012-04-12 18:26:54"},{"nodeID":"2749","text":"If a not-peceful country has a strong military force it can easily attack its enemies","type":"I","timestamp":"2012-04-12 18:26:55"},{"nodeID":"2750","text":"If we do not intervene Saddam can enhance his military power","type":"I","timestamp":"2012-04-12 18:26:55"},{"nodeID":"2751","text":"The hypothetical proposal is not to intervene","type":"I","timestamp":"2012-04-12 18:26:55"},{"nodeID":"2752","text":"RA","type":"RA","timestamp":"2012-04-12 18:26:55","scheme":"CauseToEffect"},{"nodeID":"2753","text":"RA","type":"RA","timestamp":"2012-04-12 18:26:55","scheme":"CauseToEffect"},{"nodeID":"2754","text":"RA","type":"RA","timestamp":"2012-04-12 18:26:56","scheme":"CauseToEffect"}],"edges":[{"edgeID":"2643","fromID":"2746","toID":"2752","formEdgeID":null},{"edgeID":"2644","fromID":"2747","toID":"2752","formEdgeID":null},{"edgeID":"2645","fromID":"2752","toID":"2744","formEdgeID":null},{"edgeID":"2646","fromID":"2745","toID":"2753","formEdgeID":null},{"edgeID":"2647","fromID":"2749","toID":"2753","formEdgeID":null},{"edgeID":"2648","fromID":"2753","toID":"2746","formEdgeID":null},{"edgeID":"2649","fromID":"2750","toID":"2754","formEdgeID":null},{"edgeID":"2650","fromID":"2751","toID":"2754","formEdgeID":null},{"edgeID":"2651","fromID":"2754","toID":"2745","formEdgeID":null}]}