{"nodes":[{"nodeID":"327","text":"she shouldn't do it.","type":"I","timestamp":"2012-04-12 18:18:35"},{"nodeID":"328","text":"for her to abort at this time it would be  a waste","type":"I","timestamp":"2012-04-12 18:18:35"},{"nodeID":"329","text":"You previously said a child should not be killed because of sunk cost.","type":"I","timestamp":"2012-04-12 18:18:35"},{"nodeID":"330","text":"8.5 months of pregnacy for some women can be a high cost","type":"I","timestamp":"2012-04-12 18:18:35"},{"nodeID":"331","text":"Aborting something that has had a high cost is by definition  a waste .","type":"I","timestamp":"2012-04-12 18:18:35"},{"nodeID":"332","text":"RA","type":"RA","timestamp":"2012-04-12 18:18:35"},{"nodeID":"333","text":"RA","type":"RA","timestamp":"2012-04-12 18:18:36"}],"edges":[{"edgeID":"310","fromID":"328","toID":"332","formEdgeID":null},{"edgeID":"311","fromID":"329","toID":"332","formEdgeID":null},{"edgeID":"312","fromID":"332","toID":"327","formEdgeID":null},{"edgeID":"313","fromID":"330","toID":"333","formEdgeID":null},{"edgeID":"314","fromID":"331","toID":"333","formEdgeID":null},{"edgeID":"315","fromID":"333","toID":"328","formEdgeID":null}]}