{"nodes":[{"nodeID":"4214","text":"If God does not exist then objective moral values do not exist.","type":"I","timestamp":"2012-04-12 18:31:46"},{"nodeID":"4219","text":"God plausibly does not exist","type":"I","timestamp":"2012-04-12 18:31:47"},{"nodeID":"4220","text":"Mackie therefore denied that objective values exist","type":"I","timestamp":"2012-04-12 18:31:47"},{"nodeID":"4221","text":"RA","type":"RA","timestamp":"2012-04-12 18:31:47","scheme":"Sign"}],"edges":[{"edgeID":"3970","fromID":"4214","toID":"4221","formEdgeID":null},{"edgeID":"3971","fromID":"4220","toID":"4221","formEdgeID":null},{"edgeID":"3972","fromID":"4221","toID":"4219","formEdgeID":null}]}