{"nodes":[{"nodeID":"2985","text":"Faced with that choice I will defend America every time.","type":"I","timestamp":"2012-04-12 18:27:41"},{"nodeID":"2986","text":"Members of both political parties including my opponent and his running mate saw the threat and voted to authorize the use of force","type":"I","timestamp":"2012-04-12 18:27:41"},{"nodeID":"2987","text":"The council saw in Saddam a threath","type":"I","timestamp":"2012-04-12 18:27:41"},{"nodeID":"2988","text":"Leaders in the Middle East think his policy is a threat to the West","type":"I","timestamp":"2012-04-12 18:27:41"},{"nodeID":"2989","text":"In Saddam Hussein we saw a threat.","type":"I","timestamp":"2012-04-12 18:27:41"},{"nodeID":"2990","text":"If somebody is a threath he can attack","type":"I","timestamp":"2012-04-12 18:27:41"},{"nodeID":"2991","text":"Do I forget the lessons of September 11th and take the word of a madman or do I take action to defend our country?","type":"I","timestamp":"2012-04-12 18:27:41"},{"nodeID":"2992","text":"Forgetting the lesson of September 11th is not acceptable","type":"I","timestamp":"2012-04-12 18:27:41"},{"nodeID":"2993","text":"We went to the United Nations Security Council which passed a unanimous resolution demanding the dictator disarm or face serious consequences.","type":"I","timestamp":"2012-04-12 18:27:41"},{"nodeID":"2994","text":"If the Council sees in somebody a threath it acts against him","type":"I","timestamp":"2012-04-12 18:27:41"},{"nodeID":"2995","text":"Leaders in the Middle East urged him to comply.","type":"I","timestamp":"2012-04-12 18:27:41"},{"nodeID":"2996","text":"If leaders in the Middle East urge a person to comply it means that they think his policy is a threat to the West","type":"I","timestamp":"2012-04-12 18:27:41"},{"nodeID":"2997","text":"RA","type":"RA","timestamp":"2012-04-12 18:27:41"},{"nodeID":"2998","text":"RA","type":"RA","timestamp":"2012-04-12 18:27:42"},{"nodeID":"2999","text":"RA","type":"RA","timestamp":"2012-04-12 18:27:42"},{"nodeID":"3000","text":"RA","type":"RA","timestamp":"2012-04-12 18:27:42"},{"nodeID":"3001","text":"RA","type":"RA","timestamp":"2012-04-12 18:27:43"},{"nodeID":"3002","text":"RA","type":"RA","timestamp":"2012-04-12 18:27:43"}],"edges":[{"edgeID":"2866","fromID":"2986","toID":"2997","formEdgeID":null},{"edgeID":"2867","fromID":"2997","toID":"2989","formEdgeID":null},{"edgeID":"2868","fromID":"2987","toID":"2998","formEdgeID":null},{"edgeID":"2869","fromID":"2998","toID":"2989","formEdgeID":null},{"edgeID":"2870","fromID":"2988","toID":"2999","formEdgeID":null},{"edgeID":"2871","fromID":"2999","toID":"2989","formEdgeID":null},{"edgeID":"2872","fromID":"2989","toID":"3000","formEdgeID":null},{"edgeID":"2873","fromID":"2990","toID":"3000","formEdgeID":null},{"edgeID":"2874","fromID":"2991","toID":"3000","formEdgeID":null},{"edgeID":"2875","fromID":"2992","toID":"3000","formEdgeID":null},{"edgeID":"2876","fromID":"3000","toID":"2985","formEdgeID":null},{"edgeID":"2877","fromID":"2993","toID":"3001","formEdgeID":null},{"edgeID":"2878","fromID":"2994","toID":"3001","formEdgeID":null},{"edgeID":"2879","fromID":"3001","toID":"2987","formEdgeID":null},{"edgeID":"2880","fromID":"2995","toID":"3002","formEdgeID":null},{"edgeID":"2881","fromID":"2996","toID":"3002","formEdgeID":null},{"edgeID":"2882","fromID":"3002","toID":"2988","formEdgeID":null}]}