{"nodes":[{"nodeID":"4620","text":"Adesso bisogna pensare a cancellare la par condicio   una questione vitale .","type":"I","timestamp":"2012-04-12 18:33:06"},{"nodeID":"4621","text":"Un sistema elettorale senza par condicio funzionera` benissimo anche in Italia","type":"I","timestamp":"2012-04-12 18:33:06"},{"nodeID":"4622","text":"La par condicio non e` accettabile","type":"I","timestamp":"2012-04-12 18:33:06"},{"nodeID":"4623","text":"Non sta ne` in cielo ne` in terra questo obbligo di dare spazi uguali a tutti i partiti a prescindere dai voti che prendono .","type":"I","timestamp":"2012-04-12 18:33:06"},{"nodeID":"4624","text":"Guardate gli Usa  spiega il Cavaliere  li` non ci sono tutti questi divieti lacci lacciuoli...","type":"I","timestamp":"2012-04-12 18:33:06"},{"nodeID":"4625","text":"Il sistema senza par condicio negli USA funziona molto bene","type":"I","timestamp":"2012-04-12 18:33:06"},{"nodeID":"4626","text":"Gli USA hanno un sistema politico analogo a quello Italiano","type":"I","timestamp":"2012-04-12 18:33:06"},{"nodeID":"4627","text":"L`unico modo per avere maggior spazio e` abolire la par condicio","type":"I","timestamp":"2012-04-12 18:33:06"},{"nodeID":"4628","text":"Berlusconi dovrebbe avere maggior spazio","type":"I","timestamp":"2012-04-12 18:33:06"},{"nodeID":"4629","text":"E vi pare giusto che io mi debba trovare al Costanzo Show o da Vespa come un qualsiasi altro leaderino di serie c?","type":"I","timestamp":"2012-04-12 18:33:06"},{"nodeID":"4630","text":"In America Berlusconi avrebbe uno spazio maggiore","type":"I","timestamp":"2012-04-12 18:33:07"},{"nodeID":"4631","text":"L`Italia dovrebbe essere come gli USA","type":"I","timestamp":"2012-04-12 18:33:07"},{"nodeID":"4632","text":"RA","type":"RA","timestamp":"2012-04-12 18:33:07"},{"nodeID":"4633","text":"RA","type":"RA","timestamp":"2012-04-12 18:33:07"},{"nodeID":"4634","text":"RA","type":"RA","timestamp":"2012-04-12 18:33:07"},{"nodeID":"4635","text":"RA","type":"RA","timestamp":"2012-04-12 18:33:07"},{"nodeID":"4636","text":"RA","type":"RA","timestamp":"2012-04-12 18:33:08"},{"nodeID":"4637","text":"RA","type":"RA","timestamp":"2012-04-12 18:33:08"}],"edges":[{"edgeID":"4343","fromID":"4621","toID":"4632","formEdgeID":null},{"edgeID":"4344","fromID":"4632","toID":"4620","formEdgeID":null},{"edgeID":"4345","fromID":"4622","toID":"4633","formEdgeID":null},{"edgeID":"4346","fromID":"4633","toID":"4620","formEdgeID":null},{"edgeID":"4347","fromID":"4623","toID":"4634","formEdgeID":null},{"edgeID":"4348","fromID":"4634","toID":"4622","formEdgeID":null},{"edgeID":"4349","fromID":"4624","toID":"4635","formEdgeID":null},{"edgeID":"4350","fromID":"4625","toID":"4635","formEdgeID":null},{"edgeID":"4351","fromID":"4626","toID":"4635","formEdgeID":null},{"edgeID":"4352","fromID":"4635","toID":"4621","formEdgeID":null},{"edgeID":"4353","fromID":"4627","toID":"4636","formEdgeID":null},{"edgeID":"4354","fromID":"4628","toID":"4636","formEdgeID":null},{"edgeID":"4355","fromID":"4636","toID":"4620","formEdgeID":null},{"edgeID":"4356","fromID":"4629","toID":"4637","formEdgeID":null},{"edgeID":"4357","fromID":"4630","toID":"4637","formEdgeID":null},{"edgeID":"4358","fromID":"4631","toID":"4637","formEdgeID":null},{"edgeID":"4359","fromID":"4637","toID":"4628","formEdgeID":null}]}