{"nodes":[{"nodeID":"4695","text":"E allora perche` non cambi banca?","type":"I","timestamp":"2012-04-12 18:33:21"},{"nodeID":"4696","text":"In questi anni hai cambiato 5 cellulari.","type":"I","timestamp":"2012-04-12 18:33:21"},{"nodeID":"4697","text":"Perche` volevi piu` servizi. Perche` volevi piu` tecnologia. Perche` volevi piu` possibilita`","type":"I","timestamp":"2012-04-12 18:33:21"},{"nodeID":"4698","text":"Per poter aver piu` servizi tecnologia e possibilta` la cosa migliore da fare e` cambiare cellulari","type":"I","timestamp":"2012-04-12 18:33:21"},{"nodeID":"4699","text":"Tu desideri avere piu` possibilita` tecnologia e servizi","type":"I","timestamp":"2012-04-12 18:33:21"},{"nodeID":"4700","text":"RA","type":"RA","timestamp":"2012-04-12 18:33:21"}],"edges":[{"edgeID":"4411","fromID":"4696","toID":"4700","formEdgeID":null},{"edgeID":"4412","fromID":"4697","toID":"4700","formEdgeID":null},{"edgeID":"4413","fromID":"4698","toID":"4700","formEdgeID":null},{"edgeID":"4414","fromID":"4699","toID":"4700","formEdgeID":null},{"edgeID":"4415","fromID":"4700","toID":"4695","formEdgeID":null}]}