{"nodes":[{"nodeID":"2622","text":"The United Nations Security Council has not lived up to its responsibilities so we will rise to ours.","type":"I","timestamp":"2012-04-12 18:26:30"},{"nodeID":"2623","text":"Today no nation can possibly claim that Iraq has disarmed","type":"I","timestamp":"2012-04-12 18:26:30"},{"nodeID":"2624","text":"These governments share our assessment of the danger but not our resolve to meet it.","type":"I","timestamp":"2012-04-12 18:26:30"},{"nodeID":"2625","text":"Many nations however do have the resolve and fortitude to act against this threat to peace and a broad coalition is now gathering to enforce the just demands of the world","type":"I","timestamp":"2012-04-12 18:26:30"},{"nodeID":"2626","text":"The nations of the coalition are committed to intervening in Iraq in case the UN do not","type":"I","timestamp":"2012-04-12 18:26:30"},{"nodeID":"2627","text":"Somebody has to intervene in Iraq","type":"I","timestamp":"2012-04-12 18:26:30"},{"nodeID":"2628","text":"The best explanation of the fact that the Council did not intervene is that it has not the resolve","type":"I","timestamp":"2012-04-12 18:26:30"},{"nodeID":"2629","text":"The council will not live up to its responsabilites","type":"I","timestamp":"2012-04-12 18:26:30"},{"nodeID":"2630","text":"The Council is committed to intervene against Iraq","type":"I","timestamp":"2012-04-12 18:26:31"},{"nodeID":"2631","text":"Yet some permanent members of the Security Council have publicly announced they will veto any resolution that compels the disarmament of Iraq.","type":"I","timestamp":"2012-04-12 18:26:31"},{"nodeID":"2632","text":"If some member of the Council vetoes the intervent the Council won`t interevene","type":"I","timestamp":"2012-04-12 18:26:31"},{"nodeID":"2633","text":"On November 8th the Security Council unanimously passed Resolution 1441 finding Iraq in material breach of its obligations and vowing serious consequences if Iraq did not fully and immediately disarm.","type":"I","timestamp":"2012-04-12 18:26:31"},{"nodeID":"2634","text":"Iraq is not disarmed","type":"I","timestamp":"2012-04-12 18:26:31"},{"nodeID":"2635","text":"RA","type":"RA","timestamp":"2012-04-12 18:26:31"},{"nodeID":"2636","text":"RA","type":"RA","timestamp":"2012-04-12 18:26:31","scheme":"CauseToEffect"},{"nodeID":"2637","text":"RA","type":"RA","timestamp":"2012-04-12 18:26:32"},{"nodeID":"2638","text":"RA","type":"RA","timestamp":"2012-04-12 18:26:32","scheme":"CauseToEffect"},{"nodeID":"2639","text":"RA","type":"RA","timestamp":"2012-04-12 18:26:32","scheme":"Commitment"}],"edges":[{"edgeID":"2525","fromID":"2623","toID":"2635","formEdgeID":null},{"edgeID":"2526","fromID":"2635","toID":"2634","formEdgeID":null},{"edgeID":"2527","fromID":"2624","toID":"2636","formEdgeID":null},{"edgeID":"2528","fromID":"2625","toID":"2636","formEdgeID":null},{"edgeID":"2529","fromID":"2626","toID":"2636","formEdgeID":null},{"edgeID":"2530","fromID":"2627","toID":"2636","formEdgeID":null},{"edgeID":"2531","fromID":"2636","toID":"2622","formEdgeID":null},{"edgeID":"2532","fromID":"2628","toID":"2637","formEdgeID":null},{"edgeID":"2533","fromID":"2629","toID":"2637","formEdgeID":null},{"edgeID":"2534","fromID":"2637","toID":"2624","formEdgeID":null},{"edgeID":"2535","fromID":"2630","toID":"2638","formEdgeID":null},{"edgeID":"2536","fromID":"2631","toID":"2638","formEdgeID":null},{"edgeID":"2537","fromID":"2632","toID":"2638","formEdgeID":null},{"edgeID":"2538","fromID":"2638","toID":"2629","formEdgeID":null},{"edgeID":"2539","fromID":"2633","toID":"2639","formEdgeID":null},{"edgeID":"2540","fromID":"2634","toID":"2639","formEdgeID":null},{"edgeID":"2541","fromID":"2639","toID":"2630","formEdgeID":null}]}