{"nodes":[{"nodeID":"854","text":"The war on terror will be intensified.","type":"I","timestamp":"2012-04-12 18:20:15"},{"nodeID":"855","text":"Indonesia cannot afford to become a haven for an Islamic radicalism","type":"I","timestamp":"2012-04-12 18:20:15"},{"nodeID":"1793","text":"If Indonesia wants to avoid becoming a haven for Islamic radicalism the war on terror has to be intensified","type":"I","timestamp":"2012-04-12 18:23:28"},{"nodeID":"1794","text":"There is a possibility for Indonesia to become a haven for Islamic radicalism","type":"I","timestamp":"2012-04-12 18:23:28"},{"nodeID":"1795","text":"which would wreck the economy and tear the archipelago apart.","type":"I","timestamp":"2012-04-12 18:23:28"},{"nodeID":"1796","text":"RA","type":"RA","timestamp":"2012-04-12 18:23:28","scheme":"PracticalReasoning"},{"nodeID":"1797","text":"RA","type":"RA","timestamp":"2012-04-12 18:23:28"}],"edges":[{"edgeID":"1683","fromID":"855","toID":"1796","formEdgeID":null},{"edgeID":"1684","fromID":"1793","toID":"1796","formEdgeID":null},{"edgeID":"1685","fromID":"1796","toID":"854","formEdgeID":null},{"edgeID":"1686","fromID":"1794","toID":"1797","formEdgeID":null},{"edgeID":"1687","fromID":"1795","toID":"1797","formEdgeID":null},{"edgeID":"1688","fromID":"1797","toID":"855","formEdgeID":null}]}