{"nodes":[{"nodeID":"949","text":"The jury-coercion claim in respondent  s habeas petition is  the same claim rejected on the merits in his direct appeal  to the state appellate court","type":"I","timestamp":"2012-04-12 18:20:32"},{"nodeID":"2113","text":"the Ninth Circuit cor-  rectly recognized that  2254(d)was therefore applicable","type":"I","timestamp":"2012-04-12 18:24:43"},{"nodeID":"2114","text":"When a habeas petitioner  s claim has been adjudicated  on the merits in state-court proceedings28 U.S.C.   2254(d)forecloses relief unless the state court  s adjudica-  tion of the claim:    (1)resulted in a decision that was contrary toor  involved an unreasonable application ofclearly es-  tablished Federal lawas determined by the Supreme  Court of the United States;or  (2)resulted in a decision that was based on an un-  reasonable determination of the facts in light of the  evidence presented in the State court proceeding","type":"I","timestamp":"2012-04-12 18:24:43"},{"nodeID":"2115","text":"Only if the claim belongs to one of the two exceptional cases 2245 (d) does not apply","type":"I","timestamp":"2012-04-12 18:24:43"},{"nodeID":"2116","text":"The claim is not exceptional","type":"I","timestamp":"2012-04-12 18:24:43"},{"nodeID":"2117","text":"If the claim is the similar to the one rejected by the appelate court it is not exceptional as well","type":"I","timestamp":"2012-04-12 18:24:43"},{"nodeID":"2118","text":"RA","type":"RA","timestamp":"2012-04-12 18:24:43","scheme":"ExceptionalCase"},{"nodeID":"2119","text":"RA","type":"RA","timestamp":"2012-04-12 18:24:44","scheme":"Analogy"}],"edges":[{"edgeID":"2044","fromID":"2114","toID":"2118","formEdgeID":null},{"edgeID":"2045","fromID":"2115","toID":"2118","formEdgeID":null},{"edgeID":"2046","fromID":"2116","toID":"2118","formEdgeID":null},{"edgeID":"2047","fromID":"2118","toID":"2113","formEdgeID":null},{"edgeID":"2048","fromID":"2117","toID":"2119","formEdgeID":null},{"edgeID":"2049","fromID":"949","toID":"2119","formEdgeID":null},{"edgeID":"2050","fromID":"2119","toID":"2116","formEdgeID":null}]}