{"nodes":[{"nodeID":"4415","text":"We must not enter in bilateral talks","type":"I","timestamp":"2012-04-12 18:32:25"},{"nodeID":"4416","text":"Again I can't tell you how big a mistake I think that is to have bilateral talks with North Korea.","type":"I","timestamp":"2012-04-12 18:32:25"},{"nodeID":"4417","text":"It will cause the six-party talks to evaporate.","type":"I","timestamp":"2012-04-12 18:32:25"},{"nodeID":"4418","text":"It will mean that China no longer is involved in convincing along with us for Kim Jong Il to get rid of his weapons.","type":"I","timestamp":"2012-04-12 18:32:25"},{"nodeID":"4419","text":"We must have China's leverage on Kim Jong Il besides ourselves.","type":"I","timestamp":"2012-04-12 18:32:25"},{"nodeID":"4420","text":"The pressure on Kim Jong II will diminish","type":"I","timestamp":"2012-04-12 18:32:25"},{"nodeID":"4421","text":"If the pressure diminishes Kim Jong II can win the negotiations","type":"I","timestamp":"2012-04-12 18:32:25"},{"nodeID":"4422","text":"RA","type":"RA","timestamp":"2012-04-12 18:32:25"}],"edges":[{"edgeID":"4152","fromID":"4416","toID":"4422","formEdgeID":null},{"edgeID":"4153","fromID":"4417","toID":"4422","formEdgeID":null},{"edgeID":"4154","fromID":"4418","toID":"4422","formEdgeID":null},{"edgeID":"4155","fromID":"4419","toID":"4422","formEdgeID":null},{"edgeID":"4156","fromID":"4420","toID":"4422","formEdgeID":null},{"edgeID":"4157","fromID":"4421","toID":"4422","formEdgeID":null},{"edgeID":"4158","fromID":"4422","toID":"4415","formEdgeID":null}]}