{"nodes":[{"nodeID":"580","text":"At such a juncture we need a lot of money for reaching the people and putting forth our ideas when we are contesting the elections.","type":"I","timestamp":"2012-04-12 18:19:23"},{"nodeID":"581","text":"We have made three-tier system where the local administration is also under the people's representatives.","type":"I","timestamp":"2012-04-12 18:19:23"},{"nodeID":"582","text":"If there is now a three-tier system in which the local administration is also under the people's representatives the people's representatives need a lot of money for reaching the people and putting forth our ideas.","type":"I","timestamp":"2012-04-12 18:19:23"},{"nodeID":"583","text":"RA","type":"RA","timestamp":"2012-04-12 18:19:23"}],"edges":[{"edgeID":"529","fromID":"581","toID":"583","formEdgeID":null},{"edgeID":"530","fromID":"582","toID":"583","formEdgeID":null},{"edgeID":"531","fromID":"583","toID":"580","formEdgeID":null}]}