{"nodes":[{"nodeID":"2250","text":"the Vice-President had given the  16  order no umbrellas","type":"I","timestamp":"2012-04-12 18:25:13"},{"nodeID":"2251","text":"The order not to raise the umbrellas was the only means not to remind the President of Munich","type":"I","timestamp":"2012-04-12 18:25:13"},{"nodeID":"2252","text":"The umbrella would have made clear the analogy to the president","type":"I","timestamp":"2012-04-12 18:25:13"},{"nodeID":"2253","text":"Nixon wanted no such untoward  symbol","type":"I","timestamp":"2012-04-12 18:25:13"},{"nodeID":"2254","text":"Geneva's traties on appeasement were at the moment similar to Munich ones that is they could be bringing disastrous consequences","type":"I","timestamp":"2012-04-12 18:25:13"},{"nodeID":"2255","text":"The umbrella had been Chamberlain s  trademark and the emblem of his appeasement policy","type":"I","timestamp":"2012-04-12 18:25:13"},{"nodeID":"2256","text":"If a symbol is showed what it represents is recalled","type":"I","timestamp":"2012-04-12 18:25:13"},{"nodeID":"2257","text":"At that  moment it was still not clear whether Geneva had been a triumph or a setback for the  West","type":"I","timestamp":"2012-04-12 18:25:13"},{"nodeID":"2258","text":"for lack of a better estimate of the situation there were uncomfortable  reminders of Neville Chamberlain and Munich","type":"I","timestamp":"2012-04-12 18:25:13"},{"nodeID":"2259","text":"The appeasement in Munich brought disastrous consequences","type":"I","timestamp":"2012-04-12 18:25:13"},{"nodeID":"2260","text":"RA","type":"RA","timestamp":"2012-04-12 18:25:13","scheme":"PracticalReasoning"},{"nodeID":"2261","text":"RA","type":"RA","timestamp":"2012-04-12 18:25:14","scheme":"CauseToEffect"},{"nodeID":"2262","text":"RA","type":"RA","timestamp":"2012-04-12 18:25:14","scheme":"Analogy"}],"edges":[{"edgeID":"2182","fromID":"2251","toID":"2260","formEdgeID":null},{"edgeID":"2183","fromID":"2252","toID":"2260","formEdgeID":null},{"edgeID":"2184","fromID":"2253","toID":"2260","formEdgeID":null},{"edgeID":"2185","fromID":"2260","toID":"2250","formEdgeID":null},{"edgeID":"2186","fromID":"2254","toID":"2261","formEdgeID":null},{"edgeID":"2187","fromID":"2255","toID":"2261","formEdgeID":null},{"edgeID":"2188","fromID":"2256","toID":"2261","formEdgeID":null},{"edgeID":"2189","fromID":"2261","toID":"2252","formEdgeID":null},{"edgeID":"2190","fromID":"2257","toID":"2262","formEdgeID":null},{"edgeID":"2191","fromID":"2258","toID":"2262","formEdgeID":null},{"edgeID":"2192","fromID":"2259","toID":"2262","formEdgeID":null},{"edgeID":"2193","fromID":"2262","toID":"2254","formEdgeID":null}]}