{"nodes":[{"nodeID":"4886","text":"We have to continue the wars in Afghanistan and Iraq","type":"I","timestamp":"2012-04-12 18:33:58"},{"nodeID":"4887","text":"And as freedom advances   heart by heart and nation by nation   America will be more secure and the world more peaceful.","type":"I","timestamp":"2012-04-12 18:33:58"},{"nodeID":"4888","text":"Palestinians will hear the message that democracy and reform are within their reach and so is peace with our good friend Israel.","type":"I","timestamp":"2012-04-12 18:33:58"},{"nodeID":"4889","text":"As the citizens of Afghanistan and Iraq seize the moment their example will send a message of hope throughout a vital region.","type":"I","timestamp":"2012-04-12 18:33:58"},{"nodeID":"4890","text":"Continuing the war in Iraq we will spread the message of democracy among the citizens of these countries.","type":"I","timestamp":"2012-04-12 18:33:58"},{"nodeID":"4891","text":"Reformers and political prisoners and exiles will hear the message that their dream of freedom cannot be denied forever.","type":"I","timestamp":"2012-04-12 18:33:59"},{"nodeID":"4892","text":"Young men will hear the message that national progress and dignity are found in liberty not tyranny and terror.","type":"I","timestamp":"2012-04-12 18:33:59"},{"nodeID":"4893","text":"Young women across the Middle East will hear the message that their day of equality and justice is coming.","type":"I","timestamp":"2012-04-12 18:33:59"},{"nodeID":"4894","text":"RA","type":"RA","timestamp":"2012-04-12 18:33:59"},{"nodeID":"4895","text":"RA","type":"RA","timestamp":"2012-04-12 18:33:59"},{"nodeID":"4896","text":"RA","type":"RA","timestamp":"2012-04-12 18:34:00"},{"nodeID":"4897","text":"RA","type":"RA","timestamp":"2012-04-12 18:34:00"},{"nodeID":"4898","text":"RA","type":"RA","timestamp":"2012-04-12 18:34:00"},{"nodeID":"4899","text":"RA","type":"RA","timestamp":"2012-04-12 18:34:00"},{"nodeID":"4900","text":"RA","type":"RA","timestamp":"2012-04-12 18:34:01"},{"nodeID":"4901","text":"RA","type":"RA","timestamp":"2012-04-12 18:34:01"},{"nodeID":"4902","text":"RA","type":"RA","timestamp":"2012-04-12 18:34:01"},{"nodeID":"4903","text":"RA","type":"RA","timestamp":"2012-04-12 18:34:01"},{"nodeID":"4904","text":"RA","type":"RA","timestamp":"2012-04-12 18:34:02"},{"nodeID":"4905","text":"RA","type":"RA","timestamp":"2012-04-12 18:34:02"},{"nodeID":"4906","text":"RA","type":"RA","timestamp":"2012-04-12 18:34:02"}],"edges":[{"edgeID":"4583","fromID":"4887","toID":"4894","formEdgeID":null},{"edgeID":"4584","fromID":"4894","toID":"4886","formEdgeID":null},{"edgeID":"4585","fromID":"4888","toID":"4895","formEdgeID":null},{"edgeID":"4586","fromID":"4895","toID":"4887","formEdgeID":null},{"edgeID":"4587","fromID":"4889","toID":"4896","formEdgeID":null},{"edgeID":"4588","fromID":"4896","toID":"4888","formEdgeID":null},{"edgeID":"4589","fromID":"4890","toID":"4897","formEdgeID":null},{"edgeID":"4590","fromID":"4897","toID":"4889","formEdgeID":null},{"edgeID":"4591","fromID":"4891","toID":"4898","formEdgeID":null},{"edgeID":"4592","fromID":"4898","toID":"4887","formEdgeID":null},{"edgeID":"4593","fromID":"4889","toID":"4899","formEdgeID":null},{"edgeID":"4594","fromID":"4899","toID":"4891","formEdgeID":null},{"edgeID":"4595","fromID":"4890","toID":"4900","formEdgeID":null},{"edgeID":"4596","fromID":"4900","toID":"4889","formEdgeID":null},{"edgeID":"4597","fromID":"4892","toID":"4901","formEdgeID":null},{"edgeID":"4598","fromID":"4901","toID":"4887","formEdgeID":null},{"edgeID":"4599","fromID":"4889","toID":"4902","formEdgeID":null},{"edgeID":"4600","fromID":"4902","toID":"4892","formEdgeID":null},{"edgeID":"4601","fromID":"4890","toID":"4903","formEdgeID":null},{"edgeID":"4602","fromID":"4903","toID":"4889","formEdgeID":null},{"edgeID":"4603","fromID":"4893","toID":"4904","formEdgeID":null},{"edgeID":"4604","fromID":"4904","toID":"4887","formEdgeID":null},{"edgeID":"4605","fromID":"4889","toID":"4905","formEdgeID":null},{"edgeID":"4606","fromID":"4905","toID":"4893","formEdgeID":null},{"edgeID":"4607","fromID":"4890","toID":"4906","formEdgeID":null},{"edgeID":"4608","fromID":"4906","toID":"4889","formEdgeID":null}]}