{"nodes":[{"nodeID":"309","text":"We should not impose gun control","type":"I","timestamp":"2012-04-12 18:18:31"},{"nodeID":"310","text":"are we going to make it illegal for everything we can think of that might kill.","type":"I","timestamp":"2012-04-12 18:18:32"},{"nodeID":"311","text":"We can create all the legal issues laws and strict gun control we want. But if someone wants to kill they could kill someone with a pen pencil knife baseball bat or even a sling shot","type":"I","timestamp":"2012-04-12 18:18:32"},{"nodeID":"312","text":"If gun control alone does not ensure that people are not able to kill and the additional steps needed in order to do so are not going to be taken we should not impose gun control.","type":"I","timestamp":"2012-04-12 18:18:32"},{"nodeID":"313","text":"RA","type":"RA","timestamp":"2012-04-12 18:18:32"}],"edges":[{"edgeID":"296","fromID":"310","toID":"313","formEdgeID":null},{"edgeID":"297","fromID":"311","toID":"313","formEdgeID":null},{"edgeID":"298","fromID":"312","toID":"313","formEdgeID":null},{"edgeID":"299","fromID":"313","toID":"309","formEdgeID":null}]}