{"nodes":[{"nodeID":"2389","text":"Rightouness does not come by Law","type":"I","timestamp":"2012-04-12 18:25:42"},{"nodeID":"2390","text":"If righteousness come by ye Law then Christ is dead  in vain.","type":"I","timestamp":"2012-04-12 18:25:43"},{"nodeID":"2391","text":"The fact that Chris is dead in vain is not acceptable","type":"I","timestamp":"2012-04-12 18:25:43"},{"nodeID":"2392","text":"Because he [Christ DH] attained not his end in dying","type":"I","timestamp":"2012-04-12 18:25:43"},{"nodeID":"2393","text":"which was to merit for us  remission of sin & imputation of his righteousness for our justification.","type":"I","timestamp":"2012-04-12 18:25:43"},{"nodeID":"2394","text":"RA","type":"RA","timestamp":"2012-04-12 18:25:43"},{"nodeID":"2395","text":"RA","type":"RA","timestamp":"2012-04-12 18:25:43","scheme":"CauseToEffect"}],"edges":[{"edgeID":"2311","fromID":"2390","toID":"2394","formEdgeID":null},{"edgeID":"2312","fromID":"2391","toID":"2394","formEdgeID":null},{"edgeID":"2313","fromID":"2394","toID":"2389","formEdgeID":null},{"edgeID":"2314","fromID":"2392","toID":"2395","formEdgeID":null},{"edgeID":"2315","fromID":"2393","toID":"2395","formEdgeID":null},{"edgeID":"2316","fromID":"2395","toID":"2390","formEdgeID":null}]}