{"nodes":[{"nodeID":"2467","text":"What we really need to do is recall and totally reconfigure the state of California.","type":"I","timestamp":"2012-04-12 18:25:58"},{"nodeID":"2468","text":"Large concentrations of power and money will always attract those who can leverage those resources to their own ends.","type":"I","timestamp":"2012-04-12 18:25:58"},{"nodeID":"2469","text":"The goal is to reduce the perks and lobbies caused by burocracy","type":"I","timestamp":"2012-04-12 18:25:58"},{"nodeID":"2470","text":"What we need to do is downsize state government - make it more accessible to the average citizen while reducing the size of the public trough - by splitting the state into smaller regional units.","type":"I","timestamp":"2012-04-12 18:25:58"},{"nodeID":"2471","text":"With a population projected to reach 45 million by 2020 California could easily be split into three or four viable states each with a distinct regional identity","type":"I","timestamp":"2012-04-12 18:25:58"},{"nodeID":"2472","text":"Tinkering with the existing system - whether it's recalling public officials or passing stricter campaign finance laws - will make no difference as long as there are billions in taxpayer dollars for the taking.","type":"I","timestamp":"2012-04-12 18:25:58"},{"nodeID":"2473","text":"A nation-state like California with its multilayered government its myriad boards and commissions may look like a bureaucratic quagmire to most of us but to veteran lobbyists it's a veritable smorgasbord of tax breaks and other perks","type":"I","timestamp":"2012-04-12 18:25:58"},{"nodeID":"2474","text":"Nobody accepts the corruption","type":"I","timestamp":"2012-04-12 18:25:59"},{"nodeID":"2475","text":"The best means to eliminate a problem is to act against it or its causes","type":"I","timestamp":"2012-04-12 18:25:59"},{"nodeID":"2476","text":"RA","type":"RA","timestamp":"2012-04-12 18:25:59","scheme":"CauseToEffect"},{"nodeID":"2477","text":"RA","type":"RA","timestamp":"2012-04-12 18:25:59","scheme":"PracticalReasoning"},{"nodeID":"2478","text":"RA","type":"RA","timestamp":"2012-04-12 18:25:59","scheme":"PracticalReasoning"}],"edges":[{"edgeID":"2380","fromID":"2468","toID":"2476","formEdgeID":null},{"edgeID":"2381","fromID":"2476","toID":"2473","formEdgeID":null},{"edgeID":"2382","fromID":"2469","toID":"2477","formEdgeID":null},{"edgeID":"2383","fromID":"2470","toID":"2477","formEdgeID":null},{"edgeID":"2384","fromID":"2471","toID":"2477","formEdgeID":null},{"edgeID":"2385","fromID":"2472","toID":"2477","formEdgeID":null},{"edgeID":"2386","fromID":"2477","toID":"2467","formEdgeID":null},{"edgeID":"2387","fromID":"2473","toID":"2478","formEdgeID":null},{"edgeID":"2388","fromID":"2474","toID":"2478","formEdgeID":null},{"edgeID":"2389","fromID":"2475","toID":"2478","formEdgeID":null},{"edgeID":"2390","fromID":"2478","toID":"2469","formEdgeID":null}]}