{"nodes":[{"nodeID":"2532","text":"Russia reserves the right to carry out pre-emptive strikes on foreign militant bases","type":"I","timestamp":"2012-04-12 18:26:11"},{"nodeID":"2533","text":"If a nation comes under attack it has the right of self-defence","type":"I","timestamp":"2012-04-12 18:26:11"},{"nodeID":"2534","text":"in the wake of the schook hostage seizure","type":"I","timestamp":"2012-04-12 18:26:11"},{"nodeID":"2535","text":"The school attack was a declaration of war","type":"I","timestamp":"2012-04-12 18:26:11"},{"nodeID":"2536","text":"RA","type":"RA","timestamp":"2012-04-12 18:26:11","scheme":"EstablishedRule"}],"edges":[{"edgeID":"2441","fromID":"2533","toID":"2536","formEdgeID":null},{"edgeID":"2442","fromID":"2534","toID":"2536","formEdgeID":null},{"edgeID":"2443","fromID":"2535","toID":"2536","formEdgeID":null},{"edgeID":"2444","fromID":"2536","toID":"2532","formEdgeID":null}]}