{"nodes":[{"nodeID":"3372","text":"Do you find this just?","type":"I","timestamp":"2012-04-12 18:28:55"},{"nodeID":"3373","text":"If a clause of the treaty is favourable to our enemies but unfavourable to us they insists that it is valid","type":"I","timestamp":"2012-04-12 18:28:55"},{"nodeID":"3374","text":"if on the contrary they find in it a clause which is just and advantageous for us and disadvantageous for them they think they must oppose it vigorously.","type":"I","timestamp":"2012-04-12 18:28:55"},{"nodeID":"3375","text":"RA","type":"RA","timestamp":"2012-04-12 18:28:55"}],"edges":[{"edgeID":"3213","fromID":"3373","toID":"3375","formEdgeID":null},{"edgeID":"3214","fromID":"3374","toID":"3375","formEdgeID":null},{"edgeID":"3215","fromID":"3375","toID":"3372","formEdgeID":null}]}