{"nodes":[{"nodeID":"1028","text":"It is crucial that this specialized  form of bankruptcy relief for family  farmers not be allowed to sunset","type":"I","timestamp":"2012-04-12 18:20:47"},{"nodeID":"1029","text":"family  farmers absent chapter 12 would be  forced to file for bankruptcy relief  under the Bankruptcy Code's other al-ternatives  none of which work as well  for them as does chapter 12.","type":"I","timestamp":"2012-04-12 18:20:47"},{"nodeID":"1033","text":"recent statistics dem-onstrate  that there is not only a con-tinuing  need for chapter 12 but that  this need is apparently increasing.","type":"I","timestamp":"2012-04-12 18:20:47"},{"nodeID":"2237","text":"Chapter VII of the Bankruptcy Code  for instance would require a farmer to  liquidate; that is sell the family farm  to pay the claims of the farmer's credi-tors.  Many farmers would be precluded  from choosing bankruptcy relief under  chapter 13 of the Bankruptcy Code be-cause  of its restrictive eligibility  standards.","type":"I","timestamp":"2012-04-12 18:25:09"},{"nodeID":"2238","text":"Furthermore Chapter XI  the Bankruptcy Code's business reorga-nization  alternative is not farmer-friendly  in various respects as it often  entails an expensive and time-con-suming  process that does not readily  accommodate the special needs of  farmers.","type":"I","timestamp":"2012-04-12 18:25:10"},{"nodeID":"2239","text":"Ac-cording  to the Administrative Office of  the United States Courts chapter 12  bankruptcy filings jumped by more  than 62 percent over the past year","type":"I","timestamp":"2012-04-12 18:25:10"},{"nodeID":"2240","text":"If the sunset of the chapter 12 has negative consequences the sunset of the chapter should not be brought about","type":"I","timestamp":"2012-04-12 18:25:10"},{"nodeID":"2241","text":"Maintaining what people need is a good way to help them","type":"I","timestamp":"2012-04-12 18:25:10"},{"nodeID":"2242","text":"Chapter 12 jumped by more than 62 percent over the past year","type":"I","timestamp":"2012-04-12 18:25:10"},{"nodeID":"2243","text":"If people need the chapter they fill it in","type":"I","timestamp":"2012-04-12 18:25:10"},{"nodeID":"2244","text":"RA","type":"RA","timestamp":"2012-04-12 18:25:10","scheme":"Example"},{"nodeID":"2245","text":"RA","type":"RA","timestamp":"2012-04-12 18:25:10","scheme":"Example"},{"nodeID":"2246","text":"RA","type":"RA","timestamp":"2012-04-12 18:25:11","scheme":"ExpertOpinion"},{"nodeID":"2247","text":"RA","type":"RA","timestamp":"2012-04-12 18:25:11"},{"nodeID":"2248","text":"RA","type":"RA","timestamp":"2012-04-12 18:25:11"},{"nodeID":"2249","text":"RA","type":"RA","timestamp":"2012-04-12 18:25:11"}],"edges":[{"edgeID":"2167","fromID":"2237","toID":"2244","formEdgeID":null},{"edgeID":"2168","fromID":"2244","toID":"1029","formEdgeID":null},{"edgeID":"2169","fromID":"2238","toID":"2245","formEdgeID":null},{"edgeID":"2170","fromID":"2245","toID":"1029","formEdgeID":null},{"edgeID":"2171","fromID":"2239","toID":"2246","formEdgeID":null},{"edgeID":"2172","fromID":"2246","toID":"2242","formEdgeID":null},{"edgeID":"2173","fromID":"2240","toID":"2247","formEdgeID":null},{"edgeID":"2174","fromID":"1029","toID":"2247","formEdgeID":null},{"edgeID":"2175","fromID":"2247","toID":"1028","formEdgeID":null},{"edgeID":"2176","fromID":"1033","toID":"2248","formEdgeID":null},{"edgeID":"2177","fromID":"2241","toID":"2248","formEdgeID":null},{"edgeID":"2178","fromID":"2248","toID":"1028","formEdgeID":null},{"edgeID":"2179","fromID":"2242","toID":"2249","formEdgeID":null},{"edgeID":"2180","fromID":"2243","toID":"2249","formEdgeID":null},{"edgeID":"2181","fromID":"2249","toID":"1033","formEdgeID":null}]}