{"nodes":[{"nodeID":"3236","text":"Mixidemides should submit to the judgement of the Aeropagus","type":"I","timestamp":"2012-04-12 18:28:30"},{"nodeID":"3237","text":"It was a strange thing that the Dread Goddesses could without loss of dignity submit to the judgement of the Areopagus and yet Mixidemides could not","type":"I","timestamp":"2012-04-12 18:28:30"},{"nodeID":"3238","text":"The Dread Goddesses should be a model for everybody","type":"I","timestamp":"2012-04-12 18:28:30"},{"nodeID":"3239","text":"Dread Goddesses' actions are worth being imited by everybody","type":"I","timestamp":"2012-04-12 18:28:30"},{"nodeID":"3240","text":"RA","type":"RA","timestamp":"2012-04-12 18:28:30"}],"edges":[{"edgeID":"3105","fromID":"3237","toID":"3240","formEdgeID":null},{"edgeID":"3106","fromID":"3238","toID":"3240","formEdgeID":null},{"edgeID":"3107","fromID":"3239","toID":"3240","formEdgeID":null},{"edgeID":"3108","fromID":"3240","toID":"3236","formEdgeID":null}]}