{"nodes":[{"nodeID":"4477","text":"scientists do not draw conclusions based on superficial resemblance","type":"I","timestamp":"2012-04-12 18:32:36"},{"nodeID":"4478","text":"SImilarity is not a criteria to establish structural relationships","type":"I","timestamp":"2012-04-12 18:32:36"},{"nodeID":"4479","text":"dolphins and sharks","type":"I","timestamp":"2012-04-12 18:32:36"},{"nodeID":"4480","text":"Hyraxes or dassies there are many other species than just Procavia capensis have specific anatomical traits only found in elephants.","type":"I","timestamp":"2012-04-12 18:32:37"},{"nodeID":"4481","text":"Sometimes organisms that are similar are not closely related","type":"I","timestamp":"2012-04-12 18:32:37"},{"nodeID":"4482","text":"If relation corresponds to similarity related animals are similar","type":"I","timestamp":"2012-04-12 18:32:37"},{"nodeID":"4483","text":"organisms that are on the surface very dissimilar (hyraxes and elephants cetaceans and hippos) are closely related","type":"I","timestamp":"2012-04-12 18:32:37"},{"nodeID":"4484","text":"If relation corresponds to similarity similar animals are related","type":"I","timestamp":"2012-04-12 18:32:37"},{"nodeID":"4485","text":"RA","type":"RA","timestamp":"2012-04-12 18:32:37"},{"nodeID":"4486","text":"RA","type":"RA","timestamp":"2012-04-12 18:32:37","scheme":"Example"},{"nodeID":"4487","text":"RA","type":"RA","timestamp":"2012-04-12 18:32:38","scheme":"Example"},{"nodeID":"4488","text":"RA","type":"RA","timestamp":"2012-04-12 18:32:38"},{"nodeID":"4489","text":"RA","type":"RA","timestamp":"2012-04-12 18:32:38"}],"edges":[{"edgeID":"4210","fromID":"4478","toID":"4485","formEdgeID":null},{"edgeID":"4211","fromID":"4485","toID":"4477","formEdgeID":null},{"edgeID":"4212","fromID":"4479","toID":"4486","formEdgeID":null},{"edgeID":"4213","fromID":"4486","toID":"4481","formEdgeID":null},{"edgeID":"4214","fromID":"4480","toID":"4487","formEdgeID":null},{"edgeID":"4215","fromID":"4487","toID":"4483","formEdgeID":null},{"edgeID":"4216","fromID":"4481","toID":"4488","formEdgeID":null},{"edgeID":"4217","fromID":"4482","toID":"4488","formEdgeID":null},{"edgeID":"4218","fromID":"4488","toID":"4478","formEdgeID":null},{"edgeID":"4219","fromID":"4483","toID":"4489","formEdgeID":null},{"edgeID":"4220","fromID":"4484","toID":"4489","formEdgeID":null},{"edgeID":"4221","fromID":"4489","toID":"4478","formEdgeID":null}]}