{"nodes":[{"nodeID":"1280","text":"The evidence shows there is no reasonable case for such exemptions","type":"I","timestamp":"2012-04-12 18:21:39"},{"nodeID":"1283","text":"The environmental laws already allow the Department of Defense to apply for exemptions on a case-by-case basis if they really need it","type":"I","timestamp":"2012-04-12 18:21:39"},{"nodeID":"1284","text":"the GAO and EPA Administrator Whitman have testified that environmental laws have not affected military readiness","type":"I","timestamp":"2012-04-12 18:21:39"},{"nodeID":"1285","text":"The GAO and EPA Administrator Whitman are experts","type":"I","timestamp":"2012-04-12 18:21:39"},{"nodeID":"2496","text":"It is plausible that the law applies in this case","type":"I","timestamp":"2012-04-12 18:26:04"},{"nodeID":"2497","text":"RA","type":"RA","timestamp":"2012-04-12 18:26:04","scheme":"ExceptionalCase"},{"nodeID":"2498","text":"RA","type":"RA","timestamp":"2012-04-12 18:26:04","scheme":"ExpertOpinion"}],"edges":[{"edgeID":"2406","fromID":"1283","toID":"2497","formEdgeID":null},{"edgeID":"2407","fromID":"1280","toID":"2497","formEdgeID":null},{"edgeID":"2408","fromID":"2497","toID":"2496","formEdgeID":null},{"edgeID":"2409","fromID":"1284","toID":"2498","formEdgeID":null},{"edgeID":"2410","fromID":"1285","toID":"2498","formEdgeID":null},{"edgeID":"2411","fromID":"2498","toID":"1280","formEdgeID":null}]}