{"nodes":[{"nodeID":"1374","text":"So the Tories amazingly can still make a difference","type":"I","timestamp":"2012-04-12 18:22:00"},{"nodeID":"1375","text":"But if fewer than 100 of the 125 Tories who backed Mr Blair had instead voted with Mr Clarke the Prime Minister would have lost","type":"I","timestamp":"2012-04-12 18:22:00"},{"nodeID":"1376","text":"RA","type":"RA","timestamp":"2012-04-12 18:22:00","scheme":"Example"}],"edges":[{"edgeID":"1272","fromID":"1375","toID":"1376","formEdgeID":null},{"edgeID":"1273","fromID":"1376","toID":"1374","formEdgeID":null}]}