{"nodes":[{"nodeID":"846","text":"While she had her own prawns in bounteous supply Mozambique would not have been able to pull off even the meeting without a little help from friends.","type":"I","timestamp":"2012-04-12 18:20:13"},{"nodeID":"2150","text":"South African airforce helicopters circled the port","type":"I","timestamp":"2012-04-12 18:24:51"},{"nodeID":"2151","text":"its naval vessels protected the waters","type":"I","timestamp":"2012-04-12 18:24:51"},{"nodeID":"2152","text":"South African sniffer dogs swept the spanking white convention centre (funded by the Chinese)","type":"I","timestamp":"2012-04-12 18:24:51"},{"nodeID":"2153","text":"South African firemen and other security kept the continent's governing elite safe.","type":"I","timestamp":"2012-04-12 18:24:51"},{"nodeID":"2154","text":"The help South Africa gave to Mozambique to organize the meeting was essential","type":"I","timestamp":"2012-04-12 18:24:51"},{"nodeID":"2155","text":"If the help has been essential for the meeting therefore without the help the meeting would not have been pull off.","type":"I","timestamp":"2012-04-12 18:24:51"},{"nodeID":"2156","text":"RA","type":"RA","timestamp":"2012-04-12 18:24:51","scheme":"Example"},{"nodeID":"2157","text":"RA","type":"RA","timestamp":"2012-04-12 18:24:51","scheme":"Example"},{"nodeID":"2158","text":"RA","type":"RA","timestamp":"2012-04-12 18:24:52","scheme":"Example"},{"nodeID":"2159","text":"RA","type":"RA","timestamp":"2012-04-12 18:24:52","scheme":"Example"},{"nodeID":"2160","text":"RA","type":"RA","timestamp":"2012-04-12 18:24:52"}],"edges":[{"edgeID":"2081","fromID":"2150","toID":"2156","formEdgeID":null},{"edgeID":"2082","fromID":"2156","toID":"2154","formEdgeID":null},{"edgeID":"2083","fromID":"2151","toID":"2157","formEdgeID":null},{"edgeID":"2084","fromID":"2157","toID":"2154","formEdgeID":null},{"edgeID":"2085","fromID":"2152","toID":"2158","formEdgeID":null},{"edgeID":"2086","fromID":"2158","toID":"2154","formEdgeID":null},{"edgeID":"2087","fromID":"2153","toID":"2159","formEdgeID":null},{"edgeID":"2088","fromID":"2159","toID":"2154","formEdgeID":null},{"edgeID":"2089","fromID":"2154","toID":"2160","formEdgeID":null},{"edgeID":"2090","fromID":"2155","toID":"2160","formEdgeID":null},{"edgeID":"2091","fromID":"2160","toID":"846","formEdgeID":null}]}