{"nodes":[{"nodeID":"2053","text":"Televising jury is negative under the point of view of labour rights","type":"I","timestamp":"2012-04-12 18:24:23"},{"nodeID":"2054","text":"do not perform a representational function","type":"I","timestamp":"2012-04-12 18:24:23"},{"nodeID":"2055","text":"Jurors are not government officials","type":"I","timestamp":"2012-04-12 18:24:23"},{"nodeID":"2056","text":"If jurors and government officials are similar they both perform a representational function","type":"I","timestamp":"2012-04-12 18:24:23"},{"nodeID":"2057","text":"RA","type":"RA","timestamp":"2012-04-12 18:24:23"},{"nodeID":"2058","text":"RA","type":"RA","timestamp":"2012-04-12 18:24:24","scheme":"Analogy"}],"edges":[{"edgeID":"1949","fromID":"2054","toID":"2057","formEdgeID":null},{"edgeID":"1950","fromID":"2057","toID":"2053","formEdgeID":null},{"edgeID":"1951","fromID":"2055","toID":"2058","formEdgeID":null},{"edgeID":"1952","fromID":"2056","toID":"2058","formEdgeID":null},{"edgeID":"1953","fromID":"2058","toID":"2054","formEdgeID":null}]}