{"nodes":[{"nodeID":"3893","text":"will involve further significant increases in the international development budget including at least  150 million for orphans and other vulnerable children especially in Africa","type":"I","timestamp":"2012-04-12 18:30:40"},{"nodeID":"3894","text":"We should help the orphans","type":"I","timestamp":"2012-04-12 18:30:40"},{"nodeID":"3895","text":"The best means to help orphans is to invest money on them","type":"I","timestamp":"2012-04-12 18:30:40"},{"nodeID":"3896","text":"We made that commitment because when we consulted on our call for action which we published in December last year one of the messages that came back very strongly was that people did not think that the world or indeed the UK were doing enough for orphans and vulnerable children","type":"I","timestamp":"2012-04-12 18:30:40"},{"nodeID":"3897","text":"The fact that people do not think that UK is doing enough for orphans is not positive for UK","type":"I","timestamp":"2012-04-12 18:30:40"},{"nodeID":"3898","text":"RA","type":"RA","timestamp":"2012-04-12 18:30:41","scheme":"PracticalReasoning"},{"nodeID":"3899","text":"RA","type":"RA","timestamp":"2012-04-12 18:30:41"}],"edges":[{"edgeID":"3676","fromID":"3894","toID":"3898","formEdgeID":null},{"edgeID":"3677","fromID":"3895","toID":"3898","formEdgeID":null},{"edgeID":"3678","fromID":"3898","toID":"3893","formEdgeID":null},{"edgeID":"3679","fromID":"3896","toID":"3899","formEdgeID":null},{"edgeID":"3680","fromID":"3897","toID":"3899","formEdgeID":null},{"edgeID":"3681","fromID":"3899","toID":"3894","formEdgeID":null}]}