{"nodes":[{"nodeID":"2352","text":"you can marry whom you like","type":"I","timestamp":"2012-04-12 18:25:34"},{"nodeID":"2353","text":"I am not married","type":"I","timestamp":"2012-04-12 18:25:35"},{"nodeID":"2354","text":"You are not  somebody else s wife not even a widow","type":"I","timestamp":"2012-04-12 18:25:35"},{"nodeID":"2355","text":"Only if a woman is somebody's else wife she is not allowed to marry a man","type":"I","timestamp":"2012-04-12 18:25:35"},{"nodeID":"2356","text":"I went to Canada ten years ago and while I was alone there I  met Captain MacNair and lived with him","type":"I","timestamp":"2012-04-12 18:25:35"},{"nodeID":"2357","text":"We were never married but I lived with him a  long time as his wife and called myself Mrs. MacNair...","type":"I","timestamp":"2012-04-12 18:25:35"},{"nodeID":"2358","text":"If a person lives with another without being married she is not married with this person","type":"I","timestamp":"2012-04-12 18:25:35"},{"nodeID":"2359","text":"RA","type":"RA","timestamp":"2012-04-12 18:25:35"},{"nodeID":"2360","text":"RA","type":"RA","timestamp":"2012-04-12 18:25:35"},{"nodeID":"2361","text":"RA","type":"RA","timestamp":"2012-04-12 18:25:36","scheme":"VerbalClassification"}],"edges":[{"edgeID":"2277","fromID":"2353","toID":"2359","formEdgeID":null},{"edgeID":"2278","fromID":"2359","toID":"2354","formEdgeID":null},{"edgeID":"2279","fromID":"2354","toID":"2360","formEdgeID":null},{"edgeID":"2280","fromID":"2355","toID":"2360","formEdgeID":null},{"edgeID":"2281","fromID":"2360","toID":"2352","formEdgeID":null},{"edgeID":"2282","fromID":"2356","toID":"2361","formEdgeID":null},{"edgeID":"2283","fromID":"2357","toID":"2361","formEdgeID":null},{"edgeID":"2284","fromID":"2358","toID":"2361","formEdgeID":null},{"edgeID":"2285","fromID":"2361","toID":"2353","formEdgeID":null}]}