{"nodes":[{"nodeID":"1421","text":"Sean must have already left the University","type":"I","timestamp":"2012-04-12 18:22:09"},{"nodeID":"1422","text":"If somebody has taken his car parked in the parking lot his car is not in the parking lot anymore","type":"I","timestamp":"2012-04-12 18:22:09"},{"nodeID":"1423","text":"When Sean leaves the University he takes his car","type":"I","timestamp":"2012-04-12 18:22:09"},{"nodeID":"1424","text":"Sean's car is not in the parking lot","type":"I","timestamp":"2012-04-12 18:22:09"},{"nodeID":"1425","text":"I can' t see his car in the parking lot","type":"I","timestamp":"2012-04-12 18:22:09"},{"nodeID":"1426","text":"Sean car was parked in the parking lot","type":"I","timestamp":"2012-04-12 18:22:09"},{"nodeID":"1427","text":"RA","type":"RA","timestamp":"2012-04-12 18:22:10"},{"nodeID":"1428","text":"RA","type":"RA","timestamp":"2012-04-12 18:22:10","scheme":"Ignorance"}],"edges":[{"edgeID":"1314","fromID":"1422","toID":"1427","formEdgeID":null},{"edgeID":"1315","fromID":"1423","toID":"1427","formEdgeID":null},{"edgeID":"1316","fromID":"1424","toID":"1427","formEdgeID":null},{"edgeID":"1317","fromID":"1427","toID":"1421","formEdgeID":null},{"edgeID":"1318","fromID":"1425","toID":"1428","formEdgeID":null},{"edgeID":"1319","fromID":"1426","toID":"1428","formEdgeID":null},{"edgeID":"1320","fromID":"1428","toID":"1424","formEdgeID":null}]}