{"nodes":[{"nodeID":"297","text":"If it were not for the timely intervention and the numbing of the terrorists by the gas all 800+ hostages would be dead.","type":"I","timestamp":"2012-04-12 18:18:29"},{"nodeID":"1492","text":"the use of the gas was clearly the right decision","type":"I","timestamp":"2012-04-12 18:22:24"},{"nodeID":"1493","text":"Either the forces used the gas or they would have not intervened","type":"I","timestamp":"2012-04-12 18:22:24"},{"nodeID":"1494","text":"RA","type":"RA","timestamp":"2012-04-12 18:22:24"}],"edges":[{"edgeID":"1383","fromID":"297","toID":"1494","formEdgeID":null},{"edgeID":"1384","fromID":"1493","toID":"1494","formEdgeID":null},{"edgeID":"1385","fromID":"1494","toID":"1492","formEdgeID":null}]}