{"nodes":[{"nodeID":"454","text":"The issue of the compatibility or incompatibility of that section with article 10 is therefore moot so far as the claimants are concerned","type":"I","timestamp":"2012-04-12 18:19:00"},{"nodeID":"455","text":"The claimants have published articles supporting a transition to a republic and even though Mr Rusbridger specifically drew the articles to the attention of the Attorney-General they have not been prosecuted.","type":"I","timestamp":"2012-04-12 18:19:00"},{"nodeID":"456","text":"They want to publish similar articles in the future and if they do so they will not be prosecuted then either.","type":"I","timestamp":"2012-04-12 18:19:00"},{"nodeID":"457","text":"Their decisions as to whether or not to publish such articles are not affected in any way by the existence of section 3.","type":"I","timestamp":"2012-04-12 18:19:00"},{"nodeID":"458","text":"If they have published articles supporting a transition to a republic while this is known to the Attorney General will do so in the future without being prosecuted and if their decisions as to whether to publish articles are not affected by the existence of section 3 then the issue of the compatibility or incompatibility of section 3 with article 10 is moot so far as the claimants are concerned.","type":"I","timestamp":"2012-04-12 18:19:00"},{"nodeID":"459","text":"RA","type":"RA","timestamp":"2012-04-12 18:19:00"}],"edges":[{"edgeID":"422","fromID":"455","toID":"459","formEdgeID":null},{"edgeID":"423","fromID":"456","toID":"459","formEdgeID":null},{"edgeID":"424","fromID":"457","toID":"459","formEdgeID":null},{"edgeID":"425","fromID":"458","toID":"459","formEdgeID":null},{"edgeID":"426","fromID":"459","toID":"454","formEdgeID":null}]}