{"nodes":[{"nodeID":"3368","text":"This is a great injustice","type":"I","timestamp":"2012-04-12 18:28:54"},{"nodeID":"3369","text":"These broken fragments of men who have only pieces of flesh remaining get the same amount of food as the prisoners who are entirely sound.","type":"I","timestamp":"2012-04-12 18:28:54"},{"nodeID":"3370","text":"A sound man is much more than a fragment of man","type":"I","timestamp":"2012-04-12 18:28:54"},{"nodeID":"3371","text":"RA","type":"RA","timestamp":"2012-04-12 18:28:54"}],"edges":[{"edgeID":"3210","fromID":"3369","toID":"3371","formEdgeID":null},{"edgeID":"3211","fromID":"3370","toID":"3371","formEdgeID":null},{"edgeID":"3212","fromID":"3371","toID":"3368","formEdgeID":null}]}