{"nodes":[{"nodeID":"323","text":"a long term prison sentence with hard labour would have been more appropriate","type":"I","timestamp":"2012-04-12 18:18:34"},{"nodeID":"324","text":"His death will be quick and humane unlike the lifetime of suffering yet to be endured by the relatives of his victims.","type":"I","timestamp":"2012-04-12 18:18:34"},{"nodeID":"325","text":"If his death will be quick and humane and the suffering of the relatives of his victims will not be quick and humane then in these circumstances a long-term prison sentence with hard labour would have been more appropriate","type":"I","timestamp":"2012-04-12 18:18:34"},{"nodeID":"326","text":"RA","type":"RA","timestamp":"2012-04-12 18:18:34"}],"edges":[{"edgeID":"307","fromID":"324","toID":"326","formEdgeID":null},{"edgeID":"308","fromID":"325","toID":"326","formEdgeID":null},{"edgeID":"309","fromID":"326","toID":"323","formEdgeID":null}]}