{"nodes":[{"nodeID":"2665","text":"You should obey the orders","type":"I","timestamp":"2012-04-12 18:26:39"},{"nodeID":"2666","text":"Do not destroy oil wells a source of wealth that belongs to the Iraqi people.","type":"I","timestamp":"2012-04-12 18:26:39"},{"nodeID":"2667","text":"Do not obey any command to use weapons of mass destruction against anyone including the Iraqi people","type":"I","timestamp":"2012-04-12 18:26:39"},{"nodeID":"2668","text":"War crimes will be prosecuted. War criminals will be punished.","type":"I","timestamp":"2012-04-12 18:26:39"},{"nodeID":"2669","text":"And it will be no defense to say  I was just following orders.","type":"I","timestamp":"2012-04-12 18:26:39"},{"nodeID":"2670","text":"RA","type":"RA","timestamp":"2012-04-12 18:26:39"}],"edges":[{"edgeID":"2568","fromID":"2666","toID":"2670","formEdgeID":null},{"edgeID":"2569","fromID":"2667","toID":"2670","formEdgeID":null},{"edgeID":"2570","fromID":"2668","toID":"2670","formEdgeID":null},{"edgeID":"2571","fromID":"2669","toID":"2670","formEdgeID":null},{"edgeID":"2572","fromID":"2670","toID":"2665","formEdgeID":null}]}