{"nodes":[{"nodeID":"2279","text":"Call it what you like boys and girls but censorship is censorship.","type":"I","timestamp":"2012-04-12 18:25:19"},{"nodeID":"2280","text":"No Nazi book burning was ever more effective than the university s proposed  Approved Exhibit  list.","type":"I","timestamp":"2012-04-12 18:25:19"},{"nodeID":"2281","text":"Nazi book burning is similar to the University's approved list under the point of view of limitation of freedom of expression","type":"I","timestamp":"2012-04-12 18:25:19"},{"nodeID":"2282","text":"Nazi book burning is censorship","type":"I","timestamp":"2012-04-12 18:25:19"},{"nodeID":"2283","text":"RA","type":"RA","timestamp":"2012-04-12 18:25:19","scheme":"Analogy"}],"edges":[{"edgeID":"2211","fromID":"2280","toID":"2283","formEdgeID":null},{"edgeID":"2212","fromID":"2281","toID":"2283","formEdgeID":null},{"edgeID":"2213","fromID":"2282","toID":"2283","formEdgeID":null},{"edgeID":"2214","fromID":"2283","toID":"2279","formEdgeID":null}]}