{"nodes":[{"nodeID":"5048","text":"divine command morality is not destructive of morality","type":"I","timestamp":"2012-04-12 18:34:32"},{"nodeID":"5049","text":"God's commands are stable and steadfast.","type":"I","timestamp":"2012-04-12 18:34:32"},{"nodeID":"5050","text":"If God's commands are stable morality can exist","type":"I","timestamp":"2012-04-12 18:34:32"},{"nodeID":"5051","text":"The case of Abraham and Isaac is the exception which proves the rule.","type":"I","timestamp":"2012-04-12 18:34:32"},{"nodeID":"5052","text":"If something is an exception it is an exceptional infringement to the rule","type":"I","timestamp":"2012-04-12 18:34:32"},{"nodeID":"5053","text":"if there is no God then everything is relative and we have completely lost our moral compass","type":"I","timestamp":"2012-04-12 18:34:32"},{"nodeID":"5054","text":"All things are permitted","type":"I","timestamp":"2012-04-12 18:34:32"},{"nodeID":"5055","text":"RA","type":"RA","timestamp":"2012-04-12 18:34:32"},{"nodeID":"5056","text":"RA","type":"RA","timestamp":"2012-04-12 18:34:33","scheme":"VerbalClassification"},{"nodeID":"5057","text":"RA","type":"RA","timestamp":"2012-04-12 18:34:33"}],"edges":[{"edgeID":"4738","fromID":"5049","toID":"5055","formEdgeID":null},{"edgeID":"4739","fromID":"5050","toID":"5055","formEdgeID":null},{"edgeID":"4740","fromID":"5055","toID":"5048","formEdgeID":null},{"edgeID":"4741","fromID":"5051","toID":"5056","formEdgeID":null},{"edgeID":"4742","fromID":"5052","toID":"5056","formEdgeID":null},{"edgeID":"4743","fromID":"5056","toID":"5049","formEdgeID":null},{"edgeID":"4744","fromID":"5053","toID":"5057","formEdgeID":null},{"edgeID":"4745","fromID":"5054","toID":"5057","formEdgeID":null},{"edgeID":"4746","fromID":"5057","toID":"5049","formEdgeID":null}]}