{"nodes":[{"nodeID":"3351","text":"I thought that calumny was something too ignoble and black to put in the mouth of a princess","type":"I","timestamp":"2012-04-12 18:28:51"},{"nodeID":"3352","text":"who otherwise displays such noble and virtuous sentiments.","type":"I","timestamp":"2012-04-12 18:28:51"},{"nodeID":"3353","text":"Phaedra is a princess","type":"I","timestamp":"2012-04-12 18:28:51"},{"nodeID":"3354","text":"If Phaedra is a princess Phaedra will have noble and virtuous sentiments","type":"I","timestamp":"2012-04-12 18:28:51"},{"nodeID":"3355","text":"RA","type":"RA","timestamp":"2012-04-12 18:28:51"}],"edges":[{"edgeID":"3197","fromID":"3352","toID":"3355","formEdgeID":null},{"edgeID":"3198","fromID":"3353","toID":"3355","formEdgeID":null},{"edgeID":"3199","fromID":"3354","toID":"3355","formEdgeID":null},{"edgeID":"3200","fromID":"3355","toID":"3351","formEdgeID":null}]}