{"nodes":[{"nodeID":"540","text":"it is the young who are the most enthused by the new device.","type":"I","timestamp":"2012-04-12 18:19:15"},{"nodeID":"541","text":"They know that in today's world the cellphone has the potential of transforming not just inter-personal communication but business and professional prospects.","type":"I","timestamp":"2012-04-12 18:19:15"},{"nodeID":"1775","text":"ordinary people who wish nothing more than to lead productive lives after years of existing in the penumbra of the battle-zone.","type":"I","timestamp":"2012-04-12 18:23:23"},{"nodeID":"1776","text":"It is expecially the joung that wants to transform his life","type":"I","timestamp":"2012-04-12 18:23:23"},{"nodeID":"1777","text":"RA","type":"RA","timestamp":"2012-04-12 18:23:23","scheme":"PracticalReasoning"}],"edges":[{"edgeID":"1663","fromID":"541","toID":"1777","formEdgeID":null},{"edgeID":"1664","fromID":"1775","toID":"1777","formEdgeID":null},{"edgeID":"1665","fromID":"1776","toID":"1777","formEdgeID":null},{"edgeID":"1666","fromID":"1777","toID":"540","formEdgeID":null}]}