{"nodes":[{"nodeID":"2569","text":"The derivative estimates should be created","type":"I","timestamp":"2012-04-12 18:26:19"},{"nodeID":"2570","text":"He advocated the creation of new derivative estimates that would allow investors to bet for or against the future earnings performance of individual stocks.","type":"I","timestamp":"2012-04-12 18:26:19"},{"nodeID":"2571","text":"Such a contract for example might pay off if a company meets or exceeds the consensus earnings forecast but be worthless if it does not.","type":"I","timestamp":"2012-04-12 18:26:19"},{"nodeID":"2572","text":"Trading in these contracts he suggested would tend to eliminate valuation inefficiencies through the arbitrage process.","type":"I","timestamp":"2012-04-12 18:26:19"},{"nodeID":"2573","text":"Howard W. Lutnick Chairman and Chief Executive Officer Cantor Fitzgerald LP USA predicted that investors will increasingly look to the debt markets for signals   such as the pricing of default risk   that can help them evaluate equity prices.","type":"I","timestamp":"2012-04-12 18:26:19"},{"nodeID":"2574","text":"The goal is to meet the investors' exigence and interests","type":"I","timestamp":"2012-04-12 18:26:19"},{"nodeID":"2575","text":"If the investors' interests are oriented to the debt market the best means to comply with the new interest is the creation of new derivative estimates","type":"I","timestamp":"2012-04-12 18:26:19"},{"nodeID":"2576","text":"RA","type":"RA","timestamp":"2012-04-12 18:26:19"},{"nodeID":"2577","text":"RA","type":"RA","timestamp":"2012-04-12 18:26:19","scheme":"PracticalReasoning"}],"edges":[{"edgeID":"2474","fromID":"2570","toID":"2576","formEdgeID":null},{"edgeID":"2475","fromID":"2571","toID":"2576","formEdgeID":null},{"edgeID":"2476","fromID":"2572","toID":"2576","formEdgeID":null},{"edgeID":"2477","fromID":"2576","toID":"2569","formEdgeID":null},{"edgeID":"2478","fromID":"2573","toID":"2577","formEdgeID":null},{"edgeID":"2479","fromID":"2574","toID":"2577","formEdgeID":null},{"edgeID":"2480","fromID":"2575","toID":"2577","formEdgeID":null},{"edgeID":"2481","fromID":"2577","toID":"2570","formEdgeID":null}]}