{"nodes":[{"nodeID":"3871","text":"Through this whole thing we have heard Tony Blair and co speak about how they will not talk to terrorists.","type":"I","timestamp":"2012-04-12 18:30:36"},{"nodeID":"3875","text":"Blair is using a double standard as for terrorists","type":"I","timestamp":"2012-04-12 18:30:37"},{"nodeID":"3876","text":"how come they have been talking to terrorists in the form of the IRA","type":"I","timestamp":"2012-04-12 18:30:37"},{"nodeID":"3877","text":"RA","type":"RA","timestamp":"2012-04-12 18:30:37"}],"edges":[{"edgeID":"3659","fromID":"3871","toID":"3877","formEdgeID":null},{"edgeID":"3660","fromID":"3876","toID":"3877","formEdgeID":null},{"edgeID":"3661","fromID":"3877","toID":"3875","formEdgeID":null}]}