{"nodes":[{"nodeID":"1934","text":"God exists","type":"I","timestamp":"2012-04-12 18:23:58"},{"nodeID":"4016","text":"we all know it","type":"I","timestamp":"2012-04-12 18:31:05"},{"nodeID":"4017","text":"There's no more reason to deny the objective existence of moral values than to deny the objective reality of the physical world.","type":"I","timestamp":"2012-04-12 18:31:05"},{"nodeID":"4018","text":"Actions like rape torture and child abuse aren't just socially unacceptable behavior. They're moral abominations.","type":"I","timestamp":"2012-04-12 18:31:05"},{"nodeID":"4019","text":"Even Ruse himself admits  The man who says that it is morally acceptable to rape little children is just as mistaken as the man who says two plus two equals five.","type":"I","timestamp":"2012-04-12 18:31:06"},{"nodeID":"4020","text":"objective values cannot exist without God","type":"I","timestamp":"2012-04-12 18:31:06"},{"nodeID":"4021","text":"objective moral values do exist","type":"I","timestamp":"2012-04-12 18:31:06"},{"nodeID":"4022","text":"RA","type":"RA","timestamp":"2012-04-12 18:31:06"},{"nodeID":"4023","text":"RA","type":"RA","timestamp":"2012-04-12 18:31:06","scheme":"Ignorance"},{"nodeID":"4024","text":"RA","type":"RA","timestamp":"2012-04-12 18:31:06","scheme":"Example"},{"nodeID":"4025","text":"RA","type":"RA","timestamp":"2012-04-12 18:31:07","scheme":"ExpertOpinion"},{"nodeID":"4026","text":"RA","type":"RA","timestamp":"2012-04-12 18:31:07","scheme":"Sign"}],"edges":[{"edgeID":"3785","fromID":"4016","toID":"4022","formEdgeID":null},{"edgeID":"3786","fromID":"4022","toID":"4021","formEdgeID":null},{"edgeID":"3787","fromID":"4017","toID":"4023","formEdgeID":null},{"edgeID":"3788","fromID":"4023","toID":"4021","formEdgeID":null},{"edgeID":"3789","fromID":"4018","toID":"4024","formEdgeID":null},{"edgeID":"3790","fromID":"4024","toID":"4017","formEdgeID":null},{"edgeID":"3791","fromID":"4019","toID":"4025","formEdgeID":null},{"edgeID":"3792","fromID":"4025","toID":"4018","formEdgeID":null},{"edgeID":"3793","fromID":"4020","toID":"4026","formEdgeID":null},{"edgeID":"3794","fromID":"4021","toID":"4026","formEdgeID":null},{"edgeID":"3795","fromID":"4026","toID":"1934","formEdgeID":null}]}