{"nodes":[{"nodeID":"3959","text":"It is not at all necessary to give James 10 dollars allowance","type":"I","timestamp":"2012-04-12 18:30:53"},{"nodeID":"3960","text":"his brother always get just 5 dollars a week","type":"I","timestamp":"2012-04-12 18:30:53"},{"nodeID":"3961","text":"The two children are similar under the point of view of their parents' treatment","type":"I","timestamp":"2012-04-12 18:30:53"},{"nodeID":"3962","text":"RA","type":"RA","timestamp":"2012-04-12 18:30:53"}],"edges":[{"edgeID":"3734","fromID":"3960","toID":"3962","formEdgeID":null},{"edgeID":"3735","fromID":"3961","toID":"3962","formEdgeID":null},{"edgeID":"3736","fromID":"3962","toID":"3959","formEdgeID":null}]}