{"nodes":[{"nodeID":"2362","text":"The protection of Israel is not the best explanation of the war","type":"I","timestamp":"2012-04-12 18:25:37"},{"nodeID":"2363","text":"most experts agreed that Iran was closer to being a nuclear threat to Israel than Iraq","type":"I","timestamp":"2012-04-12 18:25:37"},{"nodeID":"2364","text":"Syria was a bigger conventional threat than Saddam s regime because of its contiguous border with the Jewish state.","type":"I","timestamp":"2012-04-12 18:25:37"},{"nodeID":"2365","text":"Some have alleged the war was a neo-conservative plan to take out a potential enemy of Israel.","type":"I","timestamp":"2012-04-12 18:25:37"},{"nodeID":"2366","text":"Only if the explanation given actually explains the phenomenon it can be considered the best explanation","type":"I","timestamp":"2012-04-12 18:25:37"},{"nodeID":"2367","text":"There was no need of a war against Iraq in order to protect and guarantee the existence of Israel","type":"I","timestamp":"2012-04-12 18:25:37"},{"nodeID":"2368","text":"The goal is to protect Israel against its biggest existential threat","type":"I","timestamp":"2012-04-12 18:25:37"},{"nodeID":"2369","text":"The best means to protect it is to attack its biggest threat","type":"I","timestamp":"2012-04-12 18:25:37"},{"nodeID":"2370","text":"Israel is now relatively secure from existential threats.","type":"I","timestamp":"2012-04-12 18:25:37"},{"nodeID":"2371","text":"Iraq was not the bigger threat for Israel","type":"I","timestamp":"2012-04-12 18:25:37"},{"nodeID":"2372","text":"making peace with the most menacing Arab nation-Egypt","type":"I","timestamp":"2012-04-12 18:25:37"},{"nodeID":"2373","text":"If a nation makes peace with its most menacing enemy the nation is relatively secure","type":"I","timestamp":"2012-04-12 18:25:37"},{"nodeID":"2374","text":"Israel is extremely powerful under the military point of view","type":"I","timestamp":"2012-04-12 18:25:37"},{"nodeID":"2375","text":"If a nation is military powerful deters the other nations from attacking it","type":"I","timestamp":"2012-04-12 18:25:38"},{"nodeID":"2376","text":"purportedly possessing hundreds of nuclear weapons","type":"I","timestamp":"2012-04-12 18:25:38"},{"nodeID":"2377","text":"The proportion between the arms potential and the military force is similar","type":"I","timestamp":"2012-04-12 18:25:38"},{"nodeID":"2378","text":"RA","type":"RA","timestamp":"2012-04-12 18:25:38","scheme":"VerbalClassification"},{"nodeID":"2379","text":"RA","type":"RA","timestamp":"2012-04-12 18:25:38","scheme":"VerbalClassification"},{"nodeID":"2380","text":"RA","type":"RA","timestamp":"2012-04-12 18:25:38"},{"nodeID":"2381","text":"RA","type":"RA","timestamp":"2012-04-12 18:25:39","scheme":"PracticalReasoning"},{"nodeID":"2382","text":"RA","type":"RA","timestamp":"2012-04-12 18:25:39","scheme":"CauseToEffect"},{"nodeID":"2383","text":"RA","type":"RA","timestamp":"2012-04-12 18:25:40"},{"nodeID":"2384","text":"RA","type":"RA","timestamp":"2012-04-12 18:25:40","scheme":"Analogy"}],"edges":[{"edgeID":"2286","fromID":"2363","toID":"2378","formEdgeID":null},{"edgeID":"2287","fromID":"2378","toID":"2371","formEdgeID":null},{"edgeID":"2288","fromID":"2364","toID":"2379","formEdgeID":null},{"edgeID":"2289","fromID":"2379","toID":"2371","formEdgeID":null},{"edgeID":"2290","fromID":"2365","toID":"2380","formEdgeID":null},{"edgeID":"2291","fromID":"2366","toID":"2380","formEdgeID":null},{"edgeID":"2292","fromID":"2367","toID":"2380","formEdgeID":null},{"edgeID":"2293","fromID":"2380","toID":"2362","formEdgeID":null},{"edgeID":"2294","fromID":"2368","toID":"2381","formEdgeID":null},{"edgeID":"2295","fromID":"2369","toID":"2381","formEdgeID":null},{"edgeID":"2296","fromID":"2370","toID":"2381","formEdgeID":null},{"edgeID":"2297","fromID":"2371","toID":"2381","formEdgeID":null},{"edgeID":"2298","fromID":"2381","toID":"2367","formEdgeID":null},{"edgeID":"2299","fromID":"2372","toID":"2382","formEdgeID":null},{"edgeID":"2300","fromID":"2373","toID":"2382","formEdgeID":null},{"edgeID":"2301","fromID":"2382","toID":"2370","formEdgeID":null},{"edgeID":"2302","fromID":"2374","toID":"2383","formEdgeID":null},{"edgeID":"2303","fromID":"2375","toID":"2383","formEdgeID":null},{"edgeID":"2304","fromID":"2383","toID":"2370","formEdgeID":null},{"edgeID":"2305","fromID":"2376","toID":"2384","formEdgeID":null},{"edgeID":"2306","fromID":"2377","toID":"2384","formEdgeID":null},{"edgeID":"2307","fromID":"2384","toID":"2374","formEdgeID":null}]}