{"nodes":[{"nodeID":"4606","text":"They should not be introduced to our modern medicine","type":"I","timestamp":"2012-04-12 18:33:03"},{"nodeID":"4607","text":"We think that it will disrupt the environmental balance around them if they are introduced to our modern medicine.","type":"I","timestamp":"2012-04-12 18:33:03"},{"nodeID":"4608","text":"The disruption of the environmental balance is negative","type":"I","timestamp":"2012-04-12 18:33:03"},{"nodeID":"4609","text":"RA","type":"RA","timestamp":"2012-04-12 18:33:03"}],"edges":[{"edgeID":"4331","fromID":"4607","toID":"4609","formEdgeID":null},{"edgeID":"4332","fromID":"4608","toID":"4609","formEdgeID":null},{"edgeID":"4333","fromID":"4609","toID":"4606","formEdgeID":null}]}