{"nodes":[{"nodeID":"3910","text":"Surely that means to be fair I think the Secretary of State said this that although Africa is the worst affected area at the moment and thus the natural primary focus of our efforts there is compelling evidence that future programmes must be designed to arrest a potential massive explosion of HIV\/AIDS elsewhere as well.","type":"I","timestamp":"2012-04-12 18:30:44"},{"nodeID":"3911","text":"The death of millions of people is terrible","type":"I","timestamp":"2012-04-12 18:30:44"},{"nodeID":"3912","text":"However if India's rate of infection were to rise to a mere in comparative terms 5 per cent. not only would millions more Indians be condemned to death but so could millions of their neighbours","type":"I","timestamp":"2012-04-12 18:30:44"},{"nodeID":"3913","text":"We can stop this process by investing money in India as well","type":"I","timestamp":"2012-04-12 18:30:44"},{"nodeID":"3914","text":"India's population alone is far bigger than Africa's.","type":"I","timestamp":"2012-04-12 18:30:44"},{"nodeID":"3915","text":"If the disease were to spread to Bangladesh Nepal and Pakistan we would face a regional epidemic affecting more than a quarter of those alive in the world today.","type":"I","timestamp":"2012-04-12 18:30:44"},{"nodeID":"3916","text":"RA","type":"RA","timestamp":"2012-04-12 18:30:44"},{"nodeID":"3917","text":"RA","type":"RA","timestamp":"2012-04-12 18:30:44","scheme":"CauseToEffect"}],"edges":[{"edgeID":"3691","fromID":"3911","toID":"3916","formEdgeID":null},{"edgeID":"3692","fromID":"3912","toID":"3916","formEdgeID":null},{"edgeID":"3693","fromID":"3913","toID":"3916","formEdgeID":null},{"edgeID":"3694","fromID":"3916","toID":"3910","formEdgeID":null},{"edgeID":"3695","fromID":"3914","toID":"3917","formEdgeID":null},{"edgeID":"3696","fromID":"3915","toID":"3917","formEdgeID":null},{"edgeID":"3697","fromID":"3917","toID":"3912","formEdgeID":null}]}