{"nodes":[{"nodeID":"2595","text":"We should intervene","type":"I","timestamp":"2012-04-12 18:26:24"},{"nodeID":"2596","text":"This regime has already used weapons of mass destruction against Iraq's neighbors and against Iraq's people.","type":"I","timestamp":"2012-04-12 18:26:25"},{"nodeID":"2597","text":"The regime has a history of reckless aggression in the Middle East.","type":"I","timestamp":"2012-04-12 18:26:25"},{"nodeID":"2598","text":"The danger is clear: using chemical biological or one day nuclear weapons obtained with the help of Iraq the terrorists could fulfill their stated ambitions and kill thousands or hundreds of thousands of innocent people in our country or any other.","type":"I","timestamp":"2012-04-12 18:26:25"},{"nodeID":"2599","text":"If we do not intervene Iraq will attack us","type":"I","timestamp":"2012-04-12 18:26:25"},{"nodeID":"2600","text":"Intelligence gathered by this and other governments leaves no doubt that the Iraq regime continues to possess and conceal some of the most lethal weapons ever devised","type":"I","timestamp":"2012-04-12 18:26:25"},{"nodeID":"2601","text":"If a nation wants to attack other countries it produces weapons","type":"I","timestamp":"2012-04-12 18:26:25"},{"nodeID":"2602","text":"It has a deep hatred of America and our friends","type":"I","timestamp":"2012-04-12 18:26:25"},{"nodeID":"2603","text":"Hatred is one of the possible causes of war","type":"I","timestamp":"2012-04-12 18:26:25"},{"nodeID":"2604","text":"And it has aided trained and harbored terrorists including operatives of al Qaeda.","type":"I","timestamp":"2012-04-12 18:26:25"},{"nodeID":"2605","text":"Harboring and helping terrorists is an example of the Iraq's tactic of using terrorism as a weapon to attack other countries","type":"I","timestamp":"2012-04-12 18:26:25"},{"nodeID":"2606","text":"RA","type":"RA","timestamp":"2012-04-12 18:26:25","scheme":"Analogy"},{"nodeID":"2607","text":"RA","type":"RA","timestamp":"2012-04-12 18:26:25","scheme":"Analogy"},{"nodeID":"2608","text":"RA","type":"RA","timestamp":"2012-04-12 18:26:26"},{"nodeID":"2609","text":"RA","type":"RA","timestamp":"2012-04-12 18:26:26","scheme":"Sign"},{"nodeID":"2610","text":"RA","type":"RA","timestamp":"2012-04-12 18:26:26","scheme":"CauseToEffect"},{"nodeID":"2611","text":"RA","type":"RA","timestamp":"2012-04-12 18:26:27","scheme":"Example"}],"edges":[{"edgeID":"2500","fromID":"2596","toID":"2606","formEdgeID":null},{"edgeID":"2501","fromID":"2606","toID":"2598","formEdgeID":null},{"edgeID":"2502","fromID":"2597","toID":"2607","formEdgeID":null},{"edgeID":"2503","fromID":"2607","toID":"2598","formEdgeID":null},{"edgeID":"2504","fromID":"2598","toID":"2608","formEdgeID":null},{"edgeID":"2505","fromID":"2599","toID":"2608","formEdgeID":null},{"edgeID":"2506","fromID":"2608","toID":"2595","formEdgeID":null},{"edgeID":"2507","fromID":"2600","toID":"2609","formEdgeID":null},{"edgeID":"2508","fromID":"2601","toID":"2609","formEdgeID":null},{"edgeID":"2509","fromID":"2609","toID":"2598","formEdgeID":null},{"edgeID":"2510","fromID":"2602","toID":"2610","formEdgeID":null},{"edgeID":"2511","fromID":"2603","toID":"2610","formEdgeID":null},{"edgeID":"2512","fromID":"2610","toID":"2598","formEdgeID":null},{"edgeID":"2513","fromID":"2604","toID":"2611","formEdgeID":null},{"edgeID":"2514","fromID":"2605","toID":"2611","formEdgeID":null},{"edgeID":"2515","fromID":"2611","toID":"2598","formEdgeID":null}]}