{"nodes":[{"nodeID":"3844","text":"Bush\/Blair are too quick to condemn ''acts of terror''","type":"I","timestamp":"2012-04-12 18:30:31"},{"nodeID":"3845","text":"Shock and Awe was a bigger and more lethal terror attack on Iraqi and their sovereignty","type":"I","timestamp":"2012-04-12 18:30:31"},{"nodeID":"3846","text":"Shock and Awe was an act of terror comparable to the terrorist attacks","type":"I","timestamp":"2012-04-12 18:30:31"},{"nodeID":"3847","text":"RA","type":"RA","timestamp":"2012-04-12 18:30:31"}],"edges":[{"edgeID":"3632","fromID":"3845","toID":"3847","formEdgeID":null},{"edgeID":"3633","fromID":"3846","toID":"3847","formEdgeID":null},{"edgeID":"3634","fromID":"3847","toID":"3844","formEdgeID":null}]}