{"nodes":[{"nodeID":"1939","text":"In the case of the universe as opposed to the lottery the outcome is specified and that's what makes the difference.","type":"I","timestamp":"2012-04-12 18:23:59"},{"nodeID":"2184","text":"there has to be some universe","type":"I","timestamp":"2012-04-12 18:24:58"},{"nodeID":"2185","text":"I don't think this is analogous at all to what I'm saying","type":"I","timestamp":"2012-04-12 18:24:58"},{"nodeID":"2186","text":"Look it's improbable that anybody would win a lottery but somebody has to win.","type":"I","timestamp":"2012-04-12 18:24:58"},{"nodeID":"2187","text":"any universe is improbable","type":"I","timestamp":"2012-04-12 18:24:59"},{"nodeID":"2188","text":"CA","type":"CA","timestamp":"2012-04-12 18:24:59"},{"nodeID":"2189","text":"CA","type":"CA","timestamp":"2012-04-12 18:24:59"},{"nodeID":"2190","text":"RA","type":"RA","timestamp":"2012-04-12 18:24:59","scheme":"Analogy"}],"edges":[{"edgeID":"2114","fromID":"2185","toID":"2188","formEdgeID":null},{"edgeID":"2115","fromID":"2188","toID":"2184","formEdgeID":null},{"edgeID":"2116","fromID":"1939","toID":"2189","formEdgeID":null},{"edgeID":"2117","fromID":"2189","toID":"2187","formEdgeID":null},{"edgeID":"2118","fromID":"2186","toID":"2190","formEdgeID":null},{"edgeID":"2119","fromID":"2187","toID":"2190","formEdgeID":null},{"edgeID":"2120","fromID":"2190","toID":"2184","formEdgeID":null}]}