{"nodes":[{"nodeID":"937","text":"40 per cent. of entrants to Bristol university come from private schools","type":"I","timestamp":"2012-04-12 18:20:30"},{"nodeID":"1514","text":"it strikes me as difficult to accuse Bristol of positive discrimination against students from such schools.","type":"I","timestamp":"2012-04-12 18:22:28"},{"nodeID":"1515","text":"If the University discriminates against students from private schools it risks losing many applications and money","type":"I","timestamp":"2012-04-12 18:22:28"},{"nodeID":"1516","text":"RA","type":"RA","timestamp":"2012-04-12 18:22:28"}],"edges":[{"edgeID":"1403","fromID":"937","toID":"1516","formEdgeID":null},{"edgeID":"1404","fromID":"1515","toID":"1516","formEdgeID":null},{"edgeID":"1405","fromID":"1516","toID":"1514","formEdgeID":null}]}