{"nodes":[{"nodeID":"1668","text":"it is rational to believe in the resurrection","type":"I","timestamp":"2012-04-12 18:23:00"},{"nodeID":"1669","text":"I would still be rational on the basis of my experience to believe in the resurrection even if I didn't have the chance to look at the evidence for it.","type":"I","timestamp":"2012-04-12 18:23:00"},{"nodeID":"1670","text":"I think this is perfectly rational. On the basis of my experience of Christ as a living reality today I know he's risen from the dead. And that would be true even if I lived say in Kyrgyzstan where I never had the opportunity to look at the historical evidence for the resurrection of Jesus and I never had a New Testament and I only heard a missionary broadcast on a short-wave radio","type":"I","timestamp":"2012-04-12 18:23:00"},{"nodeID":"1671","text":"God can be immediately known and experienced Christ can be immediately known and experienced in your life today and that is true even if you've never had the chance to examine the evidence","type":"I","timestamp":"2012-04-12 18:23:00"},{"nodeID":"1672","text":"Suppose you are accused of a crime that you know you didn't commit and all the evidence stands against you. Are you obliged to believe that you're guilty because the evidence stands against you? Not at all; you know better","type":"I","timestamp":"2012-04-12 18:23:00"},{"nodeID":"1673","text":"You know you're innocent even if others think that you may be guilty","type":"I","timestamp":"2012-04-12 18:23:00"},{"nodeID":"1674","text":"Similarly for the person who has an immediate experience of God such as I described in my sixth argument who knows God as a personal living reality in his life such a person can know that God exists even if he's not a philosopher and doesn't understand all of these arguments and so forth.","type":"I","timestamp":"2012-04-12 18:23:00"},{"nodeID":"1675","text":"RA","type":"RA","timestamp":"2012-04-12 18:23:01","scheme":"PositionToKnow"},{"nodeID":"1676","text":"RA","type":"RA","timestamp":"2012-04-12 18:23:01","scheme":"Analogy"}],"edges":[{"edgeID":"1552","fromID":"1669","toID":"1675","formEdgeID":null},{"edgeID":"1553","fromID":"1670","toID":"1675","formEdgeID":null},{"edgeID":"1554","fromID":"1671","toID":"1675","formEdgeID":null},{"edgeID":"1555","fromID":"1675","toID":"1668","formEdgeID":null},{"edgeID":"1556","fromID":"1672","toID":"1676","formEdgeID":null},{"edgeID":"1557","fromID":"1673","toID":"1676","formEdgeID":null},{"edgeID":"1558","fromID":"1674","toID":"1676","formEdgeID":null},{"edgeID":"1559","fromID":"1676","toID":"1671","formEdgeID":null}]}