{"nodes":[{"nodeID":"2740","text":"They should not dare to strike us","type":"I","timestamp":"2012-04-12 18:26:53"},{"nodeID":"2741","text":"If our enemies dare to strike us they and all who have aided them will face fearful consequences.","type":"I","timestamp":"2012-04-12 18:26:53"},{"nodeID":"2742","text":"We are in position to cause them to face fearful consequences","type":"I","timestamp":"2012-04-12 18:26:53"},{"nodeID":"2743","text":"RA","type":"RA","timestamp":"2012-04-12 18:26:53"}],"edges":[{"edgeID":"2636","fromID":"2741","toID":"2743","formEdgeID":null},{"edgeID":"2637","fromID":"2742","toID":"2743","formEdgeID":null},{"edgeID":"2638","fromID":"2743","toID":"2740","formEdgeID":null}]}