{"nodes":[{"nodeID":"1274","text":"So by a majority of two to one the decision of Silber J was set aside","type":"I","timestamp":"2012-04-12 18:21:38"},{"nodeID":"1275","text":"The majority of the Court of Appeal Lord Phillips of Worth Matravers MR and Longmore LJ considered there had been no contempt","type":"I","timestamp":"2012-04-12 18:21:38"},{"nodeID":"1276","text":"In the minority Simon Brown LJ would have upheld the judgment of Silber J","type":"I","timestamp":"2012-04-12 18:21:38"},{"nodeID":"1277","text":"In deliberations in trials the opinion of the absolute majority wins over the minority's one","type":"I","timestamp":"2012-04-12 18:21:38"},{"nodeID":"1278","text":"RA","type":"RA","timestamp":"2012-04-12 18:21:38","scheme":"EstablishedRule"}],"edges":[{"edgeID":"1166","fromID":"1275","toID":"1278","formEdgeID":null},{"edgeID":"1167","fromID":"1276","toID":"1278","formEdgeID":null},{"edgeID":"1168","fromID":"1277","toID":"1278","formEdgeID":null},{"edgeID":"1169","fromID":"1278","toID":"1274","formEdgeID":null}]}