{"nodes":[{"nodeID":"3511","text":"This being is God","type":"I","timestamp":"2012-04-12 18:29:22"},{"nodeID":"3512","text":"it cannot be any physical object. It cannot be any material object. It cannot be any spatial or temporal object","type":"I","timestamp":"2012-04-12 18:29:22"},{"nodeID":"3513","text":"It has to be a being which is timeless immaterial spaceless and therefore changeless and enormously powerful","type":"I","timestamp":"2012-04-12 18:29:22"},{"nodeID":"3514","text":"it has the properties of God","type":"I","timestamp":"2012-04-12 18:29:22"},{"nodeID":"3515","text":"this cause has to transcend space and time","type":"I","timestamp":"2012-04-12 18:29:22"},{"nodeID":"3516","text":"Spatial or temporal objects cannot transcend time and space","type":"I","timestamp":"2012-04-12 18:29:22"},{"nodeID":"3517","text":"in order to bring the universe into existence.","type":"I","timestamp":"2012-04-12 18:29:22"},{"nodeID":"3518","text":"Only an enormously powerful being can bring the universe into existence","type":"I","timestamp":"2012-04-12 18:29:22"},{"nodeID":"3519","text":"RA","type":"RA","timestamp":"2012-04-12 18:29:22"},{"nodeID":"3520","text":"RA","type":"RA","timestamp":"2012-04-12 18:29:23","scheme":"VerbalClassification"},{"nodeID":"3521","text":"RA","type":"RA","timestamp":"2012-04-12 18:29:23"}],"edges":[{"edgeID":"3332","fromID":"3512","toID":"3519","formEdgeID":null},{"edgeID":"3333","fromID":"3513","toID":"3519","formEdgeID":null},{"edgeID":"3334","fromID":"3514","toID":"3519","formEdgeID":null},{"edgeID":"3335","fromID":"3519","toID":"3511","formEdgeID":null},{"edgeID":"3336","fromID":"3515","toID":"3520","formEdgeID":null},{"edgeID":"3337","fromID":"3516","toID":"3520","formEdgeID":null},{"edgeID":"3338","fromID":"3520","toID":"3512","formEdgeID":null},{"edgeID":"3339","fromID":"3517","toID":"3521","formEdgeID":null},{"edgeID":"3340","fromID":"3518","toID":"3521","formEdgeID":null},{"edgeID":"3341","fromID":"3521","toID":"3513","formEdgeID":null}]}