{"nodes":[{"nodeID":"1148","text":"the combination of uncertainty of execution and long delay is arguably  cruel.","type":"I","timestamp":"2012-04-12 18:21:10"},{"nodeID":"1149","text":"This court wouldn't have recognized that the combination of execution and long delay can be cruel unless it was arguable that it is.","type":"I","timestamp":"2012-04-12 18:21:10"},{"nodeID":"1150","text":"This Court has recognized that such a combination can inflict  horri- ble feelings   and  an immense mental anxiety amounting to a great increase of the offender 's punishment.","type":"I","timestamp":"2012-04-12 18:21:10"},{"nodeID":"1151","text":"Courts of other nations wouldn't have accepted that delays of 15 years or less can render capital punushment degrading shocking or cruel unless it was arguable that such delays are cruel.","type":"I","timestamp":"2012-04-12 18:21:10"},{"nodeID":"1152","text":"Courts of other nations have found that delays of 15 years or less can render capital punishment degradingshockingor cruel.","type":"I","timestamp":"2012-04-12 18:21:10"},{"nodeID":"1153","text":"the Supreme Court of Canada recently held that the potential for lengthy incar- ceration before execution is  a relevant consideration   when determining whether extradition to the United States violates principles of  fundamental justice.","type":"I","timestamp":"2012-04-12 18:21:10"},{"nodeID":"1154","text":"The Supreme Court of Canada wouldn't have held that the potential for lengthy incarceration before execution is a relevant consideration when determining whether extradition to the US violates principles of fundamental justice unless it was arguable that such incarceration was cruel.","type":"I","timestamp":"2012-04-12 18:21:10"},{"nodeID":"1155","text":"RA","type":"RA","timestamp":"2012-04-12 18:21:10"},{"nodeID":"1156","text":"RA","type":"RA","timestamp":"2012-04-12 18:21:11"},{"nodeID":"1157","text":"RA","type":"RA","timestamp":"2012-04-12 18:21:11"}],"edges":[{"edgeID":"1034","fromID":"1149","toID":"1155","formEdgeID":null},{"edgeID":"1035","fromID":"1150","toID":"1155","formEdgeID":null},{"edgeID":"1036","fromID":"1155","toID":"1148","formEdgeID":null},{"edgeID":"1037","fromID":"1151","toID":"1156","formEdgeID":null},{"edgeID":"1038","fromID":"1152","toID":"1156","formEdgeID":null},{"edgeID":"1039","fromID":"1156","toID":"1148","formEdgeID":null},{"edgeID":"1040","fromID":"1153","toID":"1157","formEdgeID":null},{"edgeID":"1041","fromID":"1154","toID":"1157","formEdgeID":null},{"edgeID":"1042","fromID":"1157","toID":"1148","formEdgeID":null}]}