{"nodes":[{"nodeID":"1414","text":"The Post Office should lower its demands","type":"I","timestamp":"2012-04-12 18:22:08"},{"nodeID":"1415","text":"If police rents Post offices the Post Office gets money and protection","type":"I","timestamp":"2012-04-12 18:22:08"},{"nodeID":"1416","text":"if it did not lower its demands the force would pursue alternatives by trying to rent space in other village buildings","type":"I","timestamp":"2012-04-12 18:22:08"},{"nodeID":"1417","text":"Police can rent space in other village buildings","type":"I","timestamp":"2012-04-12 18:22:08"},{"nodeID":"1418","text":"The Post Office is interested in police's renting its places","type":"I","timestamp":"2012-04-12 18:22:08"},{"nodeID":"1419","text":"RA","type":"RA","timestamp":"2012-04-12 18:22:08"},{"nodeID":"1420","text":"RA","type":"RA","timestamp":"2012-04-12 18:22:08"}],"edges":[{"edgeID":"1308","fromID":"1415","toID":"1419","formEdgeID":null},{"edgeID":"1309","fromID":"1419","toID":"1418","formEdgeID":null},{"edgeID":"1310","fromID":"1416","toID":"1420","formEdgeID":null},{"edgeID":"1311","fromID":"1417","toID":"1420","formEdgeID":null},{"edgeID":"1312","fromID":"1418","toID":"1420","formEdgeID":null},{"edgeID":"1313","fromID":"1420","toID":"1414","formEdgeID":null}]}