{"nodes":[{"nodeID":"430","text":"reference to the 1938 Act was omitted because it was regarded as clear that the 1938 Act would continue to operate in cases to which it applied irrespective of the terms of Part V","type":"I","timestamp":"2012-04-12 18:18:55"},{"nodeID":"431","text":"It is not the case that Reference to the 1938 Act was omitted because it was regarded as clear that the 1938 Act would continue to operate in cases in which it applied irrespective of the terms of Part V","type":"I","timestamp":"2012-04-12 18:18:55"},{"nodeID":"432","text":"They did not regard it as clear that the 1938 Act would continue to operate in cases to which it applied irrespective of the terms of Part V","type":"I","timestamp":"2012-04-12 18:18:55"},{"nodeID":"433","text":"Since they did not regard it as clear that the 1938 Act would continue to operate in cases to which it applied irrespective of the terms of Part V their reason for omitting reference to the 1938 Act was not that they regarded it as clear that the 1938 Act would continue to operate in cases in which it applied irrespective of the terms of Part V","type":"I","timestamp":"2012-04-12 18:18:55"},{"nodeID":"434","text":"had the draftsman conceived that a secure tenant's right to buy could be subject to a condition of ministerial consent under section 5 that right would not have been defined in section 118 in the terms quoted in paragraph 7 above and provision would have been made for asserting and admitting or denying and handling claims to exercise the right to buy where ministerial consent was required.","type":"I","timestamp":"2012-04-12 18:18:55"},{"nodeID":"435","text":"No provision has been made for asserting admitting or denying and handling claims to exercise the right to buy where ministerial consent was required.","type":"I","timestamp":"2012-04-12 18:18:55"},{"nodeID":"436","text":"It is their practice not to assume that it is clear that an act continues to operate irrespective of later legislation","type":"I","timestamp":"2012-04-12 18:18:55"},{"nodeID":"437","text":"the 1938 Act is an instance of their practice","type":"I","timestamp":"2012-04-12 18:18:55"},{"nodeID":"438","text":"it is the practice of parliamentary draftsmen to show an abundance of caution and to favour the avoidance of doubt.","type":"I","timestamp":"2012-04-12 18:18:55"},{"nodeID":"439","text":"For parliamentary draftsment showing an abundance of caution and favouring the absence of doubt involves not assuming that it is clear that acts continue to operate irrespective of later legislation","type":"I","timestamp":"2012-04-12 18:18:56"},{"nodeID":"440","text":"CA","type":"CA","timestamp":"2012-04-12 18:18:56"},{"nodeID":"441","text":"RA","type":"RA","timestamp":"2012-04-12 18:18:56"},{"nodeID":"442","text":"RA","type":"RA","timestamp":"2012-04-12 18:18:56"},{"nodeID":"443","text":"RA","type":"RA","timestamp":"2012-04-12 18:18:57"},{"nodeID":"444","text":"RA","type":"RA","timestamp":"2012-04-12 18:18:57"}],"edges":[{"edgeID":"401","fromID":"431","toID":"440","formEdgeID":null},{"edgeID":"402","fromID":"440","toID":"430","formEdgeID":null},{"edgeID":"403","fromID":"432","toID":"441","formEdgeID":null},{"edgeID":"404","fromID":"433","toID":"441","formEdgeID":null},{"edgeID":"405","fromID":"441","toID":"431","formEdgeID":null},{"edgeID":"406","fromID":"434","toID":"442","formEdgeID":null},{"edgeID":"407","fromID":"435","toID":"442","formEdgeID":null},{"edgeID":"408","fromID":"442","toID":"432","formEdgeID":null},{"edgeID":"409","fromID":"436","toID":"443","formEdgeID":null},{"edgeID":"410","fromID":"437","toID":"443","formEdgeID":null},{"edgeID":"411","fromID":"443","toID":"432","formEdgeID":null},{"edgeID":"412","fromID":"438","toID":"444","formEdgeID":null},{"edgeID":"413","fromID":"439","toID":"444","formEdgeID":null},{"edgeID":"414","fromID":"444","toID":"436","formEdgeID":null}]}