{"nodes":[{"nodeID":"3746","text":"The video should not be shown","type":"I","timestamp":"2012-04-12 18:30:11"},{"nodeID":"3747","text":"The showing of the video causes the Government to be plausibly forced to enter into negotiations","type":"I","timestamp":"2012-04-12 18:30:11"},{"nodeID":"3748","text":"This is a terrible situation there is no doubt about that but these are terrible people who cannot and should not be bargained with.","type":"I","timestamp":"2012-04-12 18:30:12"},{"nodeID":"3749","text":"It is obvious that what is happening here is an attempt to discredit Blair and the British Government.","type":"I","timestamp":"2012-04-12 18:30:12"},{"nodeID":"3750","text":"The showing of the video is just playing into the hands of the terrorists so they are already getting what they want.","type":"I","timestamp":"2012-04-12 18:30:12"},{"nodeID":"3751","text":"I don't believe for one minute that those are really Ken Bigley's words","type":"I","timestamp":"2012-04-12 18:30:12"},{"nodeID":"3752","text":"The best explanation for this facts is that terrorists want to discredit Blair","type":"I","timestamp":"2012-04-12 18:30:12"},{"nodeID":"3753","text":"Ken Bigley palusibly would have told his loved ones how much he loves them","type":"I","timestamp":"2012-04-12 18:30:12"},{"nodeID":"3754","text":"The best explanation of the fact that he did not tell his family how much he loves them is that terrorists obliged him to tell what they wanted","type":"I","timestamp":"2012-04-12 18:30:12"},{"nodeID":"3755","text":"I do know that if I was taken hostage and given the chance to air my opinion on video; I wouldn't waist my time begging Blair for my life I would be telling my loved ones how much I love them","type":"I","timestamp":"2012-04-12 18:30:12"},{"nodeID":"3756","text":"Ken Bigley is plausible to have the same reactions as the arguer","type":"I","timestamp":"2012-04-12 18:30:12"},{"nodeID":"3757","text":"RA","type":"RA","timestamp":"2012-04-12 18:30:12"},{"nodeID":"3758","text":"RA","type":"RA","timestamp":"2012-04-12 18:30:12","scheme":"CauseToEffect"},{"nodeID":"3759","text":"RA","type":"RA","timestamp":"2012-04-12 18:30:13"},{"nodeID":"3760","text":"RA","type":"RA","timestamp":"2012-04-12 18:30:13"},{"nodeID":"3761","text":"RA","type":"RA","timestamp":"2012-04-12 18:30:13","scheme":"Analogy"}],"edges":[{"edgeID":"3542","fromID":"3747","toID":"3757","formEdgeID":null},{"edgeID":"3543","fromID":"3748","toID":"3757","formEdgeID":null},{"edgeID":"3544","fromID":"3757","toID":"3746","formEdgeID":null},{"edgeID":"3545","fromID":"3749","toID":"3758","formEdgeID":null},{"edgeID":"3546","fromID":"3750","toID":"3758","formEdgeID":null},{"edgeID":"3547","fromID":"3758","toID":"3747","formEdgeID":null},{"edgeID":"3548","fromID":"3751","toID":"3759","formEdgeID":null},{"edgeID":"3549","fromID":"3752","toID":"3759","formEdgeID":null},{"edgeID":"3550","fromID":"3759","toID":"3749","formEdgeID":null},{"edgeID":"3551","fromID":"3753","toID":"3760","formEdgeID":null},{"edgeID":"3552","fromID":"3754","toID":"3760","formEdgeID":null},{"edgeID":"3553","fromID":"3760","toID":"3751","formEdgeID":null},{"edgeID":"3554","fromID":"3755","toID":"3761","formEdgeID":null},{"edgeID":"3555","fromID":"3756","toID":"3761","formEdgeID":null},{"edgeID":"3556","fromID":"3761","toID":"3753","formEdgeID":null}]}