{"nodes":[{"nodeID":"2006","text":"Indeed I think in this case it isn't silly to think that there is something going on behind the scenes that this did not arise by chance alone but that there is a divine intelligence a cosmic intelligence which ordered the universe.","type":"I","timestamp":"2012-04-12 18:24:14"},{"nodeID":"2007","text":"You would if you were smart suspect some hanky-panky going on.","type":"I","timestamp":"2012-04-12 18:24:14"},{"nodeID":"2008","text":"Similarly when you look at the array of possible universes practically none of them are life-permitting. And only this tiny tiny infinitesimal segment is a life-permitting universe such as ours.","type":"I","timestamp":"2012-04-12 18:24:14"},{"nodeID":"2009","text":"Suppose the lottery was always won by somebody with Mafia connections","type":"I","timestamp":"2012-04-12 18:24:14"},{"nodeID":"2010","text":"you see you've specified the probability and it is extremely improbable that people with Mafia connections always win","type":"I","timestamp":"2012-04-12 18:24:14"},{"nodeID":"2011","text":"You wouldn't just say in that case [audience laughter]  Well look somebody had to win and anybody is equally improbable.","type":"I","timestamp":"2012-04-12 18:24:14"},{"nodeID":"2012","text":"RA","type":"RA","timestamp":"2012-04-12 18:24:14"},{"nodeID":"2013","text":"RA","type":"RA","timestamp":"2012-04-12 18:24:14"}],"edges":[{"edgeID":"1902","fromID":"2007","toID":"2012","formEdgeID":null},{"edgeID":"1903","fromID":"2008","toID":"2012","formEdgeID":null},{"edgeID":"1904","fromID":"2012","toID":"2006","formEdgeID":null},{"edgeID":"1905","fromID":"2009","toID":"2013","formEdgeID":null},{"edgeID":"1906","fromID":"2010","toID":"2013","formEdgeID":null},{"edgeID":"1907","fromID":"2011","toID":"2013","formEdgeID":null},{"edgeID":"1908","fromID":"2013","toID":"2007","formEdgeID":null}]}