{"nodes":[{"nodeID":"2700","text":"we are prepared to do so","type":"I","timestamp":"2012-04-12 18:26:46"},{"nodeID":"2701","text":"the only way to reduce the harm and duration of war is to apply the full force and might of our military","type":"I","timestamp":"2012-04-12 18:26:46"},{"nodeID":"2702","text":"We have to fight a war","type":"I","timestamp":"2012-04-12 18:26:46"},{"nodeID":"2703","text":"The only means to disarm Saddam is to fight a war","type":"I","timestamp":"2012-04-12 18:26:46"},{"nodeID":"2704","text":"We have to disarm Saddam","type":"I","timestamp":"2012-04-12 18:26:46"},{"nodeID":"2705","text":"If Saddam Hussein attempts to cling to power he will remain a deadly foe until the end.","type":"I","timestamp":"2012-04-12 18:26:46"},{"nodeID":"2706","text":"And this very fact underscores the reason we cannot live under the threat of blackmail.","type":"I","timestamp":"2012-04-12 18:26:46"},{"nodeID":"2707","text":"The terrorist threat to America and the world will be diminished the moment that Saddam Hussein is disarmed.","type":"I","timestamp":"2012-04-12 18:26:46"},{"nodeID":"2708","text":"In desperation he and terrorists groups might try to conduct terrorist operations against the American people and our friends.","type":"I","timestamp":"2012-04-12 18:26:46"},{"nodeID":"2709","text":"These attacks are not inevitable. They are however possible.","type":"I","timestamp":"2012-04-12 18:26:46"},{"nodeID":"2710","text":"RA","type":"RA","timestamp":"2012-04-12 18:26:46","scheme":"PracticalReasoning"},{"nodeID":"2711","text":"RA","type":"RA","timestamp":"2012-04-12 18:26:46","scheme":"PracticalReasoning"},{"nodeID":"2712","text":"RA","type":"RA","timestamp":"2012-04-12 18:26:47"},{"nodeID":"2713","text":"RA","type":"RA","timestamp":"2012-04-12 18:26:47","scheme":"Example"}],"edges":[{"edgeID":"2599","fromID":"2701","toID":"2710","formEdgeID":null},{"edgeID":"2600","fromID":"2702","toID":"2710","formEdgeID":null},{"edgeID":"2601","fromID":"2710","toID":"2700","formEdgeID":null},{"edgeID":"2602","fromID":"2703","toID":"2711","formEdgeID":null},{"edgeID":"2603","fromID":"2704","toID":"2711","formEdgeID":null},{"edgeID":"2604","fromID":"2711","toID":"2702","formEdgeID":null},{"edgeID":"2605","fromID":"2705","toID":"2712","formEdgeID":null},{"edgeID":"2606","fromID":"2706","toID":"2712","formEdgeID":null},{"edgeID":"2607","fromID":"2707","toID":"2712","formEdgeID":null},{"edgeID":"2608","fromID":"2712","toID":"2704","formEdgeID":null},{"edgeID":"2609","fromID":"2708","toID":"2713","formEdgeID":null},{"edgeID":"2610","fromID":"2709","toID":"2713","formEdgeID":null},{"edgeID":"2611","fromID":"2713","toID":"2705","formEdgeID":null}]}