{"nodes":[{"nodeID":"3032","text":"The greater goods defense can easily lead to a kind of cost benefit analysis which is deeply repugnant to our moral sense","type":"I","timestamp":"2012-04-12 18:27:50"},{"nodeID":"3033","text":"Some distributions just aren't fair.","type":"I","timestamp":"2012-04-12 18:27:50"},{"nodeID":"3034","text":"The Brothers Karamazov is fiction but to hear about real cases like this you need only listen regularly to the 11 o'clock news","type":"I","timestamp":"2012-04-12 18:27:50"},{"nodeID":"3035","text":"For the father to have the opportunity to display moral goodness God must give him the opportunity to choose evil.","type":"I","timestamp":"2012-04-12 18:27:50"},{"nodeID":"3036","text":"But notice who gets the good here.  It's the father.  And notice who suffers the evil. It's the little girl.","type":"I","timestamp":"2012-04-12 18:27:50"},{"nodeID":"3037","text":"Let us grant for the sake of argument that the benefit outweighs the cost. Freedom is a very great good.  Still it makes some difference who pays the cost.","type":"I","timestamp":"2012-04-12 18:27:50"},{"nodeID":"3038","text":"Only if goods and evils are distributed in a fair way the distribution can be said to be fair","type":"I","timestamp":"2012-04-12 18:27:50"},{"nodeID":"3039","text":"The free will defense seems to say in cases of this kind:  well it's all very unfortunate of course but this is the price we must pay for having freedom.","type":"I","timestamp":"2012-04-12 18:27:50"},{"nodeID":"3040","text":"Perhaps she wets the bed repeatedly and they think she ought to be old enough to control her bladder.  Or perhaps the father is an alcoholic who abuses his daughter sexually.","type":"I","timestamp":"2012-04-12 18:27:50"},{"nodeID":"3041","text":"the father's having the opportunity to display moral goodness is such a great good that it outweighs the fact that he chooses evil.","type":"I","timestamp":"2012-04-12 18:27:50"},{"nodeID":"3042","text":"Consider the kind of case which troubled Ivan in Dostoevsky's great novel The Brothers Karamazov.","type":"I","timestamp":"2012-04-12 18:27:51"},{"nodeID":"3043","text":"A little girl is treated quite brutally by her parents who beat her because she has done something which made them angry.","type":"I","timestamp":"2012-04-12 18:27:51"},{"nodeID":"3044","text":"RA","type":"RA","timestamp":"2012-04-12 18:27:51","scheme":"Example"},{"nodeID":"3045","text":"RA","type":"RA","timestamp":"2012-04-12 18:27:51","scheme":"VerbalClassification"},{"nodeID":"3046","text":"RA","type":"RA","timestamp":"2012-04-12 18:27:51"},{"nodeID":"3047","text":"RA","type":"RA","timestamp":"2012-04-12 18:27:52"}],"edges":[{"edgeID":"2911","fromID":"3033","toID":"3044","formEdgeID":null},{"edgeID":"2912","fromID":"3034","toID":"3044","formEdgeID":null},{"edgeID":"2913","fromID":"3044","toID":"3032","formEdgeID":null},{"edgeID":"2914","fromID":"3035","toID":"3045","formEdgeID":null},{"edgeID":"2915","fromID":"3036","toID":"3045","formEdgeID":null},{"edgeID":"2916","fromID":"3037","toID":"3045","formEdgeID":null},{"edgeID":"2917","fromID":"3038","toID":"3045","formEdgeID":null},{"edgeID":"2918","fromID":"3045","toID":"3033","formEdgeID":null},{"edgeID":"2919","fromID":"3039","toID":"3046","formEdgeID":null},{"edgeID":"2920","fromID":"3040","toID":"3046","formEdgeID":null},{"edgeID":"2921","fromID":"3041","toID":"3046","formEdgeID":null},{"edgeID":"2922","fromID":"3046","toID":"3035","formEdgeID":null},{"edgeID":"2923","fromID":"3042","toID":"3047","formEdgeID":null},{"edgeID":"2924","fromID":"3043","toID":"3047","formEdgeID":null},{"edgeID":"2925","fromID":"3047","toID":"3040","formEdgeID":null}]}