{"nodes":[{"nodeID":"3975","text":"this will create distance","type":"I","timestamp":"2012-04-12 18:30:56"},{"nodeID":"3978","text":"Doctors should stop wearing white jackets","type":"I","timestamp":"2012-04-12 18:30:57"},{"nodeID":"3979","text":"it is not a good thing to have distance between the doctor and the patient","type":"I","timestamp":"2012-04-12 18:30:57"},{"nodeID":"3980","text":"RA","type":"RA","timestamp":"2012-04-12 18:30:57"}],"edges":[{"edgeID":"3749","fromID":"3975","toID":"3980","formEdgeID":null},{"edgeID":"3750","fromID":"3979","toID":"3980","formEdgeID":null},{"edgeID":"3751","fromID":"3980","toID":"3978","formEdgeID":null}]}