{"nodes":[{"nodeID":"1442","text":"If it is found that the Bush administration lied and that Iraq wasn't an imminent threat to the US Bush should step down.","type":"I","timestamp":"2012-04-12 18:22:13"},{"nodeID":"1443","text":"If Iraq is not a threat there was no reason to fight against it","type":"I","timestamp":"2012-04-12 18:22:13"},{"nodeID":"1444","text":"Bush has to make amend for his actions","type":"I","timestamp":"2012-04-12 18:22:13"},{"nodeID":"1445","text":"It's the least he could do to try amend for the loss of US lives British lives Iraqi lives and others.","type":"I","timestamp":"2012-04-12 18:22:13"},{"nodeID":"1446","text":"If the war was not necessary soldiers died in vain","type":"I","timestamp":"2012-04-12 18:22:13"},{"nodeID":"1447","text":"If a person caused the death of soldiers without a reason he must make amend for it","type":"I","timestamp":"2012-04-12 18:22:13"},{"nodeID":"1448","text":"The reason given for invading Iraq now was because they were an imminent threat because of their weapons of mass destruction.","type":"I","timestamp":"2012-04-12 18:22:14"},{"nodeID":"1449","text":"If there are not weapons of mass destruction Iraq does not represent a threat","type":"I","timestamp":"2012-04-12 18:22:14"},{"nodeID":"1450","text":"RA","type":"RA","timestamp":"2012-04-12 18:22:14"},{"nodeID":"1451","text":"RA","type":"RA","timestamp":"2012-04-12 18:22:14"},{"nodeID":"1452","text":"RA","type":"RA","timestamp":"2012-04-12 18:22:14"},{"nodeID":"1453","text":"RA","type":"RA","timestamp":"2012-04-12 18:22:15","scheme":"CauseToEffect"}],"edges":[{"edgeID":"1333","fromID":"1443","toID":"1450","formEdgeID":null},{"edgeID":"1334","fromID":"1450","toID":"1446","formEdgeID":null},{"edgeID":"1335","fromID":"1444","toID":"1451","formEdgeID":null},{"edgeID":"1336","fromID":"1445","toID":"1451","formEdgeID":null},{"edgeID":"1337","fromID":"1451","toID":"1442","formEdgeID":null},{"edgeID":"1338","fromID":"1446","toID":"1452","formEdgeID":null},{"edgeID":"1339","fromID":"1447","toID":"1452","formEdgeID":null},{"edgeID":"1340","fromID":"1452","toID":"1444","formEdgeID":null},{"edgeID":"1341","fromID":"1448","toID":"1453","formEdgeID":null},{"edgeID":"1342","fromID":"1449","toID":"1453","formEdgeID":null},{"edgeID":"1343","fromID":"1453","toID":"1443","formEdgeID":null}]}