{"nodes":[{"nodeID":"1934","text":"God exists","type":"I","timestamp":"2012-04-12 18:23:58"},{"nodeID":"1935","text":"I don't think this is analogous at all to what I'm saying.","type":"I","timestamp":"2012-04-12 18:23:59"},{"nodeID":"1936","text":"life-permitting universes are vastly improbable compared to the whole array of possible universes and this does cry out for an explanation.","type":"I","timestamp":"2012-04-12 18:23:59"},{"nodeID":"1937","text":"God is the best explanation of the universe","type":"I","timestamp":"2012-04-12 18:23:59"},{"nodeID":"1938","text":"Look it's improbable that anybody would win a lottery but somebody has to win.  The analogy is that any universe is improbable but there has to be some universe","type":"I","timestamp":"2012-04-12 18:23:59"},{"nodeID":"1939","text":"In the case of the universe as opposed to the lottery the outcome is specified and that's what makes the difference.","type":"I","timestamp":"2012-04-12 18:23:59"},{"nodeID":"1940","text":"If the argument does not satisfy the necessary conditions it is not valid","type":"I","timestamp":"2012-04-12 18:23:59"},{"nodeID":"1941","text":"RA","type":"RA","timestamp":"2012-04-12 18:23:59"},{"nodeID":"1942","text":"RA","type":"RA","timestamp":"2012-04-12 18:23:59","scheme":"VerbalClassification"}],"edges":[{"edgeID":"1829","fromID":"1935","toID":"1941","formEdgeID":null},{"edgeID":"1830","fromID":"1936","toID":"1941","formEdgeID":null},{"edgeID":"1831","fromID":"1937","toID":"1941","formEdgeID":null},{"edgeID":"1832","fromID":"1941","toID":"1934","formEdgeID":null},{"edgeID":"1833","fromID":"1938","toID":"1942","formEdgeID":null},{"edgeID":"1834","fromID":"1939","toID":"1942","formEdgeID":null},{"edgeID":"1835","fromID":"1940","toID":"1942","formEdgeID":null},{"edgeID":"1836","fromID":"1942","toID":"1935","formEdgeID":null}]}