{"nodes":[{"nodeID":"4405","text":"I wonder if the term  Gated Communities  is the right term... perhaps they should be called  Gated Housing Developments","type":"I","timestamp":"2012-04-12 18:32:23"},{"nodeID":"4406","text":"There are not communities in these housing developments","type":"I","timestamp":"2012-04-12 18:32:23"},{"nodeID":"4407","text":"A gated community is a communitiy","type":"I","timestamp":"2012-04-12 18:32:23"},{"nodeID":"4408","text":"I know of no such places in which there is wealth of community feeling block parties and welcome wagons within the walls;","type":"I","timestamp":"2012-04-12 18:32:23"},{"nodeID":"4409","text":"Communities create wealth of communitiy feeling","type":"I","timestamp":"2012-04-12 18:32:23"},{"nodeID":"4410","text":"if anything the families within appear more isolated than those outside.","type":"I","timestamp":"2012-04-12 18:32:23"},{"nodeID":"4411","text":"Communities create union among the families","type":"I","timestamp":"2012-04-12 18:32:23"},{"nodeID":"4412","text":"RA","type":"RA","timestamp":"2012-04-12 18:32:23","scheme":"VerbalClassification"},{"nodeID":"4413","text":"RA","type":"RA","timestamp":"2012-04-12 18:32:24","scheme":"Sign"},{"nodeID":"4414","text":"RA","type":"RA","timestamp":"2012-04-12 18:32:24","scheme":"Sign"}],"edges":[{"edgeID":"4143","fromID":"4406","toID":"4412","formEdgeID":null},{"edgeID":"4144","fromID":"4407","toID":"4412","formEdgeID":null},{"edgeID":"4145","fromID":"4412","toID":"4405","formEdgeID":null},{"edgeID":"4146","fromID":"4408","toID":"4413","formEdgeID":null},{"edgeID":"4147","fromID":"4409","toID":"4413","formEdgeID":null},{"edgeID":"4148","fromID":"4413","toID":"4406","formEdgeID":null},{"edgeID":"4149","fromID":"4410","toID":"4414","formEdgeID":null},{"edgeID":"4150","fromID":"4411","toID":"4414","formEdgeID":null},{"edgeID":"4151","fromID":"4414","toID":"4406","formEdgeID":null}]}