{"nodes":[{"nodeID":"3605","text":"Does that not show that Postwatch is a toothless tiger?","type":"I","timestamp":"2012-04-12 18:29:42"},{"nodeID":"3606","text":"Two post offices in my constituency closed even though Postwatch objected and supported the campaign against closure","type":"I","timestamp":"2012-04-12 18:29:42"},{"nodeID":"3607","text":"On appeal the Post Office decided to go ahead with the closures","type":"I","timestamp":"2012-04-12 18:29:42"},{"nodeID":"3608","text":"Is it not about time that it was given powers to ensure that it can overrule the Post Office when it has serious objections to a closure?","type":"I","timestamp":"2012-04-12 18:29:42"},{"nodeID":"3609","text":"RA","type":"RA","timestamp":"2012-04-12 18:29:42","scheme":"Example"}],"edges":[{"edgeID":"3418","fromID":"3606","toID":"3609","formEdgeID":null},{"edgeID":"3419","fromID":"3607","toID":"3609","formEdgeID":null},{"edgeID":"3420","fromID":"3608","toID":"3609","formEdgeID":null},{"edgeID":"3421","fromID":"3609","toID":"3605","formEdgeID":null}]}