{"nodes":[{"nodeID":"2565","text":"Barroso should ditch Buttiglione","type":"I","timestamp":"2012-04-12 18:26:18"},{"nodeID":"2566","text":"they would vote against Barroso's entire commission team at a vote next Wednesday if he does not.","type":"I","timestamp":"2012-04-12 18:26:18"},{"nodeID":"2567","text":"The vote against Barroso's entire commission is extremely negative for Barroso","type":"I","timestamp":"2012-04-12 18:26:18"},{"nodeID":"2568","text":"RA","type":"RA","timestamp":"2012-04-12 18:26:18"}],"edges":[{"edgeID":"2471","fromID":"2566","toID":"2568","formEdgeID":null},{"edgeID":"2472","fromID":"2567","toID":"2568","formEdgeID":null},{"edgeID":"2473","fromID":"2568","toID":"2565","formEdgeID":null}]}