{"nodes":[{"nodeID":"1619","text":"Therefore the God of the Bible does not exist.","type":"I","timestamp":"2012-04-12 18:22:51"},{"nodeID":"1634","text":"With regard to the second premise it is far from obvious that the Bible teaches eternal punishment for minor sins.","type":"I","timestamp":"2012-04-12 18:22:54"},{"nodeID":"1635","text":"Minor sins do not deserve eternal punishment.","type":"I","timestamp":"2012-04-12 18:22:54"},{"nodeID":"1636","text":"The Bible teaches that God will eternally punish minor sins","type":"I","timestamp":"2012-04-12 18:22:54"},{"nodeID":"1637","text":"If we admit that God exist we have to admit that a contradictory being exists","type":"I","timestamp":"2012-04-12 18:22:54"},{"nodeID":"1638","text":"Rather what separates us from God forever is the sin of freely rejecting God out of our lives.","type":"I","timestamp":"2012-04-12 18:22:54"},{"nodeID":"1639","text":"This is a sin of infinite gravity and proportion","type":"I","timestamp":"2012-04-12 18:22:54"},{"nodeID":"1640","text":"If the Bible teaches that the only reason of the eternal punishment is the free rejection of God minor sins are not punished","type":"I","timestamp":"2012-04-12 18:22:54"},{"nodeID":"1641","text":"it is the creature's  free decision to reject God Himself.","type":"I","timestamp":"2012-04-12 18:22:54"},{"nodeID":"1642","text":"The gravity of the crime is proportional to the offence","type":"I","timestamp":"2012-04-12 18:22:54"},{"nodeID":"1643","text":"CA","type":"CA","timestamp":"2012-04-12 18:22:54"},{"nodeID":"1644","text":"RA","type":"RA","timestamp":"2012-04-12 18:22:54"},{"nodeID":"1645","text":"RA","type":"RA","timestamp":"2012-04-12 18:22:55"},{"nodeID":"1646","text":"RA","type":"RA","timestamp":"2012-04-12 18:22:55"}],"edges":[{"edgeID":"1520","fromID":"1634","toID":"1643","formEdgeID":null},{"edgeID":"1521","fromID":"1643","toID":"1636","formEdgeID":null},{"edgeID":"1522","fromID":"1635","toID":"1644","formEdgeID":null},{"edgeID":"1523","fromID":"1636","toID":"1644","formEdgeID":null},{"edgeID":"1524","fromID":"1637","toID":"1644","formEdgeID":null},{"edgeID":"1525","fromID":"1644","toID":"1619","formEdgeID":null},{"edgeID":"1526","fromID":"1638","toID":"1645","formEdgeID":null},{"edgeID":"1527","fromID":"1639","toID":"1645","formEdgeID":null},{"edgeID":"1528","fromID":"1640","toID":"1645","formEdgeID":null},{"edgeID":"1529","fromID":"1645","toID":"1634","formEdgeID":null},{"edgeID":"1530","fromID":"1641","toID":"1646","formEdgeID":null},{"edgeID":"1531","fromID":"1642","toID":"1646","formEdgeID":null},{"edgeID":"1532","fromID":"1646","toID":"1639","formEdgeID":null}]}