{"nodes":[{"nodeID":"3400","text":"I believe only those stories","type":"I","timestamp":"2012-04-12 18:29:00"},{"nodeID":"3401","text":"for which the witnesses would readily die","type":"I","timestamp":"2012-04-12 18:29:00"},{"nodeID":"3402","text":"The plausibility of a story is proportional to the sacrifice the witnesses are ready to do for","type":"I","timestamp":"2012-04-12 18:29:00"},{"nodeID":"3403","text":"Death is the supreme sacrifice a person can do to prove the truth of his story","type":"I","timestamp":"2012-04-12 18:29:00"},{"nodeID":"3404","text":"RA","type":"RA","timestamp":"2012-04-12 18:29:00"}],"edges":[{"edgeID":"3235","fromID":"3401","toID":"3404","formEdgeID":null},{"edgeID":"3236","fromID":"3402","toID":"3404","formEdgeID":null},{"edgeID":"3237","fromID":"3403","toID":"3404","formEdgeID":null},{"edgeID":"3238","fromID":"3404","toID":"3400","formEdgeID":null}]}