{"nodes":[{"nodeID":"1887","text":"Whatever spin you give it it is hunger that is claiming its victims.","type":"I","timestamp":"2012-04-12 18:23:48"},{"nodeID":"1888","text":"Apathy and hunger causes people to die","type":"I","timestamp":"2012-04-12 18:23:48"},{"nodeID":"1889","text":"for anyone who visits Rajasthan's Baran district the apathy of the district administration and the failure of the Public Distribution System (pds) is clear to see.","type":"I","timestamp":"2012-04-12 18:23:48"},{"nodeID":"1890","text":"the state and central governments would like the world to believe that the deaths were caused by disease and lack of hygiene rather than by abject poverty and starvation.","type":"I","timestamp":"2012-04-12 18:23:48"},{"nodeID":"1891","text":"It's the old Orissa drought and starvation story being played out again.","type":"I","timestamp":"2012-04-12 18:23:48"},{"nodeID":"1892","text":"Orissa story was made up to cover the real causes of casualties","type":"I","timestamp":"2012-04-12 18:23:48"},{"nodeID":"1893","text":"RA","type":"RA","timestamp":"2012-04-12 18:23:48"},{"nodeID":"1894","text":"RA","type":"RA","timestamp":"2012-04-12 18:23:49","scheme":"Analogy"}],"edges":[{"edgeID":"1779","fromID":"1888","toID":"1893","formEdgeID":null},{"edgeID":"1780","fromID":"1889","toID":"1893","formEdgeID":null},{"edgeID":"1781","fromID":"1890","toID":"1893","formEdgeID":null},{"edgeID":"1782","fromID":"1893","toID":"1887","formEdgeID":null},{"edgeID":"1783","fromID":"1891","toID":"1894","formEdgeID":null},{"edgeID":"1784","fromID":"1892","toID":"1894","formEdgeID":null},{"edgeID":"1785","fromID":"1894","toID":"1890","formEdgeID":null}]}