{"nodes":[{"nodeID":"2479","text":"Eight-month-old Kyle Mutch's tragic death was not an accident and he suffered injuries consistent with a punch or a kick a court heard yesterday.","type":"I","timestamp":"2012-04-12 18:26:00"},{"nodeID":"2480","text":"The lecturer in forensic medicines at Aberdeen University told the jury that the bruises could have been caused by a single blow from a blunt instrument like a closed hand.","type":"I","timestamp":"2012-04-12 18:26:00"},{"nodeID":"2481","text":"The baby whose stepfather denies murder was examined by pathologist Dr James Grieve shortly after his death.","type":"I","timestamp":"2012-04-12 18:26:00"},{"nodeID":"2482","text":"Dr. Grieve told the High Court at Forfar the youngest was covered in bruises and had suffered a crushed intestine as well as severe internal bleeding.","type":"I","timestamp":"2012-04-12 18:26:01"},{"nodeID":"2483","text":"When asked by Advocate Depute Mark Stewart prosecuting if the bruises could have been caused by an accident he said  No. Not in a child that is not walking not toddling and has not been in a motor car.","type":"I","timestamp":"2012-04-12 18:26:01"},{"nodeID":"2484","text":"There are bruises","type":"I","timestamp":"2012-04-12 18:26:01"},{"nodeID":"2485","text":"A single blow from a hand or a kick cause this kind of buises","type":"I","timestamp":"2012-04-12 18:26:01"},{"nodeID":"2486","text":"RA","type":"RA","timestamp":"2012-04-12 18:26:01","scheme":"ExpertOpinion"},{"nodeID":"2487","text":"RA","type":"RA","timestamp":"2012-04-12 18:26:01","scheme":"ExpertOpinion"},{"nodeID":"2488","text":"RA","type":"RA","timestamp":"2012-04-12 18:26:01"}],"edges":[{"edgeID":"2391","fromID":"2480","toID":"2486","formEdgeID":null},{"edgeID":"2392","fromID":"2486","toID":"2479","formEdgeID":null},{"edgeID":"2393","fromID":"2481","toID":"2487","formEdgeID":null},{"edgeID":"2394","fromID":"2482","toID":"2487","formEdgeID":null},{"edgeID":"2395","fromID":"2483","toID":"2487","formEdgeID":null},{"edgeID":"2396","fromID":"2487","toID":"2479","formEdgeID":null},{"edgeID":"2397","fromID":"2484","toID":"2488","formEdgeID":null},{"edgeID":"2398","fromID":"2485","toID":"2488","formEdgeID":null},{"edgeID":"2399","fromID":"2488","toID":"2480","formEdgeID":null}]}