{"nodes":[{"nodeID":"2768","text":"You should vote for me","type":"I","timestamp":"2012-04-12 18:26:59"},{"nodeID":"2769","text":"I will solve the problem of people without health care","type":"I","timestamp":"2012-04-12 18:26:59"},{"nodeID":"2770","text":"We will offer a tax credit to encourage small businesses and their employees to set up health savings accounts and provide direct help for low-income Americans to purchase them.","type":"I","timestamp":"2012-04-12 18:26:59"},{"nodeID":"2771","text":"And we will provide low-income Americans with better access to health care:","type":"I","timestamp":"2012-04-12 18:26:59"},{"nodeID":"2772","text":"In a new term I will ensure every poor county in America has a community or rural health center.","type":"I","timestamp":"2012-04-12 18:26:59"},{"nodeID":"2773","text":"In a new term we must allow small firms to join together to purchase insurance at the discounts available to big companies.","type":"I","timestamp":"2012-04-12 18:26:59"},{"nodeID":"2774","text":"These accounts give workers the security of insurance against major illness the opportunity to save tax-free for routine health expenses and the freedom of knowing you can take your account with you whenever you change jobs","type":"I","timestamp":"2012-04-12 18:26:59"},{"nodeID":"2775","text":"We should help the small business to have an insurance","type":"I","timestamp":"2012-04-12 18:26:59"},{"nodeID":"2776","text":"I've met many workers and small business owners who have told me they are worried they cannot afford health care. More than half of the uninsured are small business employees and their families","type":"I","timestamp":"2012-04-12 18:26:59"},{"nodeID":"2777","text":"The best means to help people that cannot afford insurance is to help small business","type":"I","timestamp":"2012-04-12 18:27:00"},{"nodeID":"2778","text":"RA","type":"RA","timestamp":"2012-04-12 18:27:00"},{"nodeID":"2779","text":"RA","type":"RA","timestamp":"2012-04-12 18:27:00","scheme":"CauseToEffect"},{"nodeID":"2780","text":"RA","type":"RA","timestamp":"2012-04-12 18:27:00","scheme":"CauseToEffect"},{"nodeID":"2781","text":"RA","type":"RA","timestamp":"2012-04-12 18:27:00","scheme":"CauseToEffect"},{"nodeID":"2782","text":"RA","type":"RA","timestamp":"2012-04-12 18:27:01","scheme":"CauseToEffect"},{"nodeID":"2783","text":"RA","type":"RA","timestamp":"2012-04-12 18:27:01"}],"edges":[{"edgeID":"2664","fromID":"2769","toID":"2778","formEdgeID":null},{"edgeID":"2665","fromID":"2778","toID":"2768","formEdgeID":null},{"edgeID":"2666","fromID":"2770","toID":"2779","formEdgeID":null},{"edgeID":"2667","fromID":"2779","toID":"2774","formEdgeID":null},{"edgeID":"2668","fromID":"2771","toID":"2780","formEdgeID":null},{"edgeID":"2669","fromID":"2780","toID":"2769","formEdgeID":null},{"edgeID":"2670","fromID":"2772","toID":"2781","formEdgeID":null},{"edgeID":"2671","fromID":"2781","toID":"2771","formEdgeID":null},{"edgeID":"2672","fromID":"2773","toID":"2782","formEdgeID":null},{"edgeID":"2673","fromID":"2774","toID":"2782","formEdgeID":null},{"edgeID":"2674","fromID":"2775","toID":"2782","formEdgeID":null},{"edgeID":"2675","fromID":"2782","toID":"2769","formEdgeID":null},{"edgeID":"2676","fromID":"2776","toID":"2783","formEdgeID":null},{"edgeID":"2677","fromID":"2777","toID":"2783","formEdgeID":null},{"edgeID":"2678","fromID":"2783","toID":"2775","formEdgeID":null}]}