{"nodes":[{"nodeID":"1070","text":"Universities typically operate for slightly more than half the year -- generally two 14-week semesters. And aside from some summer-school programs we barely use our facilities at all for three months of the year. This practice it seems to me wastes time that we could use for instruction undervalues our facilities which stand idle and costs us money","type":"I","timestamp":"2012-04-12 18:20:55"},{"nodeID":"1071","text":"we could actually enroll more students and earn more tuitions if we operated more of the year.","type":"I","timestamp":"2012-04-12 18:20:55"},{"nodeID":"1072","text":"If we could actually enroll more students and earn more tuitions by operating more of the year the fact that we typically operate for slightly more than half a year is a pracitce that wastes time undervalues our facilities and costs us money.","type":"I","timestamp":"2012-04-12 18:20:55"},{"nodeID":"1073","text":"RA","type":"RA","timestamp":"2012-04-12 18:20:55"}],"edges":[{"edgeID":"964","fromID":"1071","toID":"1073","formEdgeID":null},{"edgeID":"965","fromID":"1072","toID":"1073","formEdgeID":null},{"edgeID":"966","fromID":"1073","toID":"1070","formEdgeID":null}]}