{"nodes":[{"nodeID":"598","text":"patient power should drive up standards for everyone","type":"I","timestamp":"2012-04-12 18:19:25"},{"nodeID":"1829","text":"Patient power should be increased","type":"I","timestamp":"2012-04-12 18:23:36"},{"nodeID":"1830","text":"giving more power to patients will mean giving the most power to articulate well-informed and pushy patients who tend to be better-off.","type":"I","timestamp":"2012-04-12 18:23:36"},{"nodeID":"1831","text":"The goal is improving health services","type":"I","timestamp":"2012-04-12 18:23:36"},{"nodeID":"1832","text":"Power in the hands of doctors is contrary to the power given to patients","type":"I","timestamp":"2012-04-12 18:23:37"},{"nodeID":"1833","text":"Power should not be kept in the hands of doctors","type":"I","timestamp":"2012-04-12 18:23:37"},{"nodeID":"1834","text":"keeping power in the hands of doctors and bureaucrats on the other hand will keep standards low while being just as unequa","type":"I","timestamp":"2012-04-12 18:23:37"},{"nodeID":"1835","text":"The goal is improving the health services","type":"I","timestamp":"2012-04-12 18:23:37"},{"nodeID":"1836","text":"RA","type":"RA","timestamp":"2012-04-12 18:23:37","scheme":"CauseToEffect"},{"nodeID":"1837","text":"RA","type":"RA","timestamp":"2012-04-12 18:23:37"},{"nodeID":"1838","text":"RA","type":"RA","timestamp":"2012-04-12 18:23:37"},{"nodeID":"1839","text":"RA","type":"RA","timestamp":"2012-04-12 18:23:38"}],"edges":[{"edgeID":"1721","fromID":"1830","toID":"1836","formEdgeID":null},{"edgeID":"1722","fromID":"1836","toID":"598","formEdgeID":null},{"edgeID":"1723","fromID":"1831","toID":"1837","formEdgeID":null},{"edgeID":"1724","fromID":"598","toID":"1837","formEdgeID":null},{"edgeID":"1725","fromID":"1837","toID":"1829","formEdgeID":null},{"edgeID":"1726","fromID":"1832","toID":"1838","formEdgeID":null},{"edgeID":"1727","fromID":"1833","toID":"1838","formEdgeID":null},{"edgeID":"1728","fromID":"1838","toID":"1829","formEdgeID":null},{"edgeID":"1729","fromID":"1834","toID":"1839","formEdgeID":null},{"edgeID":"1730","fromID":"1835","toID":"1839","formEdgeID":null},{"edgeID":"1731","fromID":"1839","toID":"1833","formEdgeID":null}]}