{"nodes":[{"nodeID":"558","text":"I have accordingly disallowed the notice of question of privilege.","type":"I","timestamp":"2012-04-12 18:19:18"},{"nodeID":"559","text":"There has been no breach of privilege.","type":"I","timestamp":"2012-04-12 18:19:19"},{"nodeID":"560","text":"If there has been no breach of privilige in this case I have accordingly disallowed the notice of the question of privilige.","type":"I","timestamp":"2012-04-12 18:19:19"},{"nodeID":"561","text":"A breach of privilege can arise only when the Member or the Minister makes a false statement or an incorrect statement wilfully deliberately and knowingly.","type":"I","timestamp":"2012-04-12 18:19:19"},{"nodeID":"562","text":"There has been no misleading of the House by them as alleged.","type":"I","timestamp":"2012-04-12 18:19:19"},{"nodeID":"563","text":"On a perusal of the comments of the Ministers in the matter I am satisfied that there has been no misleading of the House by them as alleged by the Member.","type":"I","timestamp":"2012-04-12 18:19:19"},{"nodeID":"564","text":"If upon considering the comments of the relevant ministers I am satisfied that there has been no misleading of the House by them as alleged by the member there has been no misleading of the House by them as alleged.","type":"I","timestamp":"2012-04-12 18:19:19"},{"nodeID":"565","text":"RA","type":"RA","timestamp":"2012-04-12 18:19:19"},{"nodeID":"566","text":"RA","type":"RA","timestamp":"2012-04-12 18:19:19"},{"nodeID":"567","text":"RA","type":"RA","timestamp":"2012-04-12 18:19:19"}],"edges":[{"edgeID":"510","fromID":"559","toID":"565","formEdgeID":null},{"edgeID":"511","fromID":"560","toID":"565","formEdgeID":null},{"edgeID":"512","fromID":"565","toID":"558","formEdgeID":null},{"edgeID":"513","fromID":"561","toID":"566","formEdgeID":null},{"edgeID":"514","fromID":"562","toID":"566","formEdgeID":null},{"edgeID":"515","fromID":"566","toID":"559","formEdgeID":null},{"edgeID":"516","fromID":"563","toID":"567","formEdgeID":null},{"edgeID":"517","fromID":"564","toID":"567","formEdgeID":null},{"edgeID":"518","fromID":"567","toID":"562","formEdgeID":null}]}