{"nodes":[{"nodeID":"3828","text":"I find it laughable","type":"I","timestamp":"2012-04-12 18:30:28"},{"nodeID":"3829","text":"We should negotiate with the fighters","type":"I","timestamp":"2012-04-12 18:30:28"},{"nodeID":"3830","text":"Blair says he will not negotiate with terrorists","type":"I","timestamp":"2012-04-12 18:30:28"},{"nodeID":"3831","text":"Until we get out of Iraq Iraqis and there Allies (call them what we like) will continue to use all means necessary including kidnapping.","type":"I","timestamp":"2012-04-12 18:30:28"},{"nodeID":"3832","text":"The best means of stopping these attacks is to negotiate with Iraqi fighters","type":"I","timestamp":"2012-04-12 18:30:28"},{"nodeID":"3833","text":"Kidnappings and attacks are a reaction to the American invasion","type":"I","timestamp":"2012-04-12 18:30:28"},{"nodeID":"3834","text":"If the attacks are a kind of war against Americans they will last until Americans get out of Iraq","type":"I","timestamp":"2012-04-12 18:30:28"},{"nodeID":"3835","text":"How many Westerners were 'kidnapped' prior to the invasion?","type":"I","timestamp":"2012-04-12 18:30:28"},{"nodeID":"3836","text":"The best explanation for the kidnappings is that they are a reaction to the American invasion","type":"I","timestamp":"2012-04-12 18:30:28"},{"nodeID":"3837","text":"Blair considers kidnappers just normal terrorists","type":"I","timestamp":"2012-04-12 18:30:28"},{"nodeID":"3838","text":"The best means of stopping terrorists' actions is to resist their blackmails","type":"I","timestamp":"2012-04-12 18:30:28"},{"nodeID":"3839","text":"RA","type":"RA","timestamp":"2012-04-12 18:30:28"},{"nodeID":"3840","text":"RA","type":"RA","timestamp":"2012-04-12 18:30:29"},{"nodeID":"3841","text":"RA","type":"RA","timestamp":"2012-04-12 18:30:29","scheme":"CauseToEffect"},{"nodeID":"3842","text":"RA","type":"RA","timestamp":"2012-04-12 18:30:29"},{"nodeID":"3843","text":"RA","type":"RA","timestamp":"2012-04-12 18:30:30","scheme":"PracticalReasoning"}],"edges":[{"edgeID":"3617","fromID":"3829","toID":"3839","formEdgeID":null},{"edgeID":"3618","fromID":"3830","toID":"3839","formEdgeID":null},{"edgeID":"3619","fromID":"3839","toID":"3828","formEdgeID":null},{"edgeID":"3620","fromID":"3831","toID":"3840","formEdgeID":null},{"edgeID":"3621","fromID":"3832","toID":"3840","formEdgeID":null},{"edgeID":"3622","fromID":"3840","toID":"3829","formEdgeID":null},{"edgeID":"3623","fromID":"3833","toID":"3841","formEdgeID":null},{"edgeID":"3624","fromID":"3834","toID":"3841","formEdgeID":null},{"edgeID":"3625","fromID":"3841","toID":"3831","formEdgeID":null},{"edgeID":"3626","fromID":"3835","toID":"3842","formEdgeID":null},{"edgeID":"3627","fromID":"3836","toID":"3842","formEdgeID":null},{"edgeID":"3628","fromID":"3842","toID":"3833","formEdgeID":null},{"edgeID":"3629","fromID":"3837","toID":"3843","formEdgeID":null},{"edgeID":"3630","fromID":"3838","toID":"3843","formEdgeID":null},{"edgeID":"3631","fromID":"3843","toID":"3830","formEdgeID":null}]}