{"nodes":[{"nodeID":"4834","text":"The two parties should recognize the concerns of the other side","type":"I","timestamp":"2012-04-12 18:33:48"},{"nodeID":"4835","text":"Marwan Jamil Muasher Minister of Foreign Affairs of Jordan said","type":"I","timestamp":"2012-04-12 18:33:48"},{"nodeID":"4836","text":"There is a real mincing of words  at the moment Muasher said. As long as a reluctance to recognize the genuine concerns of the other sides exists peace will not come.","type":"I","timestamp":"2012-04-12 18:33:48"},{"nodeID":"4837","text":"We are as close as we've ever been  to a solution but there still exists  the worst situation on the ground.","type":"I","timestamp":"2012-04-12 18:33:48"},{"nodeID":"4838","text":"clear actions need to be taken by both sides. Arab leaders need to forcefully state that  suicide bombings are wrong from a moral and political point of view. Israel needs to clearly and unequivocally state that it will implement the road map in full  including a return to 1967 borders","type":"I","timestamp":"2012-04-12 18:33:48"},{"nodeID":"4839","text":"RA","type":"RA","timestamp":"2012-04-12 18:33:48","scheme":"ExpertOpinion"},{"nodeID":"4840","text":"RA","type":"RA","timestamp":"2012-04-12 18:33:49"},{"nodeID":"4841","text":"RA","type":"RA","timestamp":"2012-04-12 18:33:49","scheme":"PracticalReasoning"}],"edges":[{"edgeID":"4535","fromID":"4835","toID":"4839","formEdgeID":null},{"edgeID":"4536","fromID":"4839","toID":"4838","formEdgeID":null},{"edgeID":"4537","fromID":"4836","toID":"4840","formEdgeID":null},{"edgeID":"4538","fromID":"4840","toID":"4834","formEdgeID":null},{"edgeID":"4539","fromID":"4837","toID":"4841","formEdgeID":null},{"edgeID":"4540","fromID":"4838","toID":"4841","formEdgeID":null},{"edgeID":"4541","fromID":"4841","toID":"4834","formEdgeID":null}]}