{"nodes":[{"nodeID":"3291","text":"certainly men are not","type":"I","timestamp":"2012-04-12 18:28:40"},{"nodeID":"3292","text":"The hierarchy of perfection is correlated to the hierarchy of faculties","type":"I","timestamp":"2012-04-12 18:28:40"},{"nodeID":"3293","text":"even the gods are not omniscient","type":"I","timestamp":"2012-04-12 18:28:40"},{"nodeID":"3294","text":"Men in the hierarchy of perfection are lower than gods","type":"I","timestamp":"2012-04-12 18:28:40"},{"nodeID":"3295","text":"RA","type":"RA","timestamp":"2012-04-12 18:28:40"}],"edges":[{"edgeID":"3149","fromID":"3292","toID":"3295","formEdgeID":null},{"edgeID":"3150","fromID":"3293","toID":"3295","formEdgeID":null},{"edgeID":"3151","fromID":"3294","toID":"3295","formEdgeID":null},{"edgeID":"3152","fromID":"3295","toID":"3291","formEdgeID":null}]}