{"nodes":[{"nodeID":"800","text":"Their voodoo fantasies were safe in Crawford.","type":"I","timestamp":"2012-04-12 18:20:05"},{"nodeID":"2175","text":"The opposite point of view was not represented","type":"I","timestamp":"2012-04-12 18:24:56"},{"nodeID":"2176","text":"This is the ferociously irresponsible crowd that has turned its back on simple arithmetic and thinks the answer to every economic question is a gigantic tax cut for the rich.","type":"I","timestamp":"2012-04-12 18:24:56"},{"nodeID":"2177","text":"Only if there is somebody defending an opposite point of view they can change idea","type":"I","timestamp":"2012-04-12 18:24:56"},{"nodeID":"2178","text":"They have not been confronted with reality and budgets an opposite point of view","type":"I","timestamp":"2012-04-12 18:24:56"},{"nodeID":"2179","text":"There was no one at the ranch to chastise them for bequeathing backbreaking budget deficits to generations yet unborn.","type":"I","timestamp":"2012-04-12 18:24:56"},{"nodeID":"2180","text":"And no one was there to confront them with evidence of the intense suffering that so many poor working-class and middle-class families are experiencing right now because of job losses on Mr. Bush's watch.","type":"I","timestamp":"2012-04-12 18:24:56"},{"nodeID":"2181","text":"RA","type":"RA","timestamp":"2012-04-12 18:24:56"},{"nodeID":"2182","text":"RA","type":"RA","timestamp":"2012-04-12 18:24:57","scheme":"CauseToEffect"},{"nodeID":"2183","text":"RA","type":"RA","timestamp":"2012-04-12 18:24:57"}],"edges":[{"edgeID":"2105","fromID":"2175","toID":"2181","formEdgeID":null},{"edgeID":"2106","fromID":"2181","toID":"2178","formEdgeID":null},{"edgeID":"2107","fromID":"2176","toID":"2182","formEdgeID":null},{"edgeID":"2108","fromID":"2177","toID":"2182","formEdgeID":null},{"edgeID":"2109","fromID":"2178","toID":"2182","formEdgeID":null},{"edgeID":"2110","fromID":"2182","toID":"800","formEdgeID":null},{"edgeID":"2111","fromID":"2179","toID":"2183","formEdgeID":null},{"edgeID":"2112","fromID":"2180","toID":"2183","formEdgeID":null},{"edgeID":"2113","fromID":"2183","toID":"2175","formEdgeID":null}]}