{"nodes":[{"nodeID":"478","text":"China is not fulfilling its obligations under the UN Refugee Convention.","type":"I","timestamp":"2012-04-12 18:19:04"},{"nodeID":"479","text":"under the UN Refugee Convention to which it is a party China is obligated not to push back asylum seekers in danger of persecution","type":"I","timestamp":"2012-04-12 18:19:04"},{"nodeID":"480","text":"If North Koreans who are in danger of being persecuted are being pushed back and China is obliged not to do so China is in violation of its obligations.","type":"I","timestamp":"2012-04-12 18:19:04"},{"nodeID":"481","text":"At any moment North Koreans risk being picked up by Chinese authorities and returned to North Korea under the terms of a secret 1986 agreement between Beijing and Pyongyang","type":"I","timestamp":"2012-04-12 18:19:04"},{"nodeID":"482","text":"If North Koreans are picked up in China and returned to North Korea they are in danger of being persecuted.","type":"I","timestamp":"2012-04-12 18:19:04"},{"nodeID":"483","text":"In North Korea anyone leaving the country without authorization is subject to three years in a labor camp or even the death penalty","type":"I","timestamp":"2012-04-12 18:19:04"},{"nodeID":"484","text":"Receiving three years in a labor camp or even the death penalty for leaving the country is persecution.","type":"I","timestamp":"2012-04-12 18:19:04"},{"nodeID":"485","text":"RA","type":"RA","timestamp":"2012-04-12 18:19:04"},{"nodeID":"486","text":"RA","type":"RA","timestamp":"2012-04-12 18:19:05"}],"edges":[{"edgeID":"443","fromID":"479","toID":"485","formEdgeID":null},{"edgeID":"444","fromID":"480","toID":"485","formEdgeID":null},{"edgeID":"445","fromID":"481","toID":"485","formEdgeID":null},{"edgeID":"446","fromID":"482","toID":"485","formEdgeID":null},{"edgeID":"447","fromID":"485","toID":"478","formEdgeID":null},{"edgeID":"448","fromID":"483","toID":"486","formEdgeID":null},{"edgeID":"449","fromID":"484","toID":"486","formEdgeID":null},{"edgeID":"450","fromID":"486","toID":"482","formEdgeID":null}]}