{"nodes":[{"nodeID":"3717","text":"it looked like a hard claim to justify","type":"I","timestamp":"2012-04-12 18:30:06"},{"nodeID":"3718","text":"We are making serious progress in defeating these extremists  the interim prime minister said  and ensuring that democracy wins out in Iraq.","type":"I","timestamp":"2012-04-12 18:30:06"},{"nodeID":"3719","text":"Plausibly the attempts to defeat the extremists are failing","type":"I","timestamp":"2012-04-12 18:30:06"},{"nodeID":"3720","text":"If the contrary position is very well supported by evidence it is hard to justify the claim","type":"I","timestamp":"2012-04-12 18:30:06"},{"nodeID":"3721","text":"on a day during which the latest attack in Iraq claimed the lives of more than 40 people most of them children","type":"I","timestamp":"2012-04-12 18:30:06"},{"nodeID":"3722","text":"The deadly attack is a sign of the increasing violence and of the failure in defeating terrorists","type":"I","timestamp":"2012-04-12 18:30:06"},{"nodeID":"3723","text":"RA","type":"RA","timestamp":"2012-04-12 18:30:06","scheme":"CauseToEffect"},{"nodeID":"3724","text":"RA","type":"RA","timestamp":"2012-04-12 18:30:06","scheme":"Sign"}],"edges":[{"edgeID":"3518","fromID":"3718","toID":"3723","formEdgeID":null},{"edgeID":"3519","fromID":"3719","toID":"3723","formEdgeID":null},{"edgeID":"3520","fromID":"3720","toID":"3723","formEdgeID":null},{"edgeID":"3521","fromID":"3723","toID":"3717","formEdgeID":null},{"edgeID":"3522","fromID":"3721","toID":"3724","formEdgeID":null},{"edgeID":"3523","fromID":"3722","toID":"3724","formEdgeID":null},{"edgeID":"3524","fromID":"3724","toID":"3719","formEdgeID":null}]}