{"nodes":[{"nodeID":"503","text":"Putting Saddam Hussein on trial will be complicated but it has to be done","type":"I","timestamp":"2012-04-12 18:19:08"},{"nodeID":"506","text":"You don't build respect for the rule of law by choosing to kill someone no matter how heinous their crimes because it's the easier thing to do.","type":"I","timestamp":"2012-04-12 18:19:09"},{"nodeID":"1734","text":"The trial is positive under the point of view of civic education","type":"I","timestamp":"2012-04-12 18:23:14"},{"nodeID":"1735","text":"The goal of Human RIghts Watch is to build respect for the rule of law","type":"I","timestamp":"2012-04-12 18:23:14"},{"nodeID":"1736","text":"The trial is opposite to execution under the point of view of respect of the law","type":"I","timestamp":"2012-04-12 18:23:14"},{"nodeID":"1737","text":"The choice of killing someone is negative under the point of view of civic education","type":"I","timestamp":"2012-04-12 18:23:14"},{"nodeID":"1738","text":"RA","type":"RA","timestamp":"2012-04-12 18:23:15"},{"nodeID":"1739","text":"RA","type":"RA","timestamp":"2012-04-12 18:23:15","scheme":"PracticalReasoning"},{"nodeID":"1740","text":"RA","type":"RA","timestamp":"2012-04-12 18:23:15"}],"edges":[{"edgeID":"1620","fromID":"506","toID":"1738","formEdgeID":null},{"edgeID":"1621","fromID":"1738","toID":"1737","formEdgeID":null},{"edgeID":"1622","fromID":"1734","toID":"1739","formEdgeID":null},{"edgeID":"1623","fromID":"1735","toID":"1739","formEdgeID":null},{"edgeID":"1624","fromID":"1739","toID":"503","formEdgeID":null},{"edgeID":"1625","fromID":"1736","toID":"1740","formEdgeID":null},{"edgeID":"1626","fromID":"1737","toID":"1740","formEdgeID":null},{"edgeID":"1627","fromID":"1740","toID":"1734","formEdgeID":null}]}