{"nodes":[{"nodeID":"3317","text":"In this identification of moral activity with techniques who does not recognize the philosophy of the pharisaic approximation that is of trickery?","type":"I","timestamp":"2012-04-12 18:28:45"},{"nodeID":"3318","text":"Sufference is not seen as an end in itself but as a means","type":"I","timestamp":"2012-04-12 18:28:45"},{"nodeID":"3319","text":"You say: it is not necessary to suffer but to get well.","type":"I","timestamp":"2012-04-12 18:28:45"},{"nodeID":"3320","text":"RA","type":"RA","timestamp":"2012-04-12 18:28:45"},{"nodeID":"3321","text":"RA","type":"RA","timestamp":"2012-04-12 18:28:45"}],"edges":[{"edgeID":"3170","fromID":"3318","toID":"3320","formEdgeID":null},{"edgeID":"3171","fromID":"3320","toID":"3317","formEdgeID":null},{"edgeID":"3172","fromID":"3319","toID":"3321","formEdgeID":null},{"edgeID":"3173","fromID":"3321","toID":"3318","formEdgeID":null}]}