{"nodes":[{"nodeID":"405","text":"The scene certainly gave the appearance that Sheila Caffell had shot herself","type":"I","timestamp":"2012-04-12 18:18:49"},{"nodeID":"1612","text":"Across her chest and pointing up at her neck through which the wounds that had killed her had been fired was the rifle used to shoot all five members of the family.","type":"I","timestamp":"2012-04-12 18:22:49"},{"nodeID":"1613","text":"If a person shoots at himself the weapon is close to his corpse","type":"I","timestamp":"2012-04-12 18:22:49"},{"nodeID":"1614","text":"The caller was the appellant and having given his name and address he said:    You've got to help me. My father has rang me and said  Please come over. Your sister has gone crazy and has got the gun.  Then the line went dead.","type":"I","timestamp":"2012-04-12 18:22:49"},{"nodeID":"1615","text":"his sister had a history of psychiatric illness","type":"I","timestamp":"2012-04-12 18:22:49"},{"nodeID":"1616","text":"he confirmed that there were guns at his father's house","type":"I","timestamp":"2012-04-12 18:22:49"},{"nodeID":"1617","text":"RA","type":"RA","timestamp":"2012-04-12 18:22:50"},{"nodeID":"1618","text":"RA","type":"RA","timestamp":"2012-04-12 18:22:50"}],"edges":[{"edgeID":"1499","fromID":"1612","toID":"1617","formEdgeID":null},{"edgeID":"1500","fromID":"1613","toID":"1617","formEdgeID":null},{"edgeID":"1501","fromID":"1617","toID":"405","formEdgeID":null},{"edgeID":"1502","fromID":"1614","toID":"1618","formEdgeID":null},{"edgeID":"1503","fromID":"1615","toID":"1618","formEdgeID":null},{"edgeID":"1504","fromID":"1616","toID":"1618","formEdgeID":null},{"edgeID":"1505","fromID":"1618","toID":"405","formEdgeID":null}]}