{"nodes":[{"nodeID":"2406","text":"The outlook was black for Assyria.","type":"I","timestamp":"2012-04-12 18:25:46"},{"nodeID":"2407","text":"Assyria won't be helped","type":"I","timestamp":"2012-04-12 18:25:46"},{"nodeID":"2408","text":"The only means for Assyria to resist the invader is to receive help from some other country","type":"I","timestamp":"2012-04-12 18:25:46"},{"nodeID":"2409","text":"Sin-shar-ishkum in desperation sought help from both  Scythians and Egyptians but it was a vain hope.","type":"I","timestamp":"2012-04-12 18:25:46"},{"nodeID":"2410","text":"Scythians were the more likely to provide Assyria with help","type":"I","timestamp":"2012-04-12 18:25:46"},{"nodeID":"2411","text":"The Scythians double-crossed him.","type":"I","timestamp":"2012-04-12 18:25:46"},{"nodeID":"2412","text":"RA","type":"RA","timestamp":"2012-04-12 18:25:46","scheme":"CauseToEffect"},{"nodeID":"2413","text":"RA","type":"RA","timestamp":"2012-04-12 18:25:47","scheme":"Example"}],"edges":[{"edgeID":"2326","fromID":"2407","toID":"2412","formEdgeID":null},{"edgeID":"2327","fromID":"2408","toID":"2412","formEdgeID":null},{"edgeID":"2328","fromID":"2412","toID":"2406","formEdgeID":null},{"edgeID":"2329","fromID":"2409","toID":"2413","formEdgeID":null},{"edgeID":"2330","fromID":"2410","toID":"2413","formEdgeID":null},{"edgeID":"2331","fromID":"2411","toID":"2413","formEdgeID":null},{"edgeID":"2332","fromID":"2413","toID":"2407","formEdgeID":null}]}