{"nodes":[{"nodeID":"3048","text":"La legge Gasparri puo` essere disapplicata immediatamente dall'autorita` antitrust italiana o dal giudice ordinario.","type":"I","timestamp":"2012-04-12 18:27:53"},{"nodeID":"3049","text":"Il giurista Guido Rossi padre della Consob e della legge antitrust consulente della Commissione europea per la riforma del diritto societario e` tassativo.","type":"I","timestamp":"2012-04-12 18:27:53"},{"nodeID":"3050","text":"Basta che un concorrente impugni un contratto pubblicitario di Mediaset o della Rai e il giudice e` tenuto a disapplicare la Gasparri.","type":"I","timestamp":"2012-04-12 18:27:53"},{"nodeID":"3051","text":"Quel contratto costituisce infatti un abuso di posizione dominante","type":"I","timestamp":"2012-04-12 18:27:53"},{"nodeID":"3052","text":"Il diritto europeo e` chiaro su questo punto e il diritto europeo in questa materia prevale sulle leggi nazionali: i tribunali italiani non hanno altra scelta se non quella di applicarlo .","type":"I","timestamp":"2012-04-12 18:27:53"},{"nodeID":"3053","text":"RA","type":"RA","timestamp":"2012-04-12 18:27:53"},{"nodeID":"3054","text":"RA","type":"RA","timestamp":"2012-04-12 18:27:53"}],"edges":[{"edgeID":"2926","fromID":"3049","toID":"3053","formEdgeID":null},{"edgeID":"2927","fromID":"3053","toID":"3048","formEdgeID":null},{"edgeID":"2928","fromID":"3050","toID":"3054","formEdgeID":null},{"edgeID":"2929","fromID":"3051","toID":"3054","formEdgeID":null},{"edgeID":"2930","fromID":"3052","toID":"3054","formEdgeID":null},{"edgeID":"2931","fromID":"3054","toID":"3048","formEdgeID":null}]}