{"nodes":[{"nodeID":"3914","text":"India's population alone is far bigger than Africa's.","type":"I","timestamp":"2012-04-12 18:30:44"},{"nodeID":"3915","text":"If the disease were to spread to Bangladesh Nepal and Pakistan we would face a regional epidemic affecting more than a quarter of those alive in the world today.","type":"I","timestamp":"2012-04-12 18:30:44"},{"nodeID":"3918","text":"future programmes must be designed to arrest a potential massive explosion of HIV\/AIDS elsewhere as well.","type":"I","timestamp":"2012-04-12 18:30:45"},{"nodeID":"3919","text":"If we do not invest in stopping the epidemy in India the virus will spread","type":"I","timestamp":"2012-04-12 18:30:45"},{"nodeID":"3920","text":"However if India's rate of infection were to rise to a mere in comparative terms 5 per cent. not only would millions more Indians be condemned to death but so could millions of their neighbours.","type":"I","timestamp":"2012-04-12 18:30:45"},{"nodeID":"3921","text":"RA","type":"RA","timestamp":"2012-04-12 18:30:45"}],"edges":[{"edgeID":"3698","fromID":"3919","toID":"3921","formEdgeID":null},{"edgeID":"3699","fromID":"3914","toID":"3921","formEdgeID":null},{"edgeID":"3700","fromID":"3915","toID":"3921","formEdgeID":null},{"edgeID":"3701","fromID":"3920","toID":"3921","formEdgeID":null},{"edgeID":"3702","fromID":"3921","toID":"3918","formEdgeID":null}]}