{"nodes":[{"nodeID":"2768","text":"You should vote for me","type":"I","timestamp":"2012-04-12 18:26:59"},{"nodeID":"3172","text":"I support welfare reform that strengthens family and requires work.","type":"I","timestamp":"2012-04-12 18:28:17"},{"nodeID":"3173","text":"we must make a place for the unborn child","type":"I","timestamp":"2012-04-12 18:28:17"},{"nodeID":"3174","text":"our government must never discriminate against them.","type":"I","timestamp":"2012-04-12 18:28:17"},{"nodeID":"3175","text":"I support the protection of marriage against activist judges.","type":"I","timestamp":"2012-04-12 18:28:17"},{"nodeID":"3176","text":"I will continue to appoint federal judges who know the difference between personal opinion and the strict interpretation of the law.","type":"I","timestamp":"2012-04-12 18:28:17"},{"nodeID":"3177","text":"I am defending the ideals of the society","type":"I","timestamp":"2012-04-12 18:28:18"},{"nodeID":"3178","text":"We all want to defend these ideals","type":"I","timestamp":"2012-04-12 18:28:18"},{"nodeID":"3179","text":"family and work are sources of stability and dignity","type":"I","timestamp":"2012-04-12 18:28:18"},{"nodeID":"3180","text":"Welfare reform helps family","type":"I","timestamp":"2012-04-12 18:28:18"},{"nodeID":"3181","text":"We all want family to be strenghtened","type":"I","timestamp":"2012-04-12 18:28:18"},{"nodeID":"3182","text":"a caring society will value its weakest members","type":"I","timestamp":"2012-04-12 18:28:18"},{"nodeID":"3183","text":"We are a caring society","type":"I","timestamp":"2012-04-12 18:28:18"},{"nodeID":"3184","text":"The best means to value the weakest members of a society is to make a place for the unborn child","type":"I","timestamp":"2012-04-12 18:28:18"},{"nodeID":"3185","text":"religious charities provide a safety net of mercy and compassion","type":"I","timestamp":"2012-04-12 18:28:18"},{"nodeID":"3186","text":"The best means to help charities is not to discriminate against them","type":"I","timestamp":"2012-04-12 18:28:18"},{"nodeID":"3187","text":"We all want to help charity","type":"I","timestamp":"2012-04-12 18:28:18"},{"nodeID":"3188","text":"the union of a man and woman deserves an honored place in our society","type":"I","timestamp":"2012-04-12 18:28:18"},{"nodeID":"3189","text":"We all want to strenghten marriage","type":"I","timestamp":"2012-04-12 18:28:18"},{"nodeID":"3190","text":"The best means to do it is to protect marriage against activist judges","type":"I","timestamp":"2012-04-12 18:28:18"},{"nodeID":"3191","text":"RA","type":"RA","timestamp":"2012-04-12 18:28:18","scheme":"Example"},{"nodeID":"3192","text":"RA","type":"RA","timestamp":"2012-04-12 18:28:19","scheme":"Example"},{"nodeID":"3193","text":"RA","type":"RA","timestamp":"2012-04-12 18:28:19","scheme":"Example"},{"nodeID":"3194","text":"RA","type":"RA","timestamp":"2012-04-12 18:28:19","scheme":"Example"},{"nodeID":"3195","text":"RA","type":"RA","timestamp":"2012-04-12 18:28:19","scheme":"Example"},{"nodeID":"3196","text":"RA","type":"RA","timestamp":"2012-04-12 18:28:20"},{"nodeID":"3197","text":"RA","type":"RA","timestamp":"2012-04-12 18:28:20","scheme":"PracticalReasoning"},{"nodeID":"3198","text":"RA","type":"RA","timestamp":"2012-04-12 18:28:20","scheme":"PracticalReasoning"},{"nodeID":"3199","text":"RA","type":"RA","timestamp":"2012-04-12 18:28:21","scheme":"PracticalReasoning"},{"nodeID":"3200","text":"RA","type":"RA","timestamp":"2012-04-12 18:28:21","scheme":"PracticalReasoning"}],"edges":[{"edgeID":"3044","fromID":"3172","toID":"3191","formEdgeID":null},{"edgeID":"3045","fromID":"3191","toID":"3177","formEdgeID":null},{"edgeID":"3046","fromID":"3173","toID":"3192","formEdgeID":null},{"edgeID":"3047","fromID":"3192","toID":"3177","formEdgeID":null},{"edgeID":"3048","fromID":"3174","toID":"3193","formEdgeID":null},{"edgeID":"3049","fromID":"3193","toID":"3177","formEdgeID":null},{"edgeID":"3050","fromID":"3175","toID":"3194","formEdgeID":null},{"edgeID":"3051","fromID":"3194","toID":"3177","formEdgeID":null},{"edgeID":"3052","fromID":"3176","toID":"3195","formEdgeID":null},{"edgeID":"3053","fromID":"3195","toID":"3177","formEdgeID":null},{"edgeID":"3054","fromID":"3177","toID":"3196","formEdgeID":null},{"edgeID":"3055","fromID":"3178","toID":"3196","formEdgeID":null},{"edgeID":"3056","fromID":"3196","toID":"2768","formEdgeID":null},{"edgeID":"3057","fromID":"3179","toID":"3197","formEdgeID":null},{"edgeID":"3058","fromID":"3180","toID":"3197","formEdgeID":null},{"edgeID":"3059","fromID":"3181","toID":"3197","formEdgeID":null},{"edgeID":"3060","fromID":"3197","toID":"3172","formEdgeID":null},{"edgeID":"3061","fromID":"3182","toID":"3198","formEdgeID":null},{"edgeID":"3062","fromID":"3183","toID":"3198","formEdgeID":null},{"edgeID":"3063","fromID":"3184","toID":"3198","formEdgeID":null},{"edgeID":"3064","fromID":"3198","toID":"3173","formEdgeID":null},{"edgeID":"3065","fromID":"3185","toID":"3199","formEdgeID":null},{"edgeID":"3066","fromID":"3186","toID":"3199","formEdgeID":null},{"edgeID":"3067","fromID":"3187","toID":"3199","formEdgeID":null},{"edgeID":"3068","fromID":"3199","toID":"3174","formEdgeID":null},{"edgeID":"3069","fromID":"3188","toID":"3200","formEdgeID":null},{"edgeID":"3070","fromID":"3189","toID":"3200","formEdgeID":null},{"edgeID":"3071","fromID":"3190","toID":"3200","formEdgeID":null},{"edgeID":"3072","fromID":"3200","toID":"3175","formEdgeID":null}]}