{"nodes":[{"nodeID":"4610","text":"Iraquis should support American troops","type":"I","timestamp":"2012-04-12 18:33:04"},{"nodeID":"4611","text":"As our coalition takes away their power we will deliver the food and medicine you need.","type":"I","timestamp":"2012-04-12 18:33:04"},{"nodeID":"4612","text":"We will tear down the apparatus of terror and we will help you to build a new Iraq that is prosperous and free","type":"I","timestamp":"2012-04-12 18:33:04"},{"nodeID":"4613","text":"In a free Iraq there will be no more wars of aggression against your neighbors no more poison factories no more executions of dissidents no more torture chambers and rape rooms","type":"I","timestamp":"2012-04-12 18:33:04"},{"nodeID":"4614","text":"The war will have extremely positive consequences on Iraquis","type":"I","timestamp":"2012-04-12 18:33:04"},{"nodeID":"4615","text":"Iraquis`s goal is to live better lives","type":"I","timestamp":"2012-04-12 18:33:04"},{"nodeID":"4616","text":"RA","type":"RA","timestamp":"2012-04-12 18:33:04","scheme":"Example"},{"nodeID":"4617","text":"RA","type":"RA","timestamp":"2012-04-12 18:33:05","scheme":"Example"},{"nodeID":"4618","text":"RA","type":"RA","timestamp":"2012-04-12 18:33:05","scheme":"Example"},{"nodeID":"4619","text":"RA","type":"RA","timestamp":"2012-04-12 18:33:05"}],"edges":[{"edgeID":"4334","fromID":"4611","toID":"4616","formEdgeID":null},{"edgeID":"4335","fromID":"4616","toID":"4614","formEdgeID":null},{"edgeID":"4336","fromID":"4612","toID":"4617","formEdgeID":null},{"edgeID":"4337","fromID":"4617","toID":"4614","formEdgeID":null},{"edgeID":"4338","fromID":"4613","toID":"4618","formEdgeID":null},{"edgeID":"4339","fromID":"4618","toID":"4614","formEdgeID":null},{"edgeID":"4340","fromID":"4614","toID":"4619","formEdgeID":null},{"edgeID":"4341","fromID":"4615","toID":"4619","formEdgeID":null},{"edgeID":"4342","fromID":"4619","toID":"4610","formEdgeID":null}]}