{"nodes":[{"nodeID":"2612","text":"This is not a question of authority it is a question of will.","type":"I","timestamp":"2012-04-12 18:26:28"},{"nodeID":"2613","text":"Under Resolutions 678 and 687 -- both still in effect -- the United States and our allies are authorized to use force in ridding Iraq of weapons of mass destruction","type":"I","timestamp":"2012-04-12 18:26:28"},{"nodeID":"2614","text":"The best explanations for the International non-intervertion in Iraq are the lack of authority or the lack of will","type":"I","timestamp":"2012-04-12 18:26:28"},{"nodeID":"2615","text":"The U.S. are authorized to act","type":"I","timestamp":"2012-04-12 18:26:28"},{"nodeID":"2616","text":"In the case of Iraq the Security Council did act in the early 1990s.","type":"I","timestamp":"2012-04-12 18:26:28"},{"nodeID":"2617","text":"In the early 90s the sitaution was similar to now","type":"I","timestamp":"2012-04-12 18:26:28"},{"nodeID":"2618","text":"In the early 90s the action was considered legal","type":"I","timestamp":"2012-04-12 18:26:29"},{"nodeID":"2619","text":"RA","type":"RA","timestamp":"2012-04-12 18:26:29","scheme":"EstablishedRule"},{"nodeID":"2620","text":"RA","type":"RA","timestamp":"2012-04-12 18:26:29"},{"nodeID":"2621","text":"RA","type":"RA","timestamp":"2012-04-12 18:26:29","scheme":"Analogy"}],"edges":[{"edgeID":"2516","fromID":"2613","toID":"2619","formEdgeID":null},{"edgeID":"2517","fromID":"2619","toID":"2615","formEdgeID":null},{"edgeID":"2518","fromID":"2614","toID":"2620","formEdgeID":null},{"edgeID":"2519","fromID":"2615","toID":"2620","formEdgeID":null},{"edgeID":"2520","fromID":"2620","toID":"2612","formEdgeID":null},{"edgeID":"2521","fromID":"2616","toID":"2621","formEdgeID":null},{"edgeID":"2522","fromID":"2617","toID":"2621","formEdgeID":null},{"edgeID":"2523","fromID":"2618","toID":"2621","formEdgeID":null},{"edgeID":"2524","fromID":"2621","toID":"2615","formEdgeID":null}]}