{"nodes":[{"nodeID":"568","text":"The recharging of ground water should be taken care of","type":"I","timestamp":"2012-04-12 18:19:20"},{"nodeID":"569","text":"pumping ground water in discriminately without recharging is creating havoc","type":"I","timestamp":"2012-04-12 18:19:20"},{"nodeID":"571","text":"The water level is reducing day by day","type":"I","timestamp":"2012-04-12 18:19:20"},{"nodeID":"1267","text":"The consequence of not taking care of water recharging is extremely negative","type":"I","timestamp":"2012-04-12 18:21:36"},{"nodeID":"1268","text":"When the water table comes down it affects the drinking water and tubewells get dislodged","type":"I","timestamp":"2012-04-12 18:21:36"},{"nodeID":"1269","text":"The reduction of level of water is provoked by indiscriminate pumping","type":"I","timestamp":"2012-04-12 18:21:36"},{"nodeID":"1270","text":"If the water level comes down it affects drinking water","type":"I","timestamp":"2012-04-12 18:21:36"},{"nodeID":"1271","text":"RA","type":"RA","timestamp":"2012-04-12 18:21:36"},{"nodeID":"1272","text":"RA","type":"RA","timestamp":"2012-04-12 18:21:36","scheme":"Example"},{"nodeID":"1273","text":"RA","type":"RA","timestamp":"2012-04-12 18:21:37","scheme":"CauseToEffect"}],"edges":[{"edgeID":"1157","fromID":"1267","toID":"1271","formEdgeID":null},{"edgeID":"1158","fromID":"569","toID":"1271","formEdgeID":null},{"edgeID":"1159","fromID":"1271","toID":"568","formEdgeID":null},{"edgeID":"1160","fromID":"1268","toID":"1272","formEdgeID":null},{"edgeID":"1161","fromID":"1269","toID":"1272","formEdgeID":null},{"edgeID":"1162","fromID":"1272","toID":"569","formEdgeID":null},{"edgeID":"1163","fromID":"1270","toID":"1273","formEdgeID":null},{"edgeID":"1164","fromID":"571","toID":"1273","formEdgeID":null},{"edgeID":"1165","fromID":"1273","toID":"1268","formEdgeID":null}]}