{"nodes":[{"nodeID":"2463","text":"We should not elect Bush","type":"I","timestamp":"2012-04-12 18:25:57"},{"nodeID":"2464","text":"If we elect Bush this situation of  war and instability is going to continue.","type":"I","timestamp":"2012-04-12 18:25:57"},{"nodeID":"2465","text":"Our goal is to achieve a political and international stability","type":"I","timestamp":"2012-04-12 18:25:58"},{"nodeID":"2466","text":"RA","type":"RA","timestamp":"2012-04-12 18:25:58"}],"edges":[{"edgeID":"2377","fromID":"2464","toID":"2466","formEdgeID":null},{"edgeID":"2378","fromID":"2465","toID":"2466","formEdgeID":null},{"edgeID":"2379","fromID":"2466","toID":"2463","formEdgeID":null}]}