{"nodes":[{"nodeID":"576","text":"I have exercised the powers conferred on me by the Rules of Procedures to enable all sections of the House to express their views so that different shades of opinions may be placed before the House on matters under discussion.","type":"I","timestamp":"2012-04-12 18:19:22"},{"nodeID":"577","text":"I have always believed that debates and discussions are the life and blood of parliamentary democracy.","type":"I","timestamp":"2012-04-12 18:19:22"},{"nodeID":"578","text":"If he has always believed that debates and discussions are the life and blood of parliamentary democracy he has exercised the powers conferred on him in order to enable debates and discussions","type":"I","timestamp":"2012-04-12 18:19:22"},{"nodeID":"579","text":"RA","type":"RA","timestamp":"2012-04-12 18:19:22"}],"edges":[{"edgeID":"526","fromID":"577","toID":"579","formEdgeID":null},{"edgeID":"527","fromID":"578","toID":"579","formEdgeID":null},{"edgeID":"528","fromID":"579","toID":"576","formEdgeID":null}]}