{"nodes":[{"nodeID":"4919","text":"The Japanese economy risks to have serious problems if US economy falters","type":"I","timestamp":"2012-04-12 18:34:07"},{"nodeID":"4920","text":"Japanese growth still relies heavily on exports","type":"I","timestamp":"2012-04-12 18:34:07"},{"nodeID":"4921","text":"the US expansion falters","type":"I","timestamp":"2012-04-12 18:34:07"},{"nodeID":"4922","text":"If the US expansion falters American importations from Japan will diminish","type":"I","timestamp":"2012-04-12 18:34:07"},{"nodeID":"4923","text":"consumer spending remains soft","type":"I","timestamp":"2012-04-12 18:34:07"},{"nodeID":"4924","text":"The economy relies on the internal market or on the exportations","type":"I","timestamp":"2012-04-12 18:34:07"},{"nodeID":"4925","text":"the dollar continues to fall","type":"I","timestamp":"2012-04-12 18:34:07"},{"nodeID":"4926","text":"If the dollar continues to fall exportations will be affected","type":"I","timestamp":"2012-04-12 18:34:07"},{"nodeID":"4927","text":"RA","type":"RA","timestamp":"2012-04-12 18:34:07"},{"nodeID":"4928","text":"RA","type":"RA","timestamp":"2012-04-12 18:34:08","scheme":"CauseToEffect"},{"nodeID":"4929","text":"RA","type":"RA","timestamp":"2012-04-12 18:34:08","scheme":"CauseToEffect"}],"edges":[{"edgeID":"4620","fromID":"4920","toID":"4927","formEdgeID":null},{"edgeID":"4621","fromID":"4921","toID":"4927","formEdgeID":null},{"edgeID":"4622","fromID":"4922","toID":"4927","formEdgeID":null},{"edgeID":"4623","fromID":"4927","toID":"4919","formEdgeID":null},{"edgeID":"4624","fromID":"4923","toID":"4928","formEdgeID":null},{"edgeID":"4625","fromID":"4924","toID":"4928","formEdgeID":null},{"edgeID":"4626","fromID":"4928","toID":"4920","formEdgeID":null},{"edgeID":"4627","fromID":"4925","toID":"4929","formEdgeID":null},{"edgeID":"4628","fromID":"4926","toID":"4929","formEdgeID":null},{"edgeID":"4629","fromID":"4929","toID":"4919","formEdgeID":null}]}