{"nodes":[{"nodeID":"3946","text":"Jack spends hardly any time on lesson preparation","type":"I","timestamp":"2012-04-12 18:30:51"},{"nodeID":"3947","text":"he is an experienced teacher","type":"I","timestamp":"2012-04-12 18:30:51"},{"nodeID":"3948","text":"Experienced teachers spend little time on lesson preparation","type":"I","timestamp":"2012-04-12 18:30:51"},{"nodeID":"3949","text":"RA","type":"RA","timestamp":"2012-04-12 18:30:51"}],"edges":[{"edgeID":"3724","fromID":"3947","toID":"3949","formEdgeID":null},{"edgeID":"3725","fromID":"3948","toID":"3949","formEdgeID":null},{"edgeID":"3726","fromID":"3949","toID":"3946","formEdgeID":null}]}