{"nodes":[{"nodeID":"3610","text":"We should not agree on the calls for sanctions","type":"I","timestamp":"2012-04-12 18:29:43"},{"nodeID":"3611","text":"further legitimises its role as a member of the Quartet","type":"I","timestamp":"2012-04-12 18:29:43"},{"nodeID":"3612","text":"increased trade between the EU and Israel is vital both economically for the people of Israel and the Palestinian Authority areas whose economies are closely intertwined and politically","type":"I","timestamp":"2012-04-12 18:29:43"},{"nodeID":"3613","text":"Our interest is to improve the economy and and the political role of EU","type":"I","timestamp":"2012-04-12 18:29:43"},{"nodeID":"3614","text":"it gives the EU a greater stake in the middle east","type":"I","timestamp":"2012-04-12 18:29:43"},{"nodeID":"3615","text":"If a country has a big stake in another nation its political importance in that area will be increased","type":"I","timestamp":"2012-04-12 18:29:43"},{"nodeID":"3616","text":"Conversely however well intentioned calls for sanctions are they would be damaging politically and economically.","type":"I","timestamp":"2012-04-12 18:29:43"},{"nodeID":"3617","text":"RA","type":"RA","timestamp":"2012-04-12 18:29:43","scheme":"Example"},{"nodeID":"3618","text":"RA","type":"RA","timestamp":"2012-04-12 18:29:44"},{"nodeID":"3619","text":"RA","type":"RA","timestamp":"2012-04-12 18:29:44","scheme":"CauseToEffect"},{"nodeID":"3620","text":"RA","type":"RA","timestamp":"2012-04-12 18:29:44"}],"edges":[{"edgeID":"3422","fromID":"3611","toID":"3617","formEdgeID":null},{"edgeID":"3423","fromID":"3617","toID":"3612","formEdgeID":null},{"edgeID":"3424","fromID":"3612","toID":"3618","formEdgeID":null},{"edgeID":"3425","fromID":"3613","toID":"3618","formEdgeID":null},{"edgeID":"3426","fromID":"3618","toID":"3610","formEdgeID":null},{"edgeID":"3427","fromID":"3614","toID":"3619","formEdgeID":null},{"edgeID":"3428","fromID":"3615","toID":"3619","formEdgeID":null},{"edgeID":"3429","fromID":"3619","toID":"3611","formEdgeID":null},{"edgeID":"3430","fromID":"3616","toID":"3620","formEdgeID":null},{"edgeID":"3431","fromID":"3613","toID":"3620","formEdgeID":null},{"edgeID":"3432","fromID":"3620","toID":"3610","formEdgeID":null}]}