{"nodes":[{"nodeID":"3682","text":"But while it is not an easy job it is for the US and the Iraqi interim government an essential one","type":"I","timestamp":"2012-04-12 18:29:58"},{"nodeID":"3683","text":"If that happens the task of integrating Iraq's three constituencies of Sunnis Shias and Kurds will be even harder to achieve","type":"I","timestamp":"2012-04-12 18:29:58"},{"nodeID":"3684","text":"there is the risk of them becoming further alienated after the January poll","type":"I","timestamp":"2012-04-12 18:29:58"},{"nodeID":"3685","text":"Elections are a means to integrate Iraq's three constituencies","type":"I","timestamp":"2012-04-12 18:29:58"},{"nodeID":"3686","text":"If one of the most important means of achieving the task fails the task will become harder to achieve","type":"I","timestamp":"2012-04-12 18:29:58"},{"nodeID":"3687","text":"if large numbers of Sunni Muslims cannot vote","type":"I","timestamp":"2012-04-12 18:29:59"},{"nodeID":"3688","text":"Who cannot vote becomes alienated","type":"I","timestamp":"2012-04-12 18:29:59"},{"nodeID":"3689","text":"the holding of elections in these places will be in doubt.","type":"I","timestamp":"2012-04-12 18:29:59"},{"nodeID":"3690","text":"Sunni Muslims live in areas where there is not control and therefore where people cannot vote","type":"I","timestamp":"2012-04-12 18:29:59"},{"nodeID":"3691","text":"If control is not established a large number of Sunni Muslims cannot vote","type":"I","timestamp":"2012-04-12 18:29:59"},{"nodeID":"3692","text":"If control is not established","type":"I","timestamp":"2012-04-12 18:29:59"},{"nodeID":"3693","text":"Elections cannot hold in a situation of political and administrative instability","type":"I","timestamp":"2012-04-12 18:29:59"},{"nodeID":"3694","text":"RA","type":"RA","timestamp":"2012-04-12 18:29:59"},{"nodeID":"3695","text":"RA","type":"RA","timestamp":"2012-04-12 18:29:59"},{"nodeID":"3696","text":"RA","type":"RA","timestamp":"2012-04-12 18:30:00"},{"nodeID":"3697","text":"RA","type":"RA","timestamp":"2012-04-12 18:30:00"},{"nodeID":"3698","text":"RA","type":"RA","timestamp":"2012-04-12 18:30:00"}],"edges":[{"edgeID":"3486","fromID":"3683","toID":"3694","formEdgeID":null},{"edgeID":"3487","fromID":"3694","toID":"3682","formEdgeID":null},{"edgeID":"3488","fromID":"3684","toID":"3695","formEdgeID":null},{"edgeID":"3489","fromID":"3685","toID":"3695","formEdgeID":null},{"edgeID":"3490","fromID":"3686","toID":"3695","formEdgeID":null},{"edgeID":"3491","fromID":"3695","toID":"3683","formEdgeID":null},{"edgeID":"3492","fromID":"3687","toID":"3696","formEdgeID":null},{"edgeID":"3493","fromID":"3688","toID":"3696","formEdgeID":null},{"edgeID":"3494","fromID":"3696","toID":"3684","formEdgeID":null},{"edgeID":"3495","fromID":"3689","toID":"3697","formEdgeID":null},{"edgeID":"3496","fromID":"3690","toID":"3697","formEdgeID":null},{"edgeID":"3497","fromID":"3691","toID":"3697","formEdgeID":null},{"edgeID":"3498","fromID":"3697","toID":"3687","formEdgeID":null},{"edgeID":"3499","fromID":"3692","toID":"3698","formEdgeID":null},{"edgeID":"3500","fromID":"3693","toID":"3698","formEdgeID":null},{"edgeID":"3501","fromID":"3698","toID":"3689","formEdgeID":null}]}