{"nodes":[{"nodeID":"4490","text":"God doesn't exist","type":"I","timestamp":"2012-04-12 18:32:39"},{"nodeID":"4491","text":"God is omnipotent","type":"I","timestamp":"2012-04-12 18:32:39"},{"nodeID":"4492","text":"You're going to have murder after murder maybe sandwiched between a rape or two maybe cut to a war here or there.","type":"I","timestamp":"2012-04-12 18:32:40"},{"nodeID":"4493","text":"You're going to see suffering from the beginning of the hour to the end of the hour","type":"I","timestamp":"2012-04-12 18:32:40"},{"nodeID":"4494","text":"For all these facts we should be led to believe that there's basically no suffering in the world or that there's very very very little","type":"I","timestamp":"2012-04-12 18:32:40"},{"nodeID":"4495","text":"I think that a quick look at the evening news any night would show you this is not the case.","type":"I","timestamp":"2012-04-12 18:32:40"},{"nodeID":"4496","text":"the kind of evil that exists in this world the kind of suffering just doesn't seem to be consistent with what we should be led to expect from our suppositions about the nature of God","type":"I","timestamp":"2012-04-12 18:32:40"},{"nodeID":"4497","text":"God should desire to have a world in which there is as little suffering as possible perhaps none","type":"I","timestamp":"2012-04-12 18:32:40"},{"nodeID":"4498","text":"God's supposed to figure out how to design a world that has basically no harm at all","type":"I","timestamp":"2012-04-12 18:32:40"},{"nodeID":"4499","text":"any design that God brings into being God can actually implement.","type":"I","timestamp":"2012-04-12 18:32:40"},{"nodeID":"4500","text":"If God wants and can minimize suffering and he knows how to do there should not be any sufference at all","type":"I","timestamp":"2012-04-12 18:32:40"},{"nodeID":"4501","text":"given God's given God's omnibenevolence","type":"I","timestamp":"2012-04-12 18:32:40"},{"nodeID":"4502","text":"this is true of God too.","type":"I","timestamp":"2012-04-12 18:32:40"},{"nodeID":"4503","text":"We think individuals around here are good because they want to minimize suffering in the world among other reasons","type":"I","timestamp":"2012-04-12 18:32:40"},{"nodeID":"4504","text":"if we apply the same standard to God","type":"I","timestamp":"2012-04-12 18:32:40"},{"nodeID":"4505","text":"God is omniscient","type":"I","timestamp":"2012-04-12 18:32:40"},{"nodeID":"4506","text":"If you're omniscient you're really smart and you can figure these things out","type":"I","timestamp":"2012-04-12 18:32:40"},{"nodeID":"4507","text":"RA","type":"RA","timestamp":"2012-04-12 18:32:40","scheme":"VerbalClassification"},{"nodeID":"4508","text":"RA","type":"RA","timestamp":"2012-04-12 18:32:41","scheme":"Example"},{"nodeID":"4509","text":"RA","type":"RA","timestamp":"2012-04-12 18:32:41","scheme":"Example"},{"nodeID":"4510","text":"RA","type":"RA","timestamp":"2012-04-12 18:32:41"},{"nodeID":"4511","text":"RA","type":"RA","timestamp":"2012-04-12 18:32:42"},{"nodeID":"4512","text":"RA","type":"RA","timestamp":"2012-04-12 18:32:42","scheme":"VerbalClassification"},{"nodeID":"4513","text":"RA","type":"RA","timestamp":"2012-04-12 18:32:42","scheme":"Analogy"},{"nodeID":"4514","text":"RA","type":"RA","timestamp":"2012-04-12 18:32:43","scheme":"VerbalClassification"}],"edges":[{"edgeID":"4222","fromID":"4491","toID":"4507","formEdgeID":null},{"edgeID":"4223","fromID":"4507","toID":"4499","formEdgeID":null},{"edgeID":"4224","fromID":"4492","toID":"4508","formEdgeID":null},{"edgeID":"4225","fromID":"4508","toID":"4495","formEdgeID":null},{"edgeID":"4226","fromID":"4493","toID":"4509","formEdgeID":null},{"edgeID":"4227","fromID":"4509","toID":"4495","formEdgeID":null},{"edgeID":"4228","fromID":"4494","toID":"4510","formEdgeID":null},{"edgeID":"4229","fromID":"4495","toID":"4510","formEdgeID":null},{"edgeID":"4230","fromID":"4496","toID":"4510","formEdgeID":null},{"edgeID":"4231","fromID":"4510","toID":"4490","formEdgeID":null},{"edgeID":"4232","fromID":"4497","toID":"4511","formEdgeID":null},{"edgeID":"4233","fromID":"4498","toID":"4511","formEdgeID":null},{"edgeID":"4234","fromID":"4499","toID":"4511","formEdgeID":null},{"edgeID":"4235","fromID":"4500","toID":"4511","formEdgeID":null},{"edgeID":"4236","fromID":"4511","toID":"4494","formEdgeID":null},{"edgeID":"4237","fromID":"4501","toID":"4512","formEdgeID":null},{"edgeID":"4238","fromID":"4502","toID":"4512","formEdgeID":null},{"edgeID":"4239","fromID":"4512","toID":"4497","formEdgeID":null},{"edgeID":"4240","fromID":"4503","toID":"4513","formEdgeID":null},{"edgeID":"4241","fromID":"4504","toID":"4513","formEdgeID":null},{"edgeID":"4242","fromID":"4513","toID":"4502","formEdgeID":null},{"edgeID":"4243","fromID":"4505","toID":"4514","formEdgeID":null},{"edgeID":"4244","fromID":"4506","toID":"4514","formEdgeID":null},{"edgeID":"4245","fromID":"4514","toID":"4498","formEdgeID":null}]}