{"nodes":[{"nodeID":"4400","text":"Your argument about your skills in building alliances should not be accepted","type":"I","timestamp":"2012-04-12 18:32:22"},{"nodeID":"4401","text":"My opponent says we didn't have any allies in this war.","type":"I","timestamp":"2012-04-12 18:32:22"},{"nodeID":"4402","text":"You can't expect to build an alliance when you denigrate the contributions of those who are serving side by side with American troops in Iraq.","type":"I","timestamp":"2012-04-12 18:32:22"},{"nodeID":"4403","text":"What's he say to Tony Blair? What's he say to Alexander Kwasniewski of Poland?","type":"I","timestamp":"2012-04-12 18:32:22"},{"nodeID":"4404","text":"RA","type":"RA","timestamp":"2012-04-12 18:32:22"}],"edges":[{"edgeID":"4139","fromID":"4401","toID":"4404","formEdgeID":null},{"edgeID":"4140","fromID":"4402","toID":"4404","formEdgeID":null},{"edgeID":"4141","fromID":"4403","toID":"4404","formEdgeID":null},{"edgeID":"4142","fromID":"4404","toID":"4400","formEdgeID":null}]}