{"nodes":[{"nodeID":"4977","text":"Non ci sara` prova televisiva a carico di Zlatan Ibrahimovic per la testata a Cribari in Udinese-Juve","type":"I","timestamp":"2012-04-12 18:34:18"},{"nodeID":"4978","text":"Nel corso della partita lo svedese aveva rifilato una testata a Cribari che poi s'era gettato a terra dolorante","type":"I","timestamp":"2012-04-12 18:34:18"},{"nodeID":"4979","text":"L'arbitro Farina ha messo a referto l'episodio dichiarando la sceneggiata di Cribari","type":"I","timestamp":"2012-04-12 18:34:18"},{"nodeID":"4980","text":"La prova tv interviene quando un fatto grave avviene senza che arbitro e guardalinee s'avvedano dell'accaduto","type":"I","timestamp":"2012-04-12 18:34:19"},{"nodeID":"4981","text":"Il caso non e` una categoria contemplata dalla legge","type":"I","timestamp":"2012-04-12 18:34:19"},{"nodeID":"4982","text":"RA","type":"RA","timestamp":"2012-04-12 18:34:19"}],"edges":[{"edgeID":"4672","fromID":"4978","toID":"4982","formEdgeID":null},{"edgeID":"4673","fromID":"4979","toID":"4982","formEdgeID":null},{"edgeID":"4674","fromID":"4980","toID":"4982","formEdgeID":null},{"edgeID":"4675","fromID":"4981","toID":"4982","formEdgeID":null},{"edgeID":"4676","fromID":"4982","toID":"4977","formEdgeID":null}]}