{"nodes":[{"nodeID":"1934","text":"God exists","type":"I","timestamp":"2012-04-12 18:23:58"},{"nodeID":"4237","text":"New Testament critics have reached something of a consensus that the historical Jesus came on the scene with an unprecedented sense of divine authority the authority to stand and speak in God's place","type":"I","timestamp":"2012-04-12 18:31:50"},{"nodeID":"4238","text":"That's why the Jewish leadership instigated his crucifixion on the charge of blasphemy.","type":"I","timestamp":"2012-04-12 18:31:50"},{"nodeID":"4239","text":"He claimed that in himself the Kingdom of God had come","type":"I","timestamp":"2012-04-12 18:31:51"},{"nodeID":"4240","text":"he carried out a ministry of miracle-working and exorcisms.","type":"I","timestamp":"2012-04-12 18:31:51"},{"nodeID":"4241","text":"The historical person Jesus of Nazareth was a remarkable individual","type":"I","timestamp":"2012-04-12 18:31:51"},{"nodeID":"4242","text":"The best explanation of the existence of an extraordinary individual like Jesus and of his deeds and words is the existence of God","type":"I","timestamp":"2012-04-12 18:31:51"},{"nodeID":"4243","text":"If Jesus did rise from the dead then it would seem that we have a divine miracle on our hands","type":"I","timestamp":"2012-04-12 18:31:51"},{"nodeID":"4244","text":"Jesus resurrected from the dead","type":"I","timestamp":"2012-04-12 18:31:51"},{"nodeID":"4245","text":"The best explanation for the resurrection of Jesus is the existence of God","type":"I","timestamp":"2012-04-12 18:31:51"},{"nodeID":"4246","text":"the empty tomb","type":"I","timestamp":"2012-04-12 18:31:51"},{"nodeID":"4247","text":"The resurrection is the best explanation of the empty tomb (if Jesus is resurrected his tomb would have been be empty)","type":"I","timestamp":"2012-04-12 18:31:51"},{"nodeID":"4248","text":"Jesus' appearances alive after his death","type":"I","timestamp":"2012-04-12 18:31:51"},{"nodeID":"4249","text":"Jesus' resurrection is the best explanation of his appearances after his death","type":"I","timestamp":"2012-04-12 18:31:51"},{"nodeID":"4250","text":"the very origin of Christian faith.","type":"I","timestamp":"2012-04-12 18:31:51"},{"nodeID":"4251","text":"Jesus' resurrection is the best explanation of the Christian faith","type":"I","timestamp":"2012-04-12 18:31:51"},{"nodeID":"4252","text":"RA","type":"RA","timestamp":"2012-04-12 18:31:51","scheme":"ExpertOpinion"},{"nodeID":"4253","text":"RA","type":"RA","timestamp":"2012-04-12 18:31:52"},{"nodeID":"4254","text":"RA","type":"RA","timestamp":"2012-04-12 18:31:52","scheme":"Example"},{"nodeID":"4255","text":"RA","type":"RA","timestamp":"2012-04-12 18:31:52","scheme":"Example"},{"nodeID":"4256","text":"RA","type":"RA","timestamp":"2012-04-12 18:31:52"},{"nodeID":"4257","text":"RA","type":"RA","timestamp":"2012-04-12 18:31:53"},{"nodeID":"4258","text":"RA","type":"RA","timestamp":"2012-04-12 18:31:53"},{"nodeID":"4259","text":"RA","type":"RA","timestamp":"2012-04-12 18:31:53"},{"nodeID":"4260","text":"RA","type":"RA","timestamp":"2012-04-12 18:31:54"}],"edges":[{"edgeID":"3986","fromID":"4237","toID":"4252","formEdgeID":null},{"edgeID":"3987","fromID":"4252","toID":"4241","formEdgeID":null},{"edgeID":"3988","fromID":"4238","toID":"4253","formEdgeID":null},{"edgeID":"3989","fromID":"4253","toID":"4241","formEdgeID":null},{"edgeID":"3990","fromID":"4239","toID":"4254","formEdgeID":null},{"edgeID":"3991","fromID":"4254","toID":"4241","formEdgeID":null},{"edgeID":"3992","fromID":"4240","toID":"4255","formEdgeID":null},{"edgeID":"3993","fromID":"4255","toID":"4241","formEdgeID":null},{"edgeID":"3994","fromID":"4241","toID":"4256","formEdgeID":null},{"edgeID":"3995","fromID":"4242","toID":"4256","formEdgeID":null},{"edgeID":"3996","fromID":"4256","toID":"1934","formEdgeID":null},{"edgeID":"3997","fromID":"4243","toID":"4257","formEdgeID":null},{"edgeID":"3998","fromID":"4244","toID":"4257","formEdgeID":null},{"edgeID":"3999","fromID":"4245","toID":"4257","formEdgeID":null},{"edgeID":"4000","fromID":"4257","toID":"1934","formEdgeID":null},{"edgeID":"4001","fromID":"4246","toID":"4258","formEdgeID":null},{"edgeID":"4002","fromID":"4247","toID":"4258","formEdgeID":null},{"edgeID":"4003","fromID":"4258","toID":"4244","formEdgeID":null},{"edgeID":"4004","fromID":"4248","toID":"4259","formEdgeID":null},{"edgeID":"4005","fromID":"4249","toID":"4259","formEdgeID":null},{"edgeID":"4006","fromID":"4259","toID":"4244","formEdgeID":null},{"edgeID":"4007","fromID":"4250","toID":"4260","formEdgeID":null},{"edgeID":"4008","fromID":"4251","toID":"4260","formEdgeID":null},{"edgeID":"4009","fromID":"4260","toID":"4244","formEdgeID":null}]}