{"nodes":[{"nodeID":"4076","text":"Voi dovete onorare la mia sposa","type":"I","timestamp":"2012-04-12 18:31:17"},{"nodeID":"4077","text":"cui che io mi tolga se da voi non fia come donna onorata voi proverete con gran vostro danno quanto grave mi sia l'aver contra mia voglia presa mogliere a'vostri prieghi.","type":"I","timestamp":"2012-04-12 18:31:17"},{"nodeID":"4078","text":"RA","type":"RA","timestamp":"2012-04-12 18:31:18"}],"edges":[{"edgeID":"3839","fromID":"4077","toID":"4078","formEdgeID":null},{"edgeID":"3840","fromID":"4078","toID":"4076","formEdgeID":null}]}