{"nodes":[{"nodeID":"4115","text":"The idea of a pre-existing creator is refuted by scientists","type":"I","timestamp":"2012-04-12 18:31:27"},{"nodeID":"4116","text":"Suppose that a skeptic argues that evidence for biological creation by natural selection is obviously lacking and that in the circumstances we ought to give serious consideration to the possibility that the development of life required some input from a pre-existing purposeful creator.","type":"I","timestamp":"2012-04-12 18:31:27"},{"nodeID":"4117","text":"it suggests the possibility that this creator may have communicated in some way with humans.","type":"I","timestamp":"2012-04-12 18:31:27"},{"nodeID":"4118","text":"It is advanced the claim of the existence of a creator","type":"I","timestamp":"2012-04-12 18:31:27"},{"nodeID":"4119","text":"it invokes an entity unknown to science.","type":"I","timestamp":"2012-04-12 18:31:27"},{"nodeID":"4120","text":"To scientific naturalists this suggestion is  creationist  and therefore unacceptable in principle","type":"I","timestamp":"2012-04-12 18:31:27"},{"nodeID":"4121","text":"In that case there could be real prophets-persons with a genuine knowledge of God who are neither frauds nor dreamers","type":"I","timestamp":"2012-04-12 18:31:27"},{"nodeID":"4122","text":"Such persons could conceivably be dangerous rivals for the scientists as cultural authorities.","type":"I","timestamp":"2012-04-12 18:31:27"},{"nodeID":"4123","text":"RA","type":"RA","timestamp":"2012-04-12 18:31:27","scheme":"CauseToEffect"},{"nodeID":"4124","text":"RA","type":"RA","timestamp":"2012-04-12 18:31:27","scheme":"CauseToEffect"},{"nodeID":"4125","text":"RA","type":"RA","timestamp":"2012-04-12 18:31:28","scheme":"CauseToEffect"},{"nodeID":"4126","text":"RA","type":"RA","timestamp":"2012-04-12 18:31:28"},{"nodeID":"4127","text":"RA","type":"RA","timestamp":"2012-04-12 18:31:28"}],"edges":[{"edgeID":"3878","fromID":"4116","toID":"4123","formEdgeID":null},{"edgeID":"3879","fromID":"4123","toID":"4119","formEdgeID":null},{"edgeID":"3880","fromID":"4117","toID":"4124","formEdgeID":null},{"edgeID":"3881","fromID":"4124","toID":"4121","formEdgeID":null},{"edgeID":"3882","fromID":"4118","toID":"4125","formEdgeID":null},{"edgeID":"3883","fromID":"4125","toID":"4117","formEdgeID":null},{"edgeID":"3884","fromID":"4119","toID":"4126","formEdgeID":null},{"edgeID":"3885","fromID":"4120","toID":"4126","formEdgeID":null},{"edgeID":"3886","fromID":"4126","toID":"4115","formEdgeID":null},{"edgeID":"3887","fromID":"4121","toID":"4127","formEdgeID":null},{"edgeID":"3888","fromID":"4122","toID":"4127","formEdgeID":null},{"edgeID":"3889","fromID":"4127","toID":"4115","formEdgeID":null}]}