{"nodes":[{"nodeID":"5041","text":"it is not the case that God is liable to command anything.","type":"I","timestamp":"2012-04-12 18:34:31"},{"nodeID":"5042","text":"His commands can be only holy good just...","type":"I","timestamp":"2012-04-12 18:34:31"},{"nodeID":"5043","text":"Anything  includes what is bad and negative","type":"I","timestamp":"2012-04-12 18:34:31"},{"nodeID":"5044","text":"God's commands flow necessarily from His own nature and character which is essentially loving holy compassionate just and so forth.","type":"I","timestamp":"2012-04-12 18:34:31"},{"nodeID":"5045","text":"His commands are not arbitrary but reflect God's own morally perfect nature.","type":"I","timestamp":"2012-04-12 18:34:31"},{"nodeID":"5046","text":"RA","type":"RA","timestamp":"2012-04-12 18:34:31"},{"nodeID":"5047","text":"RA","type":"RA","timestamp":"2012-04-12 18:34:31","scheme":"CauseToEffect"}],"edges":[{"edgeID":"4732","fromID":"5042","toID":"5046","formEdgeID":null},{"edgeID":"4733","fromID":"5043","toID":"5046","formEdgeID":null},{"edgeID":"4734","fromID":"5046","toID":"5041","formEdgeID":null},{"edgeID":"4735","fromID":"5044","toID":"5047","formEdgeID":null},{"edgeID":"4736","fromID":"5045","toID":"5047","formEdgeID":null},{"edgeID":"4737","fromID":"5047","toID":"5042","formEdgeID":null}]}