{"nodes":[{"nodeID":"3734","text":"Videos should not be shown","type":"I","timestamp":"2012-04-12 18:30:09"},{"nodeID":"3735","text":"No negotiation should be entered into","type":"I","timestamp":"2012-04-12 18:30:09"},{"nodeID":"3736","text":"they just act as advertising for the hostage takers","type":"I","timestamp":"2012-04-12 18:30:09"},{"nodeID":"3737","text":"If we show videos people may make pressure on the Government in order to enter into negotiations with terrorists","type":"I","timestamp":"2012-04-12 18:30:09"},{"nodeID":"3738","text":"if payment or agreement is entered into it will just encourage more incidents.","type":"I","timestamp":"2012-04-12 18:30:09"},{"nodeID":"3739","text":"Our goal is to avoid incouraging incidents","type":"I","timestamp":"2012-04-12 18:30:09"},{"nodeID":"3740","text":"RA","type":"RA","timestamp":"2012-04-12 18:30:09"},{"nodeID":"3741","text":"RA","type":"RA","timestamp":"2012-04-12 18:30:10"}],"edges":[{"edgeID":"3532","fromID":"3735","toID":"3740","formEdgeID":null},{"edgeID":"3533","fromID":"3736","toID":"3740","formEdgeID":null},{"edgeID":"3534","fromID":"3737","toID":"3740","formEdgeID":null},{"edgeID":"3535","fromID":"3740","toID":"3734","formEdgeID":null},{"edgeID":"3536","fromID":"3738","toID":"3741","formEdgeID":null},{"edgeID":"3537","fromID":"3739","toID":"3741","formEdgeID":null},{"edgeID":"3538","fromID":"3741","toID":"3735","formEdgeID":null}]}