{"nodes":[{"nodeID":"3218","text":"Everybody should accept that the general rule is correct","type":"I","timestamp":"2012-04-12 18:28:26"},{"nodeID":"3219","text":"as if an officer with the duty of guarding an important post were to leave it particularly at a time of danger in order to stop a quarrel in the town between two soldiers of the garrison who were on the point of killing one other.","type":"I","timestamp":"2012-04-12 18:28:26"},{"nodeID":"3220","text":"Everybody accepts that the officer's action was just","type":"I","timestamp":"2012-04-12 18:28:26"},{"nodeID":"3221","text":"Moral evil should be admitted or permitted only insofar as it is regarded as the necessary consequence of an indispensable duty in circumstances such that the person who would like to prevent another s sin would fail in his own duty if he did;","type":"I","timestamp":"2012-04-12 18:28:26"},{"nodeID":"3222","text":"RA","type":"RA","timestamp":"2012-04-12 18:28:26"}],"edges":[{"edgeID":"3088","fromID":"3219","toID":"3222","formEdgeID":null},{"edgeID":"3089","fromID":"3220","toID":"3222","formEdgeID":null},{"edgeID":"3090","fromID":"3221","toID":"3222","formEdgeID":null},{"edgeID":"3091","fromID":"3222","toID":"3218","formEdgeID":null}]}