{"nodes":[{"nodeID":"2120","text":"There won't be changes after another six months of diplomacy","type":"I","timestamp":"2012-04-12 18:24:44"},{"nodeID":"2121","text":"Zimbabwe's 12-month suspension from the Commonwealth had not run its course and more time was needed for diplomacy to bear fruit. Plausible enough -- if there had there been some progress in the six months since the Marlborough House demands: dialogue between Zanu-PF and the opposition engagement with the Commonwealth on electoral changes and involvement of the Commonwealth and the United Nations in land reform.","type":"I","timestamp":"2012-04-12 18:24:44"},{"nodeID":"2122","text":"The current situation is analogous to the situation after six months","type":"I","timestamp":"2012-04-12 18:24:45"},{"nodeID":"2123","text":"Nothing has happened on any of these fronts as President Thabo Mbeki and Nigeria's Olusegun Obasanjo conceded to the world's media after the Abuja meeting.","type":"I","timestamp":"2012-04-12 18:24:45"},{"nodeID":"2124","text":"Nor could they offer a convincing reason for believing another six months of diplomacy will make a difference.","type":"I","timestamp":"2012-04-12 18:24:45"},{"nodeID":"2125","text":"It is possible to believe that another six monts will make a difference only if they can offer reasons","type":"I","timestamp":"2012-04-12 18:24:45"},{"nodeID":"2126","text":"RA","type":"RA","timestamp":"2012-04-12 18:24:45"},{"nodeID":"2127","text":"RA","type":"RA","timestamp":"2012-04-12 18:24:45","scheme":"Analogy"},{"nodeID":"2128","text":"RA","type":"RA","timestamp":"2012-04-12 18:24:45","scheme":"CauseToEffect"}],"edges":[{"edgeID":"2051","fromID":"2121","toID":"2126","formEdgeID":null},{"edgeID":"2052","fromID":"2126","toID":"2122","formEdgeID":null},{"edgeID":"2053","fromID":"2122","toID":"2127","formEdgeID":null},{"edgeID":"2054","fromID":"2123","toID":"2127","formEdgeID":null},{"edgeID":"2055","fromID":"2127","toID":"2120","formEdgeID":null},{"edgeID":"2056","fromID":"2124","toID":"2128","formEdgeID":null},{"edgeID":"2057","fromID":"2125","toID":"2128","formEdgeID":null},{"edgeID":"2058","fromID":"2128","toID":"2120","formEdgeID":null}]}