{"nodes":[{"nodeID":"1496","text":"The president just said the FBI had changed its culture.","type":"I","timestamp":"2012-04-12 18:22:25"},{"nodeID":"1497","text":"We just read on the front pages of America's papers that there are over 100000 hours of tapes unlistened to.","type":"I","timestamp":"2012-04-12 18:22:25"},{"nodeID":"1550","text":"The fact that FBI did not change its culture is extremely negative","type":"I","timestamp":"2012-04-12 18:22:36"},{"nodeID":"1551","text":"The FBI did not change its culture","type":"I","timestamp":"2012-04-12 18:22:36"},{"nodeID":"1552","text":"On one of those tapes may be the enemy being right the next time.","type":"I","timestamp":"2012-04-12 18:22:36"},{"nodeID":"1553","text":"If the FBI changed its culture tapes would be listened to.","type":"I","timestamp":"2012-04-12 18:22:36"},{"nodeID":"1554","text":"RA","type":"RA","timestamp":"2012-04-12 18:22:36"},{"nodeID":"1555","text":"RA","type":"RA","timestamp":"2012-04-12 18:22:37","scheme":"CauseToEffect"}],"edges":[{"edgeID":"1439","fromID":"1551","toID":"1554","formEdgeID":null},{"edgeID":"1440","fromID":"1552","toID":"1554","formEdgeID":null},{"edgeID":"1441","fromID":"1554","toID":"1550","formEdgeID":null},{"edgeID":"1442","fromID":"1496","toID":"1555","formEdgeID":null},{"edgeID":"1443","fromID":"1553","toID":"1555","formEdgeID":null},{"edgeID":"1444","fromID":"1497","toID":"1555","formEdgeID":null},{"edgeID":"1445","fromID":"1555","toID":"1551","formEdgeID":null}]}