{"nodes":[{"nodeID":"1801","text":"It appears to us to be too extreme a penalty to strike a solicitor off","type":"I","timestamp":"2012-04-12 18:23:30"},{"nodeID":"1802","text":"there is no substantive charge of dishonesty or recklessness","type":"I","timestamp":"2012-04-12 18:23:30"},{"nodeID":"1803","text":"no finding that the Legal Aid Fund (or anybody else) paid out any money in respect of unjustified claims put forward by the solicitor or by staff under her actual supervision","type":"I","timestamp":"2012-04-12 18:23:30"},{"nodeID":"1804","text":"no finding that she was paid anything at all in the course of the matters complained of; no finding of any cash shortage in relation to any of her clients","type":"I","timestamp":"2012-04-12 18:23:30"},{"nodeID":"1805","text":"no previous conviction which related to a period earlier than the offences with which she was now charged.","type":"I","timestamp":"2012-04-12 18:23:30"},{"nodeID":"1806","text":"Only if a solicitor is justly charged with some offence he deserves to be stricken off","type":"I","timestamp":"2012-04-12 18:23:30"},{"nodeID":"1807","text":"The solicitor has not been justly charged","type":"I","timestamp":"2012-04-12 18:23:30"},{"nodeID":"1808","text":"RA","type":"RA","timestamp":"2012-04-12 18:23:30","scheme":"Example"},{"nodeID":"1809","text":"RA","type":"RA","timestamp":"2012-04-12 18:23:31","scheme":"Example"},{"nodeID":"1810","text":"RA","type":"RA","timestamp":"2012-04-12 18:23:31","scheme":"Example"},{"nodeID":"1811","text":"RA","type":"RA","timestamp":"2012-04-12 18:23:31","scheme":"Example"},{"nodeID":"1812","text":"RA","type":"RA","timestamp":"2012-04-12 18:23:31","scheme":"EstablishedRule"}],"edges":[{"edgeID":"1693","fromID":"1802","toID":"1808","formEdgeID":null},{"edgeID":"1694","fromID":"1808","toID":"1807","formEdgeID":null},{"edgeID":"1695","fromID":"1803","toID":"1809","formEdgeID":null},{"edgeID":"1696","fromID":"1809","toID":"1807","formEdgeID":null},{"edgeID":"1697","fromID":"1804","toID":"1810","formEdgeID":null},{"edgeID":"1698","fromID":"1810","toID":"1807","formEdgeID":null},{"edgeID":"1699","fromID":"1805","toID":"1811","formEdgeID":null},{"edgeID":"1700","fromID":"1811","toID":"1807","formEdgeID":null},{"edgeID":"1701","fromID":"1806","toID":"1812","formEdgeID":null},{"edgeID":"1702","fromID":"1807","toID":"1812","formEdgeID":null},{"edgeID":"1703","fromID":"1812","toID":"1801","formEdgeID":null}]}