{"nodes":[{"nodeID":"3209","text":"per che di partirsi dilibero` e al re domando` commiato","type":"I","timestamp":"2012-04-12 18:28:24"},{"nodeID":"3210","text":"estimo` che molto ne diminuisse la fama sua;","type":"I","timestamp":"2012-04-12 18:28:25"},{"nodeID":"3211","text":"Se il giovane rimanesse la sua fama sarebbe diminuita dal comportamento del re","type":"I","timestamp":"2012-04-12 18:28:25"},{"nodeID":"3212","text":"Il giovane non vuole che la sua fama venga diminuita","type":"I","timestamp":"2012-04-12 18:28:25"},{"nodeID":"3213","text":"Il modo migliore di salvare la propria fama e` di partire","type":"I","timestamp":"2012-04-12 18:28:25"},{"nodeID":"3214","text":"gli parve che esso ora ad uno e ora ad un altro donasse castella e citta` e baronie assai poco discretamente si` come dandole a chi nol valea; e per cio` che a lui che da quello che egli era si teneva niente era donato","type":"I","timestamp":"2012-04-12 18:28:25"},{"nodeID":"3215","text":"Se il re dona a tutti castelli fuorche` ad uno la fama di questo viene danneggiata","type":"I","timestamp":"2012-04-12 18:28:25"},{"nodeID":"3216","text":"RA","type":"RA","timestamp":"2012-04-12 18:28:25"},{"nodeID":"3217","text":"RA","type":"RA","timestamp":"2012-04-12 18:28:25"}],"edges":[{"edgeID":"3080","fromID":"3210","toID":"3216","formEdgeID":null},{"edgeID":"3081","fromID":"3211","toID":"3216","formEdgeID":null},{"edgeID":"3082","fromID":"3212","toID":"3216","formEdgeID":null},{"edgeID":"3083","fromID":"3213","toID":"3216","formEdgeID":null},{"edgeID":"3084","fromID":"3216","toID":"3209","formEdgeID":null},{"edgeID":"3085","fromID":"3214","toID":"3217","formEdgeID":null},{"edgeID":"3086","fromID":"3215","toID":"3217","formEdgeID":null},{"edgeID":"3087","fromID":"3217","toID":"3210","formEdgeID":null}]}