{"nodes":[{"nodeID":"1801","text":"It appears to us to be too extreme a penalty to strike a solicitor off","type":"I","timestamp":"2012-04-12 18:23:30"},{"nodeID":"1802","text":"there is no substantive charge of dishonesty or recklessness","type":"I","timestamp":"2012-04-12 18:23:30"},{"nodeID":"1803","text":"no finding that the Legal Aid Fund (or anybody else) paid out any money in respect of unjustified claims put forward by the solicitor or by staff under her actual supervision","type":"I","timestamp":"2012-04-12 18:23:30"},{"nodeID":"1804","text":"no finding that she was paid anything at all in the course of the matters complained of; no finding of any cash shortage in relation to any of her clients","type":"I","timestamp":"2012-04-12 18:23:30"},{"nodeID":"1805","text":"no previous conviction which related to a period earlier than the offences with which she was now charged.","type":"I","timestamp":"2012-04-12 18:23:30"},{"nodeID":"1807","text":"The solicitor has not been justly charged","type":"I","timestamp":"2012-04-12 18:23:30"},{"nodeID":"4083","text":"If a solicitor is justly charged with some offence he deserves to be striken off","type":"I","timestamp":"2012-04-12 18:31:19"},{"nodeID":"4084","text":"RA","type":"RA","timestamp":"2012-04-12 18:31:19","scheme":"Example"},{"nodeID":"4085","text":"RA","type":"RA","timestamp":"2012-04-12 18:31:20","scheme":"Example"},{"nodeID":"4086","text":"RA","type":"RA","timestamp":"2012-04-12 18:31:20","scheme":"Example"},{"nodeID":"4087","text":"RA","type":"RA","timestamp":"2012-04-12 18:31:20","scheme":"Example"},{"nodeID":"4088","text":"RA","type":"RA","timestamp":"2012-04-12 18:31:20","scheme":"EstablishedRule"}],"edges":[{"edgeID":"3844","fromID":"1802","toID":"4084","formEdgeID":null},{"edgeID":"3845","fromID":"4084","toID":"1807","formEdgeID":null},{"edgeID":"3846","fromID":"1803","toID":"4085","formEdgeID":null},{"edgeID":"3847","fromID":"4085","toID":"1807","formEdgeID":null},{"edgeID":"3848","fromID":"1804","toID":"4086","formEdgeID":null},{"edgeID":"3849","fromID":"4086","toID":"1807","formEdgeID":null},{"edgeID":"3850","fromID":"1805","toID":"4087","formEdgeID":null},{"edgeID":"3851","fromID":"4087","toID":"1807","formEdgeID":null},{"edgeID":"3852","fromID":"4083","toID":"4088","formEdgeID":null},{"edgeID":"3853","fromID":"1807","toID":"4088","formEdgeID":null},{"edgeID":"3854","fromID":"4088","toID":"1801","formEdgeID":null}]}