{"nodes":[{"nodeID":"3435","text":"The father is not coherent with his judgement","type":"I","timestamp":"2012-04-12 18:29:07"},{"nodeID":"3436","text":"if you consider Chresphontes to be an evil man why did you give him to me as a husband?","type":"I","timestamp":"2012-04-12 18:29:07"},{"nodeID":"3437","text":"If on the other hand he is a good man why did you force me against my will and his to leave him?","type":"I","timestamp":"2012-04-12 18:29:07"},{"nodeID":"3438","text":"The father can judge the husband either to be a good man or an evil man","type":"I","timestamp":"2012-04-12 18:29:07"},{"nodeID":"3439","text":"The father thinks that the husband is not evil","type":"I","timestamp":"2012-04-12 18:29:07"},{"nodeID":"3440","text":"The father thinks that the husband is evil","type":"I","timestamp":"2012-04-12 18:29:07"},{"nodeID":"3441","text":"RA","type":"RA","timestamp":"2012-04-12 18:29:07"},{"nodeID":"3442","text":"RA","type":"RA","timestamp":"2012-04-12 18:29:07"},{"nodeID":"3443","text":"RA","type":"RA","timestamp":"2012-04-12 18:29:07"}],"edges":[{"edgeID":"3262","fromID":"3436","toID":"3441","formEdgeID":null},{"edgeID":"3263","fromID":"3441","toID":"3439","formEdgeID":null},{"edgeID":"3264","fromID":"3437","toID":"3442","formEdgeID":null},{"edgeID":"3265","fromID":"3442","toID":"3440","formEdgeID":null},{"edgeID":"3266","fromID":"3438","toID":"3443","formEdgeID":null},{"edgeID":"3267","fromID":"3439","toID":"3443","formEdgeID":null},{"edgeID":"3268","fromID":"3440","toID":"3443","formEdgeID":null},{"edgeID":"3269","fromID":"3443","toID":"3435","formEdgeID":null}]}