{"nodes":[{"nodeID":"4969","text":"the President has had meetings in Washington   one you are all very familiar with with Prime Minister Sharon   and then not too long ago with King Abdullah. We have met with other Arab leaders.","type":"I","timestamp":"2012-04-12 18:34:17"},{"nodeID":"4970","text":"It was an opportunity we felt we should seize","type":"I","timestamp":"2012-04-12 18:34:17"},{"nodeID":"4971","text":"in order to take advantage of that opportunity the President and I and my other colleagues felt it was necessary to acknowledge certain realities that you re all well aware of and that the President mentioned when he spoke to Prime Minister Sharon","type":"I","timestamp":"2012-04-12 18:34:17"},{"nodeID":"4972","text":"the process was not moving despite the best efforts on the part of everyone and despite the work of the Quartet despite consultations and conferences we were not getting anywhere the process was not taking us anywhere.","type":"I","timestamp":"2012-04-12 18:34:17"},{"nodeID":"4973","text":"Prime Minister Sharon came forward with an opportunity: the elimination of settlements in Gaza and the beginning of the elimination of settlements in the West Bank","type":"I","timestamp":"2012-04-12 18:34:17"},{"nodeID":"4974","text":"for the first time we were seeing the removal of settlements and not the addition of settlements","type":"I","timestamp":"2012-04-12 18:34:17"},{"nodeID":"4975","text":"RA","type":"RA","timestamp":"2012-04-12 18:34:17"},{"nodeID":"4976","text":"RA","type":"RA","timestamp":"2012-04-12 18:34:18"}],"edges":[{"edgeID":"4665","fromID":"4970","toID":"4975","formEdgeID":null},{"edgeID":"4666","fromID":"4971","toID":"4975","formEdgeID":null},{"edgeID":"4667","fromID":"4975","toID":"4969","formEdgeID":null},{"edgeID":"4668","fromID":"4972","toID":"4976","formEdgeID":null},{"edgeID":"4669","fromID":"4973","toID":"4976","formEdgeID":null},{"edgeID":"4670","fromID":"4974","toID":"4976","formEdgeID":null},{"edgeID":"4671","fromID":"4976","toID":"4970","formEdgeID":null}]}