{"nodes":[{"nodeID":"1903","text":"If not the very act of war would be illegal and Saddam's reign of brutality glossed by his one truth: that Iraq possessed no wmd","type":"I","timestamp":"2012-04-12 18:23:51"},{"nodeID":"1904","text":"A state's claim for self-defence does not justify military action against another state that has not attempted or threatened an attack on it.","type":"I","timestamp":"2012-04-12 18:23:51"},{"nodeID":"1905","text":"Says jurist Fali S. Nariman","type":"I","timestamp":"2012-04-12 18:23:51"},{"nodeID":"1906","text":"If a war is not justified by international law it is illegal","type":"I","timestamp":"2012-04-12 18:23:51"},{"nodeID":"1907","text":"there is no law-national or international-that sanctions attacks on guys because you have good reason to believe they are bad and could threaten you","type":"I","timestamp":"2012-04-12 18:23:52"},{"nodeID":"1908","text":"There is no international law justifying a state taking pre-emptive military action against another state where the doctrine of necessity would not so warrant","type":"I","timestamp":"2012-04-12 18:23:52"},{"nodeID":"1909","text":"A war is legally justified only because there is a law that justifies it","type":"I","timestamp":"2012-04-12 18:23:52"},{"nodeID":"1910","text":"A military action against a state that has not attempted or threatened an attack is a pre-emptive military action","type":"I","timestamp":"2012-04-12 18:23:52"},{"nodeID":"1911","text":"RA","type":"RA","timestamp":"2012-04-12 18:23:52"},{"nodeID":"1912","text":"RA","type":"RA","timestamp":"2012-04-12 18:23:52","scheme":"ExpertOpinion"},{"nodeID":"1913","text":"RA","type":"RA","timestamp":"2012-04-12 18:23:52","scheme":"VerbalClassification"},{"nodeID":"1914","text":"RA","type":"RA","timestamp":"2012-04-12 18:23:53","scheme":"CauseToEffect"}],"edges":[{"edgeID":"1795","fromID":"1904","toID":"1911","formEdgeID":null},{"edgeID":"1796","fromID":"1911","toID":"1907","formEdgeID":null},{"edgeID":"1797","fromID":"1905","toID":"1912","formEdgeID":null},{"edgeID":"1798","fromID":"1912","toID":"1908","formEdgeID":null},{"edgeID":"1799","fromID":"1906","toID":"1913","formEdgeID":null},{"edgeID":"1800","fromID":"1907","toID":"1913","formEdgeID":null},{"edgeID":"1801","fromID":"1913","toID":"1903","formEdgeID":null},{"edgeID":"1802","fromID":"1908","toID":"1914","formEdgeID":null},{"edgeID":"1803","fromID":"1909","toID":"1914","formEdgeID":null},{"edgeID":"1804","fromID":"1910","toID":"1914","formEdgeID":null},{"edgeID":"1805","fromID":"1914","toID":"1904","formEdgeID":null}]}