{"nodes":[{"nodeID":"3972","text":"Reading in poor light gives you weak eyes","type":"I","timestamp":"2012-04-12 18:30:55"},{"nodeID":"3981","text":"Lydia must have read with a lot of poor light","type":"I","timestamp":"2012-04-12 18:30:58"},{"nodeID":"3982","text":"she has weak eyes","type":"I","timestamp":"2012-04-12 18:30:58"},{"nodeID":"3983","text":"RA","type":"RA","timestamp":"2012-04-12 18:30:58"}],"edges":[{"edgeID":"3752","fromID":"3982","toID":"3983","formEdgeID":null},{"edgeID":"3753","fromID":"3972","toID":"3983","formEdgeID":null},{"edgeID":"3754","fromID":"3983","toID":"3981","formEdgeID":null}]}