{"nodes":[{"nodeID":"3644","text":"Does my right hon. Friend think that in the post-9\/11 world it makes any sense at all for a British company wholly owned by the state to engage in the new international trade in weapons-grade plutonium?","type":"I","timestamp":"2012-04-12 18:29:50"},{"nodeID":"3645","text":"If a nation engages in international grade in weapons-grade plutonium it might be subject to terroristic attacks","type":"I","timestamp":"2012-04-12 18:29:50"},{"nodeID":"3646","text":"UK is going to begin this kind of trade","type":"I","timestamp":"2012-04-12 18:29:50"},{"nodeID":"3647","text":"RA","type":"RA","timestamp":"2012-04-12 18:29:50"}],"edges":[{"edgeID":"3452","fromID":"3645","toID":"3647","formEdgeID":null},{"edgeID":"3453","fromID":"3646","toID":"3647","formEdgeID":null},{"edgeID":"3454","fromID":"3647","toID":"3644","formEdgeID":null}]}