{"nodes":[{"nodeID":"4261","text":"The tomb was empty","type":"I","timestamp":"2012-04-12 18:31:55"},{"nodeID":"4262","text":"the evidence indicates that Jesus' tomb was found empty by a group of his women followers on Sunday morning.","type":"I","timestamp":"2012-04-12 18:31:55"},{"nodeID":"4263","text":"by far most scholars hold firmly to the reliability of the Biblical statements about the empty tomb.","type":"I","timestamp":"2012-04-12 18:31:55"},{"nodeID":"4264","text":"According to Jacob Kremer an Austrian scholar who has specialized in the study of the resurrection","type":"I","timestamp":"2012-04-12 18:31:55"},{"nodeID":"4265","text":"he lists twenty-eight prominent scholars in support","type":"I","timestamp":"2012-04-12 18:31:55"},{"nodeID":"4266","text":"I can think of at least sixteen more that he neglected to mention","type":"I","timestamp":"2012-04-12 18:31:55"},{"nodeID":"4267","text":"It is extremely difficult to object to the empty tomb on historical grounds","type":"I","timestamp":"2012-04-12 18:31:56"},{"nodeID":"4268","text":"the New Testament critic D. H. Van Daalen","type":"I","timestamp":"2012-04-12 18:31:56"},{"nodeID":"4269","text":"RA","type":"RA","timestamp":"2012-04-12 18:31:56"},{"nodeID":"4270","text":"RA","type":"RA","timestamp":"2012-04-12 18:31:56"},{"nodeID":"4271","text":"RA","type":"RA","timestamp":"2012-04-12 18:31:56","scheme":"ExpertOpinion"},{"nodeID":"4272","text":"RA","type":"RA","timestamp":"2012-04-12 18:31:56","scheme":"Example"},{"nodeID":"4273","text":"RA","type":"RA","timestamp":"2012-04-12 18:31:57","scheme":"Example"},{"nodeID":"4274","text":"RA","type":"RA","timestamp":"2012-04-12 18:31:57"},{"nodeID":"4275","text":"RA","type":"RA","timestamp":"2012-04-12 18:31:57","scheme":"ExpertOpinion"}],"edges":[{"edgeID":"4010","fromID":"4262","toID":"4269","formEdgeID":null},{"edgeID":"4011","fromID":"4269","toID":"4261","formEdgeID":null},{"edgeID":"4012","fromID":"4263","toID":"4270","formEdgeID":null},{"edgeID":"4013","fromID":"4270","toID":"4262","formEdgeID":null},{"edgeID":"4014","fromID":"4264","toID":"4271","formEdgeID":null},{"edgeID":"4015","fromID":"4271","toID":"4263","formEdgeID":null},{"edgeID":"4016","fromID":"4265","toID":"4272","formEdgeID":null},{"edgeID":"4017","fromID":"4272","toID":"4263","formEdgeID":null},{"edgeID":"4018","fromID":"4266","toID":"4273","formEdgeID":null},{"edgeID":"4019","fromID":"4273","toID":"4263","formEdgeID":null},{"edgeID":"4020","fromID":"4267","toID":"4274","formEdgeID":null},{"edgeID":"4021","fromID":"4274","toID":"4261","formEdgeID":null},{"edgeID":"4022","fromID":"4268","toID":"4275","formEdgeID":null},{"edgeID":"4023","fromID":"4275","toID":"4267","formEdgeID":null}]}