{"nodes":[{"nodeID":"1104","text":"all oil companies must be forced to pay for double hull tankers immediately","type":"I","timestamp":"2012-04-12 18:21:02"},{"nodeID":"1105","text":"Individuals' paying to meet emission standards is akin to oil companies' paying for double hull tankers.","type":"I","timestamp":"2012-04-12 18:21:02"},{"nodeID":"1106","text":"I am required to pay to meet emission standards on my car","type":"I","timestamp":"2012-04-12 18:21:02"},{"nodeID":"1107","text":"If I am required to pay to meet emission standards on my car and my doing so is similar to oil companies' paying for double hull tankers oil companies should pay for double hull tankers.","type":"I","timestamp":"2012-04-12 18:21:02"},{"nodeID":"1108","text":"RA","type":"RA","timestamp":"2012-04-12 18:21:02"}],"edges":[{"edgeID":"995","fromID":"1105","toID":"1108","formEdgeID":null},{"edgeID":"996","fromID":"1106","toID":"1108","formEdgeID":null},{"edgeID":"997","fromID":"1107","toID":"1108","formEdgeID":null},{"edgeID":"998","fromID":"1108","toID":"1104","formEdgeID":null}]}