{"nodes":[{"nodeID":"1045","text":"It does not seem as if Whitman was appointed merely to make the Bush administration seem more interested in the environment or at least in traditional environmentalist solutions than it was","type":"I","timestamp":"2012-04-12 18:20:50"},{"nodeID":"1046","text":"At times it seemed as if Ms. Whitman had been appointed merely to make the Bush administration seem more interested in the environment or at least in traditional environmentalist solutions than it was.","type":"I","timestamp":"2012-04-12 18:20:50"},{"nodeID":"1047","text":"Whitman did not really disagree with some of the decisions on environmental issues made by the government","type":"I","timestamp":"2012-04-12 18:20:50"},{"nodeID":"1048","text":"If Whitman did not really disagree with some of the government's decisions on environmental issues it does not seem as if Whitman was appointed merely to make the Bush administration seem more interested in the environment or at least in traditional environmentalist solutions than it was","type":"I","timestamp":"2012-04-12 18:20:50"},{"nodeID":"1049","text":"if she really disagreed with some of the decisions it seems strange that Ms. Whitman stayed in her job as long as she did.","type":"I","timestamp":"2012-04-12 18:20:50"},{"nodeID":"1050","text":"It does not seem strange that Ms. Whitman stayed in her job as long as she did.","type":"I","timestamp":"2012-04-12 18:20:50"},{"nodeID":"1051","text":"CA","type":"CA","timestamp":"2012-04-12 18:20:51"},{"nodeID":"1052","text":"RA","type":"RA","timestamp":"2012-04-12 18:20:51"},{"nodeID":"1053","text":"RA","type":"RA","timestamp":"2012-04-12 18:20:51"}],"edges":[{"edgeID":"941","fromID":"1046","toID":"1051","formEdgeID":null},{"edgeID":"942","fromID":"1051","toID":"1045","formEdgeID":null},{"edgeID":"943","fromID":"1047","toID":"1052","formEdgeID":null},{"edgeID":"944","fromID":"1048","toID":"1052","formEdgeID":null},{"edgeID":"945","fromID":"1052","toID":"1045","formEdgeID":null},{"edgeID":"946","fromID":"1049","toID":"1053","formEdgeID":null},{"edgeID":"947","fromID":"1050","toID":"1053","formEdgeID":null},{"edgeID":"948","fromID":"1053","toID":"1047","formEdgeID":null}]}