{"nodes":[{"nodeID":"3151","text":"I think that the government should take control of the land that way the land is distributed evenly for the people and not gone to waste or towards unnessisary needs","type":"I","timestamp":"2012-04-12 18:28:13"},{"nodeID":"3152","text":"Their plan for the land was to conserve and use it wisely; to make better homes and schools for the people","type":"I","timestamp":"2012-04-12 18:28:13"},{"nodeID":"3153","text":"The land if left to the Mentawai people would be wasted","type":"I","timestamp":"2012-04-12 18:28:13"},{"nodeID":"3154","text":"The government wanted the land not to be wasted","type":"I","timestamp":"2012-04-12 18:28:13"},{"nodeID":"3155","text":"the people didn't have the power and\/or enough resources to manage control and protect the land","type":"I","timestamp":"2012-04-12 18:28:13"},{"nodeID":"3156","text":"If the inhabitants of a land cannot protect and control it the land will be wasted","type":"I","timestamp":"2012-04-12 18:28:13"},{"nodeID":"3157","text":"The goal of the government was to use the land wisely","type":"I","timestamp":"2012-04-12 18:28:13"},{"nodeID":"3158","text":"Wise use is contrary to waste","type":"I","timestamp":"2012-04-12 18:28:14"},{"nodeID":"3159","text":"RA","type":"RA","timestamp":"2012-04-12 18:28:14","scheme":"Example"},{"nodeID":"3160","text":"RA","type":"RA","timestamp":"2012-04-12 18:28:14"},{"nodeID":"3161","text":"RA","type":"RA","timestamp":"2012-04-12 18:28:14","scheme":"CauseToEffect"},{"nodeID":"3162","text":"RA","type":"RA","timestamp":"2012-04-12 18:28:14"}],"edges":[{"edgeID":"3025","fromID":"3152","toID":"3159","formEdgeID":null},{"edgeID":"3026","fromID":"3159","toID":"3157","formEdgeID":null},{"edgeID":"3027","fromID":"3153","toID":"3160","formEdgeID":null},{"edgeID":"3028","fromID":"3154","toID":"3160","formEdgeID":null},{"edgeID":"3029","fromID":"3160","toID":"3151","formEdgeID":null},{"edgeID":"3030","fromID":"3155","toID":"3161","formEdgeID":null},{"edgeID":"3031","fromID":"3156","toID":"3161","formEdgeID":null},{"edgeID":"3032","fromID":"3161","toID":"3153","formEdgeID":null},{"edgeID":"3033","fromID":"3157","toID":"3162","formEdgeID":null},{"edgeID":"3034","fromID":"3158","toID":"3162","formEdgeID":null},{"edgeID":"3035","fromID":"3162","toID":"3154","formEdgeID":null}]}