{"nodes":[{"nodeID":"2537","text":"The fine citizens and businesses of Southern and Southwestern Oregon (Northern Jefferson) should and can have better lives better economics a better future for our children if separated from the Counties in the North","type":"I","timestamp":"2012-04-12 18:26:12"},{"nodeID":"2538","text":"we are often ignored by the representatives to the North","type":"I","timestamp":"2012-04-12 18:26:12"},{"nodeID":"2539","text":"our lives are detrimentally dictated by the governments of the North","type":"I","timestamp":"2012-04-12 18:26:12"},{"nodeID":"2540","text":"our businesses are regulated at the whim of the Northern regulators.","type":"I","timestamp":"2012-04-12 18:26:12"},{"nodeID":"2541","text":"The Oregon's government on Nothern Jefferson is extremely negative for the economy of the country and for the lives of its citizens","type":"I","timestamp":"2012-04-12 18:26:12"},{"nodeID":"2542","text":"The best means to improve the economy and lives is to separate the state from the cause of the depression","type":"I","timestamp":"2012-04-12 18:26:12"},{"nodeID":"2543","text":"Nothern Jefferson citizens aim at improving their economy and lives","type":"I","timestamp":"2012-04-12 18:26:12"},{"nodeID":"2544","text":"RA","type":"RA","timestamp":"2012-04-12 18:26:12","scheme":"Example"},{"nodeID":"2545","text":"RA","type":"RA","timestamp":"2012-04-12 18:26:13","scheme":"Example"},{"nodeID":"2546","text":"RA","type":"RA","timestamp":"2012-04-12 18:26:13","scheme":"Example"},{"nodeID":"2547","text":"RA","type":"RA","timestamp":"2012-04-12 18:26:13","scheme":"PracticalReasoning"}],"edges":[{"edgeID":"2445","fromID":"2538","toID":"2544","formEdgeID":null},{"edgeID":"2446","fromID":"2544","toID":"2541","formEdgeID":null},{"edgeID":"2447","fromID":"2539","toID":"2545","formEdgeID":null},{"edgeID":"2448","fromID":"2545","toID":"2541","formEdgeID":null},{"edgeID":"2449","fromID":"2540","toID":"2546","formEdgeID":null},{"edgeID":"2450","fromID":"2546","toID":"2541","formEdgeID":null},{"edgeID":"2451","fromID":"2541","toID":"2547","formEdgeID":null},{"edgeID":"2452","fromID":"2542","toID":"2547","formEdgeID":null},{"edgeID":"2453","fromID":"2543","toID":"2547","formEdgeID":null},{"edgeID":"2454","fromID":"2547","toID":"2537","formEdgeID":null}]}