{"nodes":[{"nodeID":"4378","text":"You should elect me","type":"I","timestamp":"2012-04-12 18:32:18"},{"nodeID":"4379","text":"We should send logistical support not only humanitarian","type":"I","timestamp":"2012-04-12 18:32:18"},{"nodeID":"4380","text":"That's why in my plan I add two active duty divisions to the United States Army not for Iraq but for our general demands across the globe.","type":"I","timestamp":"2012-04-12 18:32:18"},{"nodeID":"4381","text":"I also believe that it is -- one of the reasons we can't do it is we're overextended.","type":"I","timestamp":"2012-04-12 18:32:18"},{"nodeID":"4382","text":"We've got Guards and Reserves who are doing double duties.","type":"I","timestamp":"2012-04-12 18:32:18"},{"nodeID":"4383","text":"We've got a backdoor draft taking place in America today:","type":"I","timestamp":"2012-04-12 18:32:18"},{"nodeID":"4384","text":"people with stop-loss programs where they're told you can't get out of the military","type":"I","timestamp":"2012-04-12 18:32:18"},{"nodeID":"4385","text":"nine out of our 10 active duty divisions committed to Iraq one way or the other either going coming or preparing.","type":"I","timestamp":"2012-04-12 18:32:18"},{"nodeID":"4386","text":"I can deal with the situation in Darfut better than Bush","type":"I","timestamp":"2012-04-12 18:32:18"},{"nodeID":"4387","text":"The effect of electing me is that I will deal with the situation in Darfur in a better way","type":"I","timestamp":"2012-04-12 18:32:18"},{"nodeID":"4388","text":"Right now all the president is providing is humanitarian support.","type":"I","timestamp":"2012-04-12 18:32:18"},{"nodeID":"4389","text":"We need to do more than that. They've got to have the logistical capacity to go in and stop the killing","type":"I","timestamp":"2012-04-12 18:32:18"},{"nodeID":"4390","text":"Number one we can do this through the African Union providing we give them the logistical support","type":"I","timestamp":"2012-04-12 18:32:18"},{"nodeID":"4391","text":"RA","type":"RA","timestamp":"2012-04-12 18:32:18","scheme":"Example"},{"nodeID":"4392","text":"RA","type":"RA","timestamp":"2012-04-12 18:32:19","scheme":"Example"},{"nodeID":"4393","text":"RA","type":"RA","timestamp":"2012-04-12 18:32:19","scheme":"PracticalReasoning"},{"nodeID":"4394","text":"RA","type":"RA","timestamp":"2012-04-12 18:32:19","scheme":"Example"},{"nodeID":"4395","text":"RA","type":"RA","timestamp":"2012-04-12 18:32:19","scheme":"Example"},{"nodeID":"4396","text":"RA","type":"RA","timestamp":"2012-04-12 18:32:20","scheme":"Example"},{"nodeID":"4397","text":"RA","type":"RA","timestamp":"2012-04-12 18:32:20","scheme":"Example"},{"nodeID":"4398","text":"RA","type":"RA","timestamp":"2012-04-12 18:32:20"},{"nodeID":"4399","text":"RA","type":"RA","timestamp":"2012-04-12 18:32:20","scheme":"PracticalReasoning"}],"edges":[{"edgeID":"4118","fromID":"4379","toID":"4391","formEdgeID":null},{"edgeID":"4119","fromID":"4391","toID":"4386","formEdgeID":null},{"edgeID":"4120","fromID":"4380","toID":"4392","formEdgeID":null},{"edgeID":"4121","fromID":"4392","toID":"4386","formEdgeID":null},{"edgeID":"4122","fromID":"4381","toID":"4393","formEdgeID":null},{"edgeID":"4123","fromID":"4393","toID":"4380","formEdgeID":null},{"edgeID":"4124","fromID":"4382","toID":"4394","formEdgeID":null},{"edgeID":"4125","fromID":"4394","toID":"4381","formEdgeID":null},{"edgeID":"4126","fromID":"4383","toID":"4395","formEdgeID":null},{"edgeID":"4127","fromID":"4395","toID":"4381","formEdgeID":null},{"edgeID":"4128","fromID":"4384","toID":"4396","formEdgeID":null},{"edgeID":"4129","fromID":"4396","toID":"4381","formEdgeID":null},{"edgeID":"4130","fromID":"4385","toID":"4397","formEdgeID":null},{"edgeID":"4131","fromID":"4397","toID":"4381","formEdgeID":null},{"edgeID":"4132","fromID":"4386","toID":"4398","formEdgeID":null},{"edgeID":"4133","fromID":"4387","toID":"4398","formEdgeID":null},{"edgeID":"4134","fromID":"4398","toID":"4378","formEdgeID":null},{"edgeID":"4135","fromID":"4388","toID":"4399","formEdgeID":null},{"edgeID":"4136","fromID":"4389","toID":"4399","formEdgeID":null},{"edgeID":"4137","fromID":"4390","toID":"4399","formEdgeID":null},{"edgeID":"4138","fromID":"4399","toID":"4379","formEdgeID":null}]}