{"nodes":[{"nodeID":"4538","text":"God doesn't exist.","type":"I","timestamp":"2012-04-12 18:32:49"},{"nodeID":"4539","text":"God can affect material objects","type":"I","timestamp":"2012-04-12 18:32:49"},{"nodeID":"4540","text":"God brought the universe into existence","type":"I","timestamp":"2012-04-12 18:32:50"},{"nodeID":"4541","text":"God can influence the events of the world on a day-to-day hour-to-hour and second-to-second basis.","type":"I","timestamp":"2012-04-12 18:32:50"},{"nodeID":"4542","text":"God is said to be timeless and the only timeless things around are abstract objects","type":"I","timestamp":"2012-04-12 18:32:50"},{"nodeID":"4543","text":"We can interact causally with tables and chairs. We can sit in them bump into them. But I ask you When's the last time you bumped into the number one?","type":"I","timestamp":"2012-04-12 18:32:50"},{"nodeID":"4544","text":"When's the last time you slipped on the concept of truth?","type":"I","timestamp":"2012-04-12 18:32:50"},{"nodeID":"4545","text":"Or saw a justice sitting by the side of the road?","type":"I","timestamp":"2012-04-12 18:32:50"},{"nodeID":"4546","text":"Let me just cite the Harper Collins Dictionary of Philosophy","type":"I","timestamp":"2012-04-12 18:32:50"},{"nodeID":"4547","text":"This is a contradiction","type":"I","timestamp":"2012-04-12 18:32:50"},{"nodeID":"4548","text":"Nothing with a contradictory nature exists","type":"I","timestamp":"2012-04-12 18:32:50"},{"nodeID":"4549","text":"At the same time it's believed that God is causally efficacious","type":"I","timestamp":"2012-04-12 18:32:50"},{"nodeID":"4550","text":"God has not causal properties","type":"I","timestamp":"2012-04-12 18:32:50"},{"nodeID":"4551","text":"it's common to think of God as an abstract object the kind of abstract object that Professor Craig talked about.","type":"I","timestamp":"2012-04-12 18:32:50"},{"nodeID":"4552","text":"The problems is that abstracts objects as standardly understood have no causal properties","type":"I","timestamp":"2012-04-12 18:32:50"},{"nodeID":"4553","text":"an object that is not a material object","type":"I","timestamp":"2012-04-12 18:32:50"},{"nodeID":"4554","text":"an abstract object is an object that does not causally interact with other indepedently existing things","type":"I","timestamp":"2012-04-12 18:32:50"},{"nodeID":"4555","text":"RA","type":"RA","timestamp":"2012-04-12 18:32:50","scheme":"Example"},{"nodeID":"4556","text":"RA","type":"RA","timestamp":"2012-04-12 18:32:51","scheme":"Example"},{"nodeID":"4557","text":"RA","type":"RA","timestamp":"2012-04-12 18:32:51","scheme":"Example"},{"nodeID":"4558","text":"RA","type":"RA","timestamp":"2012-04-12 18:32:51","scheme":"VerbalClassification"},{"nodeID":"4559","text":"RA","type":"RA","timestamp":"2012-04-12 18:32:52","scheme":"Example"},{"nodeID":"4560","text":"RA","type":"RA","timestamp":"2012-04-12 18:32:52","scheme":"Example"},{"nodeID":"4561","text":"RA","type":"RA","timestamp":"2012-04-12 18:32:52","scheme":"Example"},{"nodeID":"4562","text":"RA","type":"RA","timestamp":"2012-04-12 18:32:52","scheme":"ExpertOpinion"},{"nodeID":"4563","text":"RA","type":"RA","timestamp":"2012-04-12 18:32:53","scheme":"VerbalClassification"},{"nodeID":"4564","text":"RA","type":"RA","timestamp":"2012-04-12 18:32:53"},{"nodeID":"4565","text":"RA","type":"RA","timestamp":"2012-04-12 18:32:53"},{"nodeID":"4566","text":"RA","type":"RA","timestamp":"2012-04-12 18:32:54","scheme":"VerbalClassification"}],"edges":[{"edgeID":"4267","fromID":"4539","toID":"4555","formEdgeID":null},{"edgeID":"4268","fromID":"4555","toID":"4549","formEdgeID":null},{"edgeID":"4269","fromID":"4540","toID":"4556","formEdgeID":null},{"edgeID":"4270","fromID":"4556","toID":"4549","formEdgeID":null},{"edgeID":"4271","fromID":"4541","toID":"4557","formEdgeID":null},{"edgeID":"4272","fromID":"4557","toID":"4549","formEdgeID":null},{"edgeID":"4273","fromID":"4542","toID":"4558","formEdgeID":null},{"edgeID":"4274","fromID":"4558","toID":"4551","formEdgeID":null},{"edgeID":"4275","fromID":"4543","toID":"4559","formEdgeID":null},{"edgeID":"4276","fromID":"4559","toID":"4552","formEdgeID":null},{"edgeID":"4277","fromID":"4544","toID":"4560","formEdgeID":null},{"edgeID":"4278","fromID":"4560","toID":"4552","formEdgeID":null},{"edgeID":"4279","fromID":"4545","toID":"4561","formEdgeID":null},{"edgeID":"4280","fromID":"4561","toID":"4552","formEdgeID":null},{"edgeID":"4281","fromID":"4546","toID":"4562","formEdgeID":null},{"edgeID":"4282","fromID":"4562","toID":"4553","formEdgeID":null},{"edgeID":"4283","fromID":"4547","toID":"4563","formEdgeID":null},{"edgeID":"4284","fromID":"4548","toID":"4563","formEdgeID":null},{"edgeID":"4285","fromID":"4563","toID":"4538","formEdgeID":null},{"edgeID":"4286","fromID":"4549","toID":"4564","formEdgeID":null},{"edgeID":"4287","fromID":"4550","toID":"4564","formEdgeID":null},{"edgeID":"4288","fromID":"4564","toID":"4547","formEdgeID":null},{"edgeID":"4289","fromID":"4551","toID":"4565","formEdgeID":null},{"edgeID":"4290","fromID":"4552","toID":"4565","formEdgeID":null},{"edgeID":"4291","fromID":"4565","toID":"4550","formEdgeID":null},{"edgeID":"4292","fromID":"4553","toID":"4566","formEdgeID":null},{"edgeID":"4293","fromID":"4554","toID":"4566","formEdgeID":null},{"edgeID":"4294","fromID":"4566","toID":"4552","formEdgeID":null}]}