{"nodes":[{"nodeID":"4142","text":"Bush' administration has been extremely negative","type":"I","timestamp":"2012-04-12 18:31:32"},{"nodeID":"4143","text":"They bully instead of persuade.","type":"I","timestamp":"2012-04-12 18:31:32"},{"nodeID":"4144","text":"They act alone when they could assemble a team.","type":"I","timestamp":"2012-04-12 18:31:32"},{"nodeID":"4145","text":"They confuse leadership with going it alone. They fail to understand that real leadership means standing by your principles and rallying others to join you.","type":"I","timestamp":"2012-04-12 18:31:32"},{"nodeID":"4146","text":"Throughout our history we have forged powerful alliances to defend encourage and promote that idea around the world. Through two World Wars the Cold War the Gulf War and Kosovo America led instead of going it alone. We respected the world - and the world respected us.","type":"I","timestamp":"2012-04-12 18:31:32"},{"nodeID":"4147","text":"Today our leadership has walked away from more than a century of American leadership in the world to embrace a new - and dangerously ineffective - American disregard for the world.","type":"I","timestamp":"2012-04-12 18:31:32"},{"nodeID":"4148","text":"The present international leadership is extremely negative","type":"I","timestamp":"2012-04-12 18:31:32"},{"nodeID":"4149","text":"Bush' administration created this situation","type":"I","timestamp":"2012-04-12 18:31:32"},{"nodeID":"4150","text":"RA","type":"RA","timestamp":"2012-04-12 18:31:32","scheme":"CauseToEffect"},{"nodeID":"4151","text":"RA","type":"RA","timestamp":"2012-04-12 18:31:33","scheme":"CauseToEffect"},{"nodeID":"4152","text":"RA","type":"RA","timestamp":"2012-04-12 18:31:33","scheme":"CauseToEffect"},{"nodeID":"4153","text":"RA","type":"RA","timestamp":"2012-04-12 18:31:33","scheme":"Example"}],"edges":[{"edgeID":"3903","fromID":"4143","toID":"4150","formEdgeID":null},{"edgeID":"3904","fromID":"4150","toID":"4147","formEdgeID":null},{"edgeID":"3905","fromID":"4144","toID":"4151","formEdgeID":null},{"edgeID":"3906","fromID":"4151","toID":"4147","formEdgeID":null},{"edgeID":"3907","fromID":"4145","toID":"4152","formEdgeID":null},{"edgeID":"3908","fromID":"4152","toID":"4147","formEdgeID":null},{"edgeID":"3909","fromID":"4146","toID":"4153","formEdgeID":null},{"edgeID":"3910","fromID":"4147","toID":"4153","formEdgeID":null},{"edgeID":"3911","fromID":"4148","toID":"4153","formEdgeID":null},{"edgeID":"3912","fromID":"4149","toID":"4153","formEdgeID":null},{"edgeID":"3913","fromID":"4153","toID":"4142","formEdgeID":null}]}