{"nodes":[{"nodeID":"277","text":"every person seeking asylum in any of the Member States of the European Union is entitled to the protection of the ECHR. He is entitled to an effective remedy before a national authority if any of his rights and freedoms as set forth in it are violated: article 13.","type":"I","timestamp":"2012-04-12 18:18:26"},{"nodeID":"278","text":"All the Member States in the European Union are signatories to the ECHR","type":"I","timestamp":"2012-04-12 18:18:26"},{"nodeID":"279","text":"If member states of the EU are signatories to the ECHR and signatories to the ECHR are obliged to secure to everyone within their jurisdiction the rights and freedoms it defines then - if someone is within the jurisdiction of an EU state he or she is entitled to the protection of the ECHR.","type":"I","timestamp":"2012-04-12 18:18:26"},{"nodeID":"280","text":"They are obliged by article 1 to secure to everyone within their jurisdiction the rights and freedoms which it defines.","type":"I","timestamp":"2012-04-12 18:18:26"},{"nodeID":"281","text":"RA","type":"RA","timestamp":"2012-04-12 18:18:26"}],"edges":[{"edgeID":"270","fromID":"278","toID":"281","formEdgeID":null},{"edgeID":"271","fromID":"279","toID":"281","formEdgeID":null},{"edgeID":"272","fromID":"280","toID":"281","formEdgeID":null},{"edgeID":"273","fromID":"281","toID":"277","formEdgeID":null}]}