{"nodes":[{"nodeID":"4089","text":"that they are hanging on to Darwinism","type":"I","timestamp":"2012-04-12 18:31:21"},{"nodeID":"4090","text":"they prefer a shaky theory to having no theory at all.","type":"I","timestamp":"2012-04-12 18:31:22"},{"nodeID":"4091","text":"Having no theory is much worse than having a weak theory","type":"I","timestamp":"2012-04-12 18:31:22"},{"nodeID":"4092","text":"RA","type":"RA","timestamp":"2012-04-12 18:31:22"}],"edges":[{"edgeID":"3855","fromID":"4090","toID":"4092","formEdgeID":null},{"edgeID":"3856","fromID":"4091","toID":"4092","formEdgeID":null},{"edgeID":"3857","fromID":"4092","toID":"4089","formEdgeID":null}]}