{"nodes":[{"nodeID":"4701","text":"TUTTI I TERRORISTI SONO MUSULMANI","type":"I","timestamp":"2012-04-12 18:33:22"},{"nodeID":"4702","text":"Non tutti i terroristi sono musulmani","type":"I","timestamp":"2012-04-12 18:33:22"},{"nodeID":"4703","text":"Infatti..... tutte le straggi terroristiche italiane... Italicus piazza Fontana Stazione di Bologa delitto Moro delitto Dantona... ecc....ecc.. sono tutte opere di musulmani!!!!","type":"I","timestamp":"2012-04-12 18:33:22"},{"nodeID":"4704","text":"CA","type":"CA","timestamp":"2012-04-12 18:33:22"},{"nodeID":"4705","text":"RA","type":"RA","timestamp":"2012-04-12 18:33:23"}],"edges":[{"edgeID":"4416","fromID":"4702","toID":"4704","formEdgeID":null},{"edgeID":"4417","fromID":"4704","toID":"4701","formEdgeID":null},{"edgeID":"4418","fromID":"4703","toID":"4705","formEdgeID":null},{"edgeID":"4419","fromID":"4705","toID":"4702","formEdgeID":null}]}