{"nodes":[{"nodeID":"1290","text":"the doctrine of justification by faith which has strong support in the Christian scriptures leads inevitably to exclusivism to the idea that all who reject Christian doctrine must be damned no matter how good they may be by ordinary standards.","type":"I","timestamp":"2012-04-12 18:21:41"},{"nodeID":"1291","text":"we cannot earn salvation by our works.","type":"I","timestamp":"2012-04-12 18:21:41"},{"nodeID":"1292","text":"The mark of our having been forgiven is that God by an act of grace gives us faith.","type":"I","timestamp":"2012-04-12 18:21:41"},{"nodeID":"1293","text":"those among us who lack faith in Jesus have not received grace have not been forgiven and will if we continue in that state go to Hell.","type":"I","timestamp":"2012-04-12 18:21:41"},{"nodeID":"1294","text":"we are all sinners","type":"I","timestamp":"2012-04-12 18:21:41"},{"nodeID":"1295","text":"if we are justified it is by faith in Jesus","type":"I","timestamp":"2012-04-12 18:21:41"},{"nodeID":"1296","text":"Our works are not faith in Jesus","type":"I","timestamp":"2012-04-12 18:21:41"},{"nodeID":"1297","text":"RA","type":"RA","timestamp":"2012-04-12 18:21:41"},{"nodeID":"1298","text":"RA","type":"RA","timestamp":"2012-04-12 18:21:41"}],"edges":[{"edgeID":"1180","fromID":"1291","toID":"1297","formEdgeID":null},{"edgeID":"1181","fromID":"1292","toID":"1297","formEdgeID":null},{"edgeID":"1182","fromID":"1293","toID":"1297","formEdgeID":null},{"edgeID":"1183","fromID":"1297","toID":"1290","formEdgeID":null},{"edgeID":"1184","fromID":"1294","toID":"1298","formEdgeID":null},{"edgeID":"1185","fromID":"1295","toID":"1298","formEdgeID":null},{"edgeID":"1186","fromID":"1296","toID":"1298","formEdgeID":null},{"edgeID":"1187","fromID":"1298","toID":"1291","formEdgeID":null}]}