{"nodes":[{"nodeID":"2672","text":"o decreto legge per Retequattro o mille disoccupati in pi .","type":"I","timestamp":"2012-04-12 18:26:40"},{"nodeID":"2676","text":"Il Governo deve approvare il decreto legge","type":"I","timestamp":"2012-04-12 18:26:41"},{"nodeID":"2677","text":"Un grande imprenditore non privo di potenza finanziaria  chiosa sornione chiamando in causa Berlusconi sapr  pur trovare un modo per  impedire il temuto danno .","type":"I","timestamp":"2012-04-12 18:26:41"},{"nodeID":"2678","text":"Mille disoccupati in piu` non e` una conseguenza accettabile","type":"I","timestamp":"2012-04-12 18:26:41"},{"nodeID":"2679","text":"CA","type":"CA","timestamp":"2012-04-12 18:26:41"},{"nodeID":"2680","text":"RA","type":"RA","timestamp":"2012-04-12 18:26:41"}],"edges":[{"edgeID":"2577","fromID":"2677","toID":"2679","formEdgeID":null},{"edgeID":"2578","fromID":"2679","toID":"2672","formEdgeID":null},{"edgeID":"2579","fromID":"2672","toID":"2680","formEdgeID":null},{"edgeID":"2580","fromID":"2678","toID":"2680","formEdgeID":null},{"edgeID":"2581","fromID":"2680","toID":"2676","formEdgeID":null}]}