{"nodes":[{"nodeID":"4000","text":"Mrs A. Gardner is inconsistent and therefore her argument should not be accepted","type":"I","timestamp":"2012-04-12 18:31:02"},{"nodeID":"4001","text":"Mrs. A. Gardner discourages people from participating in the so-called AFP test which measures the chances of a pregnant having a baby with spina bifida or Down s syndrome.","type":"I","timestamp":"2012-04-12 18:31:02"},{"nodeID":"4002","text":"Mrs. Gardner knows all about the consequences of the AFP test","type":"I","timestamp":"2012-04-12 18:31:02"},{"nodeID":"4003","text":"So why did she have such a test done herself? Because in fact she preferred not to have a mongoloid baby?","type":"I","timestamp":"2012-04-12 18:31:02"},{"nodeID":"4004","text":"RA","type":"RA","timestamp":"2012-04-12 18:31:02"}],"edges":[{"edgeID":"3770","fromID":"4001","toID":"4004","formEdgeID":null},{"edgeID":"3771","fromID":"4002","toID":"4004","formEdgeID":null},{"edgeID":"3772","fromID":"4003","toID":"4004","formEdgeID":null},{"edgeID":"3773","fromID":"4004","toID":"4000","formEdgeID":null}]}