{"nodes":[{"nodeID":"3232","text":"An honourable man must live almost like a great prince who finds himself in a foreign country without subjects and retinue and who is reduced by fortune to behaving like an honourable private person","type":"I","timestamp":"2012-04-12 18:28:29"},{"nodeID":"3233","text":"A prince is a model for an honourable man","type":"I","timestamp":"2012-04-12 18:28:29"},{"nodeID":"3234","text":"Prince's actions are worth being imited by an honourable man","type":"I","timestamp":"2012-04-12 18:28:29"},{"nodeID":"3235","text":"RA","type":"RA","timestamp":"2012-04-12 18:28:29"}],"edges":[{"edgeID":"3102","fromID":"3233","toID":"3235","formEdgeID":null},{"edgeID":"3103","fromID":"3234","toID":"3235","formEdgeID":null},{"edgeID":"3104","fromID":"3235","toID":"3232","formEdgeID":null}]}