{"nodes":[{"nodeID":"4853","text":"La politica e` efficace","type":"I","timestamp":"2012-04-12 18:33:52"},{"nodeID":"4854","text":"Abbandonato il suo cattolicesimo riservato Kerry discute sulle piazze di religione e dal podio elettorale invoca fede famiglia valori morali e la Bibbia.","type":"I","timestamp":"2012-04-12 18:33:52"},{"nodeID":"4855","text":"Attinge al Vangelo per sostenere il Welfare State condannare guerra e pena di morte","type":"I","timestamp":"2012-04-12 18:33:52"},{"nodeID":"4856","text":"il senatore intona la sua preghiera democratica lancia messaggi spirituali e visita le chiese.","type":"I","timestamp":"2012-04-12 18:33:52"},{"nodeID":"4857","text":"L'ultimo week-end - riferisce il Washington Post - Kerry lo ha trascorso in Ohio a spiegare la lezione politica di S.Giacomo e S.Paolo.","type":"I","timestamp":"2012-04-12 18:33:52"},{"nodeID":"4858","text":"Domenica nella chiesa battista del Monte degli Ulivi di Columbus dopo aver intonato un salmo ha raccontato ai supporter la parabola del buon samaritano e dallo stesso pulpito ha criticato le politiche sociali e occupazionali di George W.Bush.","type":"I","timestamp":"2012-04-12 18:33:52"},{"nodeID":"4859","text":"Poche ore piu` tardi in un appello elettorale ha preso a prestito dalla Bibbia la sua massima preferita ovvero la lezione di San Giacomo  la fede senza opere e` morta  per condannare il presidente in carica e il mancato intervento in Darfur.","type":"I","timestamp":"2012-04-12 18:33:52"},{"nodeID":"4860","text":"Kerry cerca di colmare quella che gli esperti chiamano God gap","type":"I","timestamp":"2012-04-12 18:33:52"},{"nodeID":"4861","text":"In nome di Dio Kerry ha guadagnato piu` votanti negli Stati chiave.","type":"I","timestamp":"2012-04-12 18:33:52"},{"nodeID":"4862","text":"Kerry sta sostenendo una politica volta a mostrarsi profondamente cattolico","type":"I","timestamp":"2012-04-12 18:33:52"},{"nodeID":"4863","text":"le elezioni si avvicinano","type":"I","timestamp":"2012-04-12 18:33:52"},{"nodeID":"4864","text":"la migliore spiegazione della politica religiosa di Kerry e` che sta cercando di ottenere il favore dei cattolici","type":"I","timestamp":"2012-04-12 18:33:52"},{"nodeID":"4865","text":"RA","type":"RA","timestamp":"2012-04-12 18:33:52"},{"nodeID":"4866","text":"RA","type":"RA","timestamp":"2012-04-12 18:33:53"},{"nodeID":"4867","text":"RA","type":"RA","timestamp":"2012-04-12 18:33:53"},{"nodeID":"4868","text":"RA","type":"RA","timestamp":"2012-04-12 18:33:53"},{"nodeID":"4869","text":"RA","type":"RA","timestamp":"2012-04-12 18:33:53"},{"nodeID":"4870","text":"RA","type":"RA","timestamp":"2012-04-12 18:33:54"},{"nodeID":"4871","text":"RA","type":"RA","timestamp":"2012-04-12 18:33:54"},{"nodeID":"4872","text":"RA","type":"RA","timestamp":"2012-04-12 18:33:54"}],"edges":[{"edgeID":"4552","fromID":"4854","toID":"4865","formEdgeID":null},{"edgeID":"4553","fromID":"4865","toID":"4862","formEdgeID":null},{"edgeID":"4554","fromID":"4855","toID":"4866","formEdgeID":null},{"edgeID":"4555","fromID":"4866","toID":"4862","formEdgeID":null},{"edgeID":"4556","fromID":"4856","toID":"4867","formEdgeID":null},{"edgeID":"4557","fromID":"4867","toID":"4862","formEdgeID":null},{"edgeID":"4558","fromID":"4857","toID":"4868","formEdgeID":null},{"edgeID":"4559","fromID":"4868","toID":"4856","formEdgeID":null},{"edgeID":"4560","fromID":"4858","toID":"4869","formEdgeID":null},{"edgeID":"4561","fromID":"4869","toID":"4856","formEdgeID":null},{"edgeID":"4562","fromID":"4859","toID":"4870","formEdgeID":null},{"edgeID":"4563","fromID":"4870","toID":"4856","formEdgeID":null},{"edgeID":"4564","fromID":"4860","toID":"4871","formEdgeID":null},{"edgeID":"4565","fromID":"4861","toID":"4871","formEdgeID":null},{"edgeID":"4566","fromID":"4871","toID":"4853","formEdgeID":null},{"edgeID":"4567","fromID":"4862","toID":"4872","formEdgeID":null},{"edgeID":"4568","fromID":"4863","toID":"4872","formEdgeID":null},{"edgeID":"4569","fromID":"4864","toID":"4872","formEdgeID":null},{"edgeID":"4570","fromID":"4872","toID":"4860","formEdgeID":null}]}