{"nodes":[{"nodeID":"3322","text":"You should confess","type":"I","timestamp":"2012-04-12 18:28:46"},{"nodeID":"3323","text":"Reconciliation with god is a good end for you sinner","type":"I","timestamp":"2012-04-12 18:28:46"},{"nodeID":"3324","text":"He [God] refuses to sinners nothing that they need. They require three things :divine mercy divine power and divine patience","type":"I","timestamp":"2012-04-12 18:28:46"},{"nodeID":"3325","text":"Confession is the means to reconciliate with god","type":"I","timestamp":"2012-04-12 18:28:46"},{"nodeID":"3326","text":"Reconciliation with god is easy to achieve for a sinner","type":"I","timestamp":"2012-04-12 18:28:46"},{"nodeID":"3327","text":"RA","type":"RA","timestamp":"2012-04-12 18:28:46"},{"nodeID":"3328","text":"RA","type":"RA","timestamp":"2012-04-12 18:28:46"},{"nodeID":"3329","text":"RA","type":"RA","timestamp":"2012-04-12 18:28:47"}],"edges":[{"edgeID":"3174","fromID":"3323","toID":"3327","formEdgeID":null},{"edgeID":"3175","fromID":"3327","toID":"3322","formEdgeID":null},{"edgeID":"3176","fromID":"3324","toID":"3328","formEdgeID":null},{"edgeID":"3177","fromID":"3328","toID":"3326","formEdgeID":null},{"edgeID":"3178","fromID":"3325","toID":"3329","formEdgeID":null},{"edgeID":"3179","fromID":"3326","toID":"3329","formEdgeID":null},{"edgeID":"3180","fromID":"3329","toID":"3323","formEdgeID":null}]}