{"nodes":[{"nodeID":"1951","text":"That is why the DPJ should consider the Hatoyama resignation in the broader context of a political reorganization.","type":"I","timestamp":"2012-04-12 18:24:02"},{"nodeID":"1952","text":"As a result politics may lose some of its vital flexibility to the detriment of sound parliamentary democracy in Japan","type":"I","timestamp":"2012-04-12 18:24:02"},{"nodeID":"1953","text":"If the consequences of a fact are at serious for political life the fact is serious for political life","type":"I","timestamp":"2012-04-12 18:24:02"},{"nodeID":"1954","text":"The DPJ crisis is also likely to have an effect on other opposition parties","type":"I","timestamp":"2012-04-12 18:24:02"},{"nodeID":"1955","text":"Democracy is based on the possibility of choice between parties with a different program","type":"I","timestamp":"2012-04-12 18:24:02"},{"nodeID":"1956","text":"If there is a too strong party the democracy will be affected by that","type":"I","timestamp":"2012-04-12 18:24:02"},{"nodeID":"1957","text":"A weakening of opposition ranks already evident in the Diet and elsewhere will further embolden the ruling parties.","type":"I","timestamp":"2012-04-12 18:24:02"},{"nodeID":"1958","text":"If the opposition is weakened the party is stenghten","type":"I","timestamp":"2012-04-12 18:24:02"},{"nodeID":"1959","text":"the public's disappointment with the DPJ will lead to an erosion of confidence in the opposition camp as a whole","type":"I","timestamp":"2012-04-12 18:24:02"},{"nodeID":"1960","text":"If the leading party of a coalition is discredited the whole coalition it belongs to is dicredited","type":"I","timestamp":"2012-04-12 18:24:02"},{"nodeID":"1961","text":"RA","type":"RA","timestamp":"2012-04-12 18:24:02"},{"nodeID":"1962","text":"RA","type":"RA","timestamp":"2012-04-12 18:24:03","scheme":"CauseToEffect"},{"nodeID":"1963","text":"RA","type":"RA","timestamp":"2012-04-12 18:24:03","scheme":"CauseToEffect"},{"nodeID":"1964","text":"RA","type":"RA","timestamp":"2012-04-12 18:24:03","scheme":"CauseToEffect"}],"edges":[{"edgeID":"1845","fromID":"1952","toID":"1961","formEdgeID":null},{"edgeID":"1846","fromID":"1953","toID":"1961","formEdgeID":null},{"edgeID":"1847","fromID":"1961","toID":"1951","formEdgeID":null},{"edgeID":"1848","fromID":"1954","toID":"1962","formEdgeID":null},{"edgeID":"1849","fromID":"1955","toID":"1962","formEdgeID":null},{"edgeID":"1850","fromID":"1956","toID":"1962","formEdgeID":null},{"edgeID":"1851","fromID":"1962","toID":"1952","formEdgeID":null},{"edgeID":"1852","fromID":"1957","toID":"1963","formEdgeID":null},{"edgeID":"1853","fromID":"1958","toID":"1963","formEdgeID":null},{"edgeID":"1854","fromID":"1963","toID":"1954","formEdgeID":null},{"edgeID":"1855","fromID":"1959","toID":"1964","formEdgeID":null},{"edgeID":"1856","fromID":"1960","toID":"1964","formEdgeID":null},{"edgeID":"1857","fromID":"1964","toID":"1957","formEdgeID":null}]}