{"nodes":[{"nodeID":"3992","text":"she is tall and blonde I image","type":"I","timestamp":"2012-04-12 18:31:00"},{"nodeID":"3993","text":"She is beautiful!","type":"I","timestamp":"2012-04-12 18:31:01"},{"nodeID":"3994","text":"For Tim only blonde and tall girls are   beautiful","type":"I","timestamp":"2012-04-12 18:31:01"},{"nodeID":"3995","text":"RA","type":"RA","timestamp":"2012-04-12 18:31:01","scheme":"VerbalClassification"}],"edges":[{"edgeID":"3764","fromID":"3993","toID":"3995","formEdgeID":null},{"edgeID":"3765","fromID":"3994","toID":"3995","formEdgeID":null},{"edgeID":"3766","fromID":"3995","toID":"3992","formEdgeID":null}]}