{"nodes":[{"nodeID":"4154","text":"Bush should not be elected because he is not good for judgement","type":"I","timestamp":"2012-04-12 18:31:34"},{"nodeID":"4155","text":"This president has made I regret to say a colossal error of judgment","type":"I","timestamp":"2012-04-12 18:31:34"},{"nodeID":"4156","text":"judgment is what we look for in the president of the United States of America.","type":"I","timestamp":"2012-04-12 18:31:34"},{"nodeID":"4157","text":"And smart means not diverting your attention from the real war on terror in Afghanistan against Osama bin Laden and taking if off to Iraq where the 9\/11 Commission confirms there was no connection to 9\/11 itself and Saddam Hussein and where the reason for going to war was weapons of mass destruction not the removal of Saddam Hussein.","type":"I","timestamp":"2012-04-12 18:31:34"},{"nodeID":"4158","text":"Wrong decisions are errors of judgement","type":"I","timestamp":"2012-04-12 18:31:34"},{"nodeID":"4159","text":"RA","type":"RA","timestamp":"2012-04-12 18:31:34"},{"nodeID":"4160","text":"RA","type":"RA","timestamp":"2012-04-12 18:31:35","scheme":"VerbalClassification"}],"edges":[{"edgeID":"3914","fromID":"4155","toID":"4159","formEdgeID":null},{"edgeID":"3915","fromID":"4156","toID":"4159","formEdgeID":null},{"edgeID":"3916","fromID":"4159","toID":"4154","formEdgeID":null},{"edgeID":"3917","fromID":"4157","toID":"4160","formEdgeID":null},{"edgeID":"3918","fromID":"4158","toID":"4160","formEdgeID":null},{"edgeID":"3919","fromID":"4160","toID":"4155","formEdgeID":null}]}