{"nodes":[{"nodeID":"742","text":"This was the latest and deadliest of several recent assaults.","type":"I","timestamp":"2012-04-12 18:19:53"},{"nodeID":"748","text":"Yesterday more gunfire was directed at American troops in Kuwait.","type":"I","timestamp":"2012-04-12 18:19:54"},{"nodeID":"2014","text":"Together they offer evidence that Al Qaeda and its allies have survived the war in Afghanistan and are regrouping to organize new strikes","type":"I","timestamp":"2012-04-12 18:24:15"},{"nodeID":"2015","text":"Most of the nearly 200 people killed and hundreds others injured on Saturday were foreign tourists","type":"I","timestamp":"2012-04-12 18:24:15"},{"nodeID":"2016","text":"Indonesia has been badly hurt as well","type":"I","timestamp":"2012-04-12 18:24:15"},{"nodeID":"2017","text":"Its sense of security has been jolted","type":"I","timestamp":"2012-04-12 18:24:15"},{"nodeID":"2018","text":"its stock market is reeling","type":"I","timestamp":"2012-04-12 18:24:15"},{"nodeID":"2019","text":"Bali's economically important tourist industry faces ruinous free fall.","type":"I","timestamp":"2012-04-12 18:24:15"},{"nodeID":"2020","text":"Al Qaeda committed the attack","type":"I","timestamp":"2012-04-12 18:24:15"},{"nodeID":"2021","text":"It was a terrorist attack","type":"I","timestamp":"2012-04-12 18:24:16"},{"nodeID":"2022","text":"Late last month a French oil tanker was set ablaze off Yemen in what Paris believes was a terrorist attack","type":"I","timestamp":"2012-04-12 18:24:16"},{"nodeID":"2023","text":"If a group is organizing attacks the reason is that it is reorganizing","type":"I","timestamp":"2012-04-12 18:24:16"},{"nodeID":"2024","text":"Al Qaeda is attacking again","type":"I","timestamp":"2012-04-12 18:24:16"},{"nodeID":"2025","text":"Two weeks ago Kuwaiti terrorists opened fire on American marines in the country for joint exercises with the Kuwaiti military killing one of them","type":"I","timestamp":"2012-04-12 18:24:16"},{"nodeID":"2026","text":"One of the assailants left behind a tape pledging allegiance to Osama bin Laden.","type":"I","timestamp":"2012-04-12 18:24:16"},{"nodeID":"2027","text":"The fact that the group committed the attack is the best explanation of the fact that they claimed responsability for it","type":"I","timestamp":"2012-04-12 18:24:16"},{"nodeID":"2028","text":"It was recorded recently","type":"I","timestamp":"2012-04-12 18:24:16"},{"nodeID":"2029","text":"If a group is reorganizing it does not need to lurk anymore","type":"I","timestamp":"2012-04-12 18:24:16"},{"nodeID":"2030","text":"Meanwhile a new tape by Osama bin Laden's top deputy Ayman al-Zawahiri has begun circulating","type":"I","timestamp":"2012-04-12 18:24:16"},{"nodeID":"2031","text":"American authorities believe it was recorded recently.","type":"I","timestamp":"2012-04-12 18:24:16"},{"nodeID":"2032","text":"RA","type":"RA","timestamp":"2012-04-12 18:24:16"},{"nodeID":"2033","text":"RA","type":"RA","timestamp":"2012-04-12 18:24:16","scheme":"Example"},{"nodeID":"2034","text":"RA","type":"RA","timestamp":"2012-04-12 18:24:17"},{"nodeID":"2035","text":"RA","type":"RA","timestamp":"2012-04-12 18:24:17","scheme":"Example"},{"nodeID":"2036","text":"RA","type":"RA","timestamp":"2012-04-12 18:24:17","scheme":"Example"},{"nodeID":"2037","text":"RA","type":"RA","timestamp":"2012-04-12 18:24:17","scheme":"Example"},{"nodeID":"2038","text":"RA","type":"RA","timestamp":"2012-04-12 18:24:18"},{"nodeID":"2039","text":"RA","type":"RA","timestamp":"2012-04-12 18:24:18","scheme":"Example"},{"nodeID":"2040","text":"RA","type":"RA","timestamp":"2012-04-12 18:24:18"},{"nodeID":"2041","text":"RA","type":"RA","timestamp":"2012-04-12 18:24:18","scheme":"ExpertOpinion"},{"nodeID":"2042","text":"RA","type":"RA","timestamp":"2012-04-12 18:24:19"},{"nodeID":"2043","text":"RA","type":"RA","timestamp":"2012-04-12 18:24:19"},{"nodeID":"2044","text":"RA","type":"RA","timestamp":"2012-04-12 18:24:19"},{"nodeID":"2045","text":"RA","type":"RA","timestamp":"2012-04-12 18:24:20","scheme":"ExpertOpinion"}],"edges":[{"edgeID":"1909","fromID":"742","toID":"2032","formEdgeID":null},{"edgeID":"1910","fromID":"2032","toID":"2024","formEdgeID":null},{"edgeID":"1911","fromID":"2015","toID":"2033","formEdgeID":null},{"edgeID":"1912","fromID":"2033","toID":"742","formEdgeID":null},{"edgeID":"1913","fromID":"2016","toID":"2034","formEdgeID":null},{"edgeID":"1914","fromID":"2034","toID":"742","formEdgeID":null},{"edgeID":"1915","fromID":"2017","toID":"2035","formEdgeID":null},{"edgeID":"1916","fromID":"2035","toID":"2016","formEdgeID":null},{"edgeID":"1917","fromID":"2018","toID":"2036","formEdgeID":null},{"edgeID":"1918","fromID":"2036","toID":"2016","formEdgeID":null},{"edgeID":"1919","fromID":"2019","toID":"2037","formEdgeID":null},{"edgeID":"1920","fromID":"2037","toID":"2016","formEdgeID":null},{"edgeID":"1921","fromID":"2020","toID":"2038","formEdgeID":null},{"edgeID":"1922","fromID":"2038","toID":"2024","formEdgeID":null},{"edgeID":"1923","fromID":"748","toID":"2039","formEdgeID":null},{"edgeID":"1924","fromID":"2039","toID":"2024","formEdgeID":null},{"edgeID":"1925","fromID":"2021","toID":"2040","formEdgeID":null},{"edgeID":"1926","fromID":"2040","toID":"2024","formEdgeID":null},{"edgeID":"1927","fromID":"2022","toID":"2041","formEdgeID":null},{"edgeID":"1928","fromID":"2041","toID":"2021","formEdgeID":null},{"edgeID":"1929","fromID":"2023","toID":"2042","formEdgeID":null},{"edgeID":"1930","fromID":"2024","toID":"2042","formEdgeID":null},{"edgeID":"1931","fromID":"2042","toID":"2014","formEdgeID":null},{"edgeID":"1932","fromID":"2025","toID":"2043","formEdgeID":null},{"edgeID":"1933","fromID":"2026","toID":"2043","formEdgeID":null},{"edgeID":"1934","fromID":"2027","toID":"2043","formEdgeID":null},{"edgeID":"1935","fromID":"2043","toID":"2020","formEdgeID":null},{"edgeID":"1936","fromID":"2028","toID":"2044","formEdgeID":null},{"edgeID":"1937","fromID":"2029","toID":"2044","formEdgeID":null},{"edgeID":"1938","fromID":"2044","toID":"2014","formEdgeID":null},{"edgeID":"1939","fromID":"2030","toID":"2045","formEdgeID":null},{"edgeID":"1940","fromID":"2031","toID":"2045","formEdgeID":null},{"edgeID":"1941","fromID":"2045","toID":"2028","formEdgeID":null}]}