{"nodes":[{"nodeID":"4438","text":"Non togliete al cavaliere le figlie per il vostro capriccio","type":"I","timestamp":"2012-04-12 18:32:29"},{"nodeID":"4439","text":"Vincere se stesso e` estremamente glorioso","type":"I","timestamp":"2012-04-12 18:32:29"},{"nodeID":"4440","text":"Io vi ricordo re che grandissima gloria v'e` aver vinto Manfredi e sconfitto Corradino ma molto maggiore e` se` medesimo vincere","type":"I","timestamp":"2012-04-12 18:32:29"},{"nodeID":"4441","text":"Questo non e` atto di re magnanimo anzi d'un pusillanimo giovinetto.","type":"I","timestamp":"2012-04-12 18:32:29"},{"nodeID":"4442","text":"Se volete avere la dignita` di re dovete compiere azioni degne di un re","type":"I","timestamp":"2012-04-12 18:32:29"},{"nodeID":"4443","text":"Qual tradimento si commise giammai piu` degno d'etterno supplicio che saria questo che voi a colui che v'onora togliate il suo onore e la sua speranza e la sua consolazione?","type":"I","timestamp":"2012-04-12 18:32:29"},{"nodeID":"4444","text":"Se un atto e` contro le leggi morali e divine non dovete compierlo","type":"I","timestamp":"2012-04-12 18:32:29"},{"nodeID":"4445","text":"La vostra azione vi puo` costare il regno","type":"I","timestamp":"2012-04-12 18:32:29"},{"nodeID":"4446","text":"Il vostro scopo e` mantenere il regno","type":"I","timestamp":"2012-04-12 18:32:29"},{"nodeID":"4447","text":"Ora evvi cosi` tosto della memoria caduto le violenze fatte alle donne da Manfredi avervi l'entrata aperta in questo regno?","type":"I","timestamp":"2012-04-12 18:32:29"},{"nodeID":"4448","text":"L`azione di Manfredi e` analoga alla vostra","type":"I","timestamp":"2012-04-12 18:32:30"},{"nodeID":"4449","text":"Ora e` questo della giustizia dei re che coloro che nelle lor braccia ricorrono in cotal forma chi che essi si sieno in cos  fatta guisa si trattino?","type":"I","timestamp":"2012-04-12 18:32:30"},{"nodeID":"4450","text":"Non e` una conseguenza positiva che la gente pensi che il re sia un vigliacco","type":"I","timestamp":"2012-04-12 18:32:30"},{"nodeID":"4451","text":"dite che diliberato avete di dovere le due figliuole torre al povero cavaliere il quale in casa sua oltre al poter suo v'ha onorato e per piu` onorarvi quelle quasi ignude v'ha dimostrate testificando per quello quanta sia la fede che egli ha in voi e che esso fermamente creda voi essere re e non lupo rapace.","type":"I","timestamp":"2012-04-12 18:32:30"},{"nodeID":"4452","text":"Voi forse estimate che sufficiente scusa fosse il dire: - Io il feci per cio` che egli e` ghibellino","type":"I","timestamp":"2012-04-12 18:32:30"},{"nodeID":"4453","text":"La migliore spiegazione che il popolo puo` dare dell`azione e` che il re e` un vigliacco","type":"I","timestamp":"2012-04-12 18:32:30"},{"nodeID":"4454","text":"RA","type":"RA","timestamp":"2012-04-12 18:32:30"},{"nodeID":"4455","text":"RA","type":"RA","timestamp":"2012-04-12 18:32:30"},{"nodeID":"4456","text":"RA","type":"RA","timestamp":"2012-04-12 18:32:30"},{"nodeID":"4457","text":"RA","type":"RA","timestamp":"2012-04-12 18:32:31"},{"nodeID":"4458","text":"RA","type":"RA","timestamp":"2012-04-12 18:32:31"},{"nodeID":"4459","text":"RA","type":"RA","timestamp":"2012-04-12 18:32:31"},{"nodeID":"4460","text":"RA","type":"RA","timestamp":"2012-04-12 18:32:32"},{"nodeID":"4461","text":"RA","type":"RA","timestamp":"2012-04-12 18:32:32"}],"edges":[{"edgeID":"4173","fromID":"4439","toID":"4454","formEdgeID":null},{"edgeID":"4174","fromID":"4454","toID":"4438","formEdgeID":null},{"edgeID":"4175","fromID":"4440","toID":"4455","formEdgeID":null},{"edgeID":"4176","fromID":"4455","toID":"4439","formEdgeID":null},{"edgeID":"4177","fromID":"4441","toID":"4456","formEdgeID":null},{"edgeID":"4178","fromID":"4442","toID":"4456","formEdgeID":null},{"edgeID":"4179","fromID":"4456","toID":"4438","formEdgeID":null},{"edgeID":"4180","fromID":"4443","toID":"4457","formEdgeID":null},{"edgeID":"4181","fromID":"4444","toID":"4457","formEdgeID":null},{"edgeID":"4182","fromID":"4457","toID":"4438","formEdgeID":null},{"edgeID":"4183","fromID":"4445","toID":"4458","formEdgeID":null},{"edgeID":"4184","fromID":"4446","toID":"4458","formEdgeID":null},{"edgeID":"4185","fromID":"4458","toID":"4438","formEdgeID":null},{"edgeID":"4186","fromID":"4447","toID":"4459","formEdgeID":null},{"edgeID":"4187","fromID":"4448","toID":"4459","formEdgeID":null},{"edgeID":"4188","fromID":"4459","toID":"4445","formEdgeID":null},{"edgeID":"4189","fromID":"4449","toID":"4460","formEdgeID":null},{"edgeID":"4190","fromID":"4450","toID":"4460","formEdgeID":null},{"edgeID":"4191","fromID":"4460","toID":"4438","formEdgeID":null},{"edgeID":"4192","fromID":"4451","toID":"4461","formEdgeID":null},{"edgeID":"4193","fromID":"4452","toID":"4461","formEdgeID":null},{"edgeID":"4194","fromID":"4453","toID":"4461","formEdgeID":null},{"edgeID":"4195","fromID":"4461","toID":"4449","formEdgeID":null}]}