{"nodes":[{"nodeID":"4336","text":"We cannot accept the policy of appeasement","type":"I","timestamp":"2012-04-12 18:32:10"},{"nodeID":"4337","text":"We cannot accept a destruction of kind never seen before","type":"I","timestamp":"2012-04-12 18:32:10"},{"nodeID":"4338","text":"In this century when evil men plot chemical biological and nuclear terror a policy of appeasement could bring destruction of a kind never before seen on this earth","type":"I","timestamp":"2012-04-12 18:32:10"},{"nodeID":"4339","text":"In the 20th century some chose to appease murderous dictators whose threats were allowed to grow into genocide and global war","type":"I","timestamp":"2012-04-12 18:32:10"},{"nodeID":"4340","text":"The policy of appeasement with dictators in the 20th century is similar to the policy of appeasement with Saddam","type":"I","timestamp":"2012-04-12 18:32:10"},{"nodeID":"4341","text":"The consequences of the appeasement are proportional to the military force","type":"I","timestamp":"2012-04-12 18:32:10"},{"nodeID":"4342","text":"RA","type":"RA","timestamp":"2012-04-12 18:32:10"},{"nodeID":"4343","text":"RA","type":"RA","timestamp":"2012-04-12 18:32:10","scheme":"Analogy"}],"edges":[{"edgeID":"4080","fromID":"4337","toID":"4342","formEdgeID":null},{"edgeID":"4081","fromID":"4338","toID":"4342","formEdgeID":null},{"edgeID":"4082","fromID":"4342","toID":"4336","formEdgeID":null},{"edgeID":"4083","fromID":"4339","toID":"4343","formEdgeID":null},{"edgeID":"4084","fromID":"4340","toID":"4343","formEdgeID":null},{"edgeID":"4085","fromID":"4341","toID":"4343","formEdgeID":null},{"edgeID":"4086","fromID":"4343","toID":"4338","formEdgeID":null}]}