{"nodes":[{"nodeID":"3090","text":"We must keep our focus. We must do our duty.","type":"I","timestamp":"2012-04-12 18:28:01"},{"nodeID":"3091","text":"They seek to impose Taliban-like rule country by country across the greater Middle East.","type":"I","timestamp":"2012-04-12 18:28:02"},{"nodeID":"3092","text":"They seek the total control of every person and mind and soul a harsh society in which women are voiceless and brutalized.","type":"I","timestamp":"2012-04-12 18:28:02"},{"nodeID":"3093","text":"They seek bases of operation to train more killers and export more violence.","type":"I","timestamp":"2012-04-12 18:28:02"},{"nodeID":"3094","text":"They commit dramatic acts of murder to shock frighten and demoralize civilized nations hoping we will retreat from the world and give them free rein.","type":"I","timestamp":"2012-04-12 18:28:02"},{"nodeID":"3095","text":"They seek weapons of mass destruction to impose their will through blackmail and catastrophic attacks","type":"I","timestamp":"2012-04-12 18:28:02"},{"nodeID":"3096","text":"Terrorist can cause the world to tend towards tragady","type":"I","timestamp":"2012-04-12 18:28:02"},{"nodeID":"3097","text":"History is moving and it will tend toward hope or tend toward tragedy.","type":"I","timestamp":"2012-04-12 18:28:02"},{"nodeID":"3098","text":"Hope means fighting against this ideology","type":"I","timestamp":"2012-04-12 18:28:02"},{"nodeID":"3099","text":"Our enemies are ruthless","type":"I","timestamp":"2012-04-12 18:28:02"},{"nodeID":"3100","text":"None of this is the expression of a religion.","type":"I","timestamp":"2012-04-12 18:28:02"},{"nodeID":"3101","text":"It is a totalitarian political ideology pursued with consuming zeal and without conscience.","type":"I","timestamp":"2012-04-12 18:28:02"},{"nodeID":"3102","text":"Totalitarian ideology and ruthlessy can cause the world to tend toward tragedy","type":"I","timestamp":"2012-04-12 18:28:02"},{"nodeID":"3103","text":"RA","type":"RA","timestamp":"2012-04-12 18:28:02","scheme":"Example"},{"nodeID":"3104","text":"RA","type":"RA","timestamp":"2012-04-12 18:28:03","scheme":"Example"},{"nodeID":"3105","text":"RA","type":"RA","timestamp":"2012-04-12 18:28:03","scheme":"Example"},{"nodeID":"3106","text":"RA","type":"RA","timestamp":"2012-04-12 18:28:03","scheme":"Example"},{"nodeID":"3107","text":"RA","type":"RA","timestamp":"2012-04-12 18:28:03","scheme":"Example"},{"nodeID":"3108","text":"RA","type":"RA","timestamp":"2012-04-12 18:28:04"},{"nodeID":"3109","text":"RA","type":"RA","timestamp":"2012-04-12 18:28:04"}],"edges":[{"edgeID":"2970","fromID":"3091","toID":"3103","formEdgeID":null},{"edgeID":"2971","fromID":"3103","toID":"3099","formEdgeID":null},{"edgeID":"2972","fromID":"3092","toID":"3104","formEdgeID":null},{"edgeID":"2973","fromID":"3104","toID":"3099","formEdgeID":null},{"edgeID":"2974","fromID":"3093","toID":"3105","formEdgeID":null},{"edgeID":"2975","fromID":"3105","toID":"3099","formEdgeID":null},{"edgeID":"2976","fromID":"3094","toID":"3106","formEdgeID":null},{"edgeID":"2977","fromID":"3106","toID":"3099","formEdgeID":null},{"edgeID":"2978","fromID":"3095","toID":"3107","formEdgeID":null},{"edgeID":"2979","fromID":"3107","toID":"3099","formEdgeID":null},{"edgeID":"2980","fromID":"3096","toID":"3108","formEdgeID":null},{"edgeID":"2981","fromID":"3097","toID":"3108","formEdgeID":null},{"edgeID":"2982","fromID":"3098","toID":"3108","formEdgeID":null},{"edgeID":"2983","fromID":"3108","toID":"3090","formEdgeID":null},{"edgeID":"2984","fromID":"3099","toID":"3109","formEdgeID":null},{"edgeID":"2985","fromID":"3100","toID":"3109","formEdgeID":null},{"edgeID":"2986","fromID":"3101","toID":"3109","formEdgeID":null},{"edgeID":"2987","fromID":"3102","toID":"3109","formEdgeID":null},{"edgeID":"2988","fromID":"3109","toID":"3096","formEdgeID":null}]}