{"nodes":[{"nodeID":"3020","text":"We should keep supporting the policy in the Middle East","type":"I","timestamp":"2012-04-12 18:27:48"},{"nodeID":"3021","text":"In 1946 18 months after the fall of Berlin to allied forces a journalist wrote in the New York Times  Germany is ... a land in an acute stage of economic political and moral crisis.     [European] capitals are frightened. In every [military] headquarters one meets alarmed officials doing their utmost to deal with the consequences of the occupation policy that they admit has failed.","type":"I","timestamp":"2012-04-12 18:27:48"},{"nodeID":"3022","text":"And because that generation of Americans held firm in the cause of liberty we live in a better and safer world today","type":"I","timestamp":"2012-04-12 18:27:48"},{"nodeID":"3023","text":"Fortunately we had a resolute president named Truman who with the American people persevered knowing that a new democracy at the center of Europe would lead to stability and peace.","type":"I","timestamp":"2012-04-12 18:27:48"},{"nodeID":"3024","text":"Some journalists doubted of the American policy in 1946","type":"I","timestamp":"2012-04-12 18:27:48"},{"nodeID":"3025","text":"President Truman's resolution and Americans' support of liberty was the best thing to do to live in a safer world","type":"I","timestamp":"2012-04-12 18:27:48"},{"nodeID":"3026","text":"The president now believes that a democracy at the centre of Middle East will lead to stability","type":"I","timestamp":"2012-04-12 18:27:48"},{"nodeID":"3027","text":"The president is opposed","type":"I","timestamp":"2012-04-12 18:27:48"},{"nodeID":"3028","text":"RA","type":"RA","timestamp":"2012-04-12 18:27:48","scheme":"Example"},{"nodeID":"3029","text":"RA","type":"RA","timestamp":"2012-04-12 18:27:48","scheme":"Example"},{"nodeID":"3030","text":"RA","type":"RA","timestamp":"2012-04-12 18:27:49","scheme":"CauseToEffect"},{"nodeID":"3031","text":"RA","type":"RA","timestamp":"2012-04-12 18:27:49"}],"edges":[{"edgeID":"2900","fromID":"3021","toID":"3028","formEdgeID":null},{"edgeID":"2901","fromID":"3028","toID":"3024","formEdgeID":null},{"edgeID":"2902","fromID":"3022","toID":"3029","formEdgeID":null},{"edgeID":"2903","fromID":"3029","toID":"3025","formEdgeID":null},{"edgeID":"2904","fromID":"3023","toID":"3030","formEdgeID":null},{"edgeID":"2905","fromID":"3030","toID":"3022","formEdgeID":null},{"edgeID":"2906","fromID":"3024","toID":"3031","formEdgeID":null},{"edgeID":"2907","fromID":"3025","toID":"3031","formEdgeID":null},{"edgeID":"2908","fromID":"3026","toID":"3031","formEdgeID":null},{"edgeID":"2909","fromID":"3027","toID":"3031","formEdgeID":null},{"edgeID":"2910","fromID":"3031","toID":"3020","formEdgeID":null}]}