{"nodes":[{"nodeID":"370","text":"against similarity due to common design","type":"I","timestamp":"2012-04-12 18:18:43"},{"nodeID":"371","text":"the two organisms share many detailed antomical similarites but lead totally different lifestyles.","type":"I","timestamp":"2012-04-12 18:18:43"},{"nodeID":"372","text":"If two organisms share many detailed anatomical similarities but lead totally different lifestiles their similarity is not due to common design","type":"I","timestamp":"2012-04-12 18:18:43"},{"nodeID":"373","text":"RA","type":"RA","timestamp":"2012-04-12 18:18:43"}],"edges":[{"edgeID":"348","fromID":"371","toID":"373","formEdgeID":null},{"edgeID":"349","fromID":"372","toID":"373","formEdgeID":null},{"edgeID":"350","fromID":"373","toID":"370","formEdgeID":null}]}