{"nodes":[{"nodeID":"3390","text":"Teaching is the counterpart of learning","type":"I","timestamp":"2012-04-12 18:28:58"},{"nodeID":"3391","text":"What it is honourable to learn","type":"I","timestamp":"2012-04-12 18:28:58"},{"nodeID":"3392","text":"is also honourable to teach","type":"I","timestamp":"2012-04-12 18:28:58"},{"nodeID":"3393","text":"RA","type":"RA","timestamp":"2012-04-12 18:28:59"}],"edges":[{"edgeID":"3227","fromID":"3391","toID":"3393","formEdgeID":null},{"edgeID":"3228","fromID":"3392","toID":"3393","formEdgeID":null},{"edgeID":"3229","fromID":"3393","toID":"3390","formEdgeID":null}]}