{"nodes":[{"nodeID":"995","text":"What I have heard my Republican colleagues on the other side of the aisle say is that they need more time to look at this.","type":"I","timestamp":"2012-04-12 18:20:41"},{"nodeID":"996","text":"They do not need more time to look at it","type":"I","timestamp":"2012-04-12 18:20:41"},{"nodeID":"997","text":"It can certainly be read","type":"I","timestamp":"2012-04-12 18:20:41"},{"nodeID":"998","text":"If something can certainly be done in the available time there is no need for more time","type":"I","timestamp":"2012-04-12 18:20:41"},{"nodeID":"999","text":"seven pages can certainly be read","type":"I","timestamp":"2012-04-12 18:20:41"},{"nodeID":"1000","text":"It is seven pages long.","type":"I","timestamp":"2012-04-12 18:20:41"},{"nodeID":"1001","text":"We have been at this now for well over I think 2 weeks","type":"I","timestamp":"2012-04-12 18:20:41"},{"nodeID":"1002","text":"one page a day certainly can be read.","type":"I","timestamp":"2012-04-12 18:20:41"},{"nodeID":"1003","text":"If seven pages per seven days can certainly be read by us and we have been at it for well over fourteen days seven pages can certainly be read.","type":"I","timestamp":"2012-04-12 18:20:41"},{"nodeID":"1004","text":"CA","type":"CA","timestamp":"2012-04-12 18:20:41"},{"nodeID":"1005","text":"RA","type":"RA","timestamp":"2012-04-12 18:20:42"},{"nodeID":"1006","text":"RA","type":"RA","timestamp":"2012-04-12 18:20:42"},{"nodeID":"1007","text":"RA","type":"RA","timestamp":"2012-04-12 18:20:42"}],"edges":[{"edgeID":"897","fromID":"996","toID":"1004","formEdgeID":null},{"edgeID":"898","fromID":"1004","toID":"995","formEdgeID":null},{"edgeID":"899","fromID":"997","toID":"1005","formEdgeID":null},{"edgeID":"900","fromID":"998","toID":"1005","formEdgeID":null},{"edgeID":"901","fromID":"1005","toID":"996","formEdgeID":null},{"edgeID":"902","fromID":"999","toID":"1006","formEdgeID":null},{"edgeID":"903","fromID":"1000","toID":"1006","formEdgeID":null},{"edgeID":"904","fromID":"1006","toID":"997","formEdgeID":null},{"edgeID":"905","fromID":"1001","toID":"1007","formEdgeID":null},{"edgeID":"906","fromID":"1002","toID":"1007","formEdgeID":null},{"edgeID":"907","fromID":"1003","toID":"1007","formEdgeID":null},{"edgeID":"908","fromID":"1007","toID":"999","formEdgeID":null}]}