{"nodes":[{"nodeID":"2507","text":"there is virtually no chance a prison labor camp will be located in Siskiyou county to improve the badly neglected Klamath River","type":"I","timestamp":"2012-04-12 18:26:06"},{"nodeID":"2508","text":"The camp is located either in Los Angeles or in Siskiyou","type":"I","timestamp":"2012-04-12 18:26:06"},{"nodeID":"2511","text":"The Board of Prison directors announced this week that a prison labor camp would be located in Palomar Park near Los Angeles to build a recreation center","type":"I","timestamp":"2012-04-12 18:26:07"},{"nodeID":"2512","text":"If the camp is located in Los Angeles it won't be located in Siskiyou","type":"I","timestamp":"2012-04-12 18:26:07"},{"nodeID":"2578","text":"RA","type":"RA","timestamp":"2012-04-12 18:26:21","scheme":"VerbalClassification"}],"edges":[{"edgeID":"2482","fromID":"2511","toID":"2578","formEdgeID":null},{"edgeID":"2483","fromID":"2508","toID":"2578","formEdgeID":null},{"edgeID":"2484","fromID":"2512","toID":"2578","formEdgeID":null},{"edgeID":"2485","fromID":"2578","toID":"2507","formEdgeID":null}]}