{"nodes":[{"nodeID":"378","text":"semesterisation is a good idea","type":"I","timestamp":"2012-04-12 18:18:45"},{"nodeID":"379","text":"should be avoided at all costs","type":"I","timestamp":"2012-04-12 18:18:45"},{"nodeID":"380","text":"semesterisation is going to involve an enormous amount of work","type":"I","timestamp":"2012-04-12 18:18:45"},{"nodeID":"381","text":"more flexibility for students","type":"I","timestamp":"2012-04-12 18:18:45"},{"nodeID":"382","text":"administration for the university","type":"I","timestamp":"2012-04-12 18:18:45"},{"nodeID":"383","text":"semesterisation would lead to a reduced workload for staff","type":"I","timestamp":"2012-04-12 18:18:45"},{"nodeID":"384","text":"VCBrown says 'semesterisation is a good idea'","type":"L","timestamp":"2012-04-12 18:18:45"},{"nodeID":"386","text":"VCBrown says 'more flexibility for students'","type":"L","timestamp":"2012-04-12 18:18:45"},{"nodeID":"388","text":"VCBrown says 'administration for the university'","type":"L","timestamp":"2012-04-12 18:18:45"},{"nodeID":"390","text":"VCBrown says 'semesterisation would lead to a reduced workload for staff'","type":"L","timestamp":"2012-04-12 18:18:46"},{"nodeID":"392","text":"Speaker says 'should be avoided at all costs'","type":"L","timestamp":"2012-04-12 18:18:46"},{"nodeID":"394","text":"Speaker says 'semesterisation is going to involve an enormous amount of work'","type":"L","timestamp":"2012-04-12 18:18:46"},{"nodeID":"2062","text":"YA_5073d3f99c2f1f90acfdda32779c793e","type":"YA","timestamp":"2012-04-12 18:24:26"},{"nodeID":"2063","text":"YA_5073d3f99c2f1f90acfdda32779c793e","type":"YA","timestamp":"2012-04-12 18:24:26"},{"nodeID":"2064","text":"YA_5073d3f99c2f1f90acfdda32779c793e","type":"YA","timestamp":"2012-04-12 18:24:26"},{"nodeID":"2065","text":"YA_5073d3f99c2f1f90acfdda32779c793e","type":"YA","timestamp":"2012-04-12 18:24:27"},{"nodeID":"2066","text":"YA_5073d3f99c2f1f90acfdda32779c793e","type":"YA","timestamp":"2012-04-12 18:24:27"},{"nodeID":"2067","text":"YA_5073d3f99c2f1f90acfdda32779c793e","type":"YA","timestamp":"2012-04-12 18:24:27"},{"nodeID":"2068","text":"CA","type":"CA","timestamp":"2012-04-12 18:24:28"},{"nodeID":"2069","text":"RA","type":"RA","timestamp":"2012-04-12 18:24:28"},{"nodeID":"2070","text":"RA","type":"RA","timestamp":"2012-04-12 18:24:28"},{"nodeID":"2071","text":"RA","type":"RA","timestamp":"2012-04-12 18:24:28"},{"nodeID":"2072","text":"RA","type":"RA","timestamp":"2012-04-12 18:24:29"}],"edges":[{"edgeID":"1960","fromID":"384","toID":"2062","formEdgeID":null},{"edgeID":"1961","fromID":"2062","toID":"378","formEdgeID":null},{"edgeID":"1962","fromID":"386","toID":"2063","formEdgeID":null},{"edgeID":"1963","fromID":"2063","toID":"381","formEdgeID":null},{"edgeID":"1964","fromID":"388","toID":"2064","formEdgeID":null},{"edgeID":"1965","fromID":"2064","toID":"382","formEdgeID":null},{"edgeID":"1966","fromID":"390","toID":"2065","formEdgeID":null},{"edgeID":"1967","fromID":"2065","toID":"383","formEdgeID":null},{"edgeID":"1968","fromID":"392","toID":"2066","formEdgeID":null},{"edgeID":"1969","fromID":"2066","toID":"379","formEdgeID":null},{"edgeID":"1970","fromID":"394","toID":"2067","formEdgeID":null},{"edgeID":"1971","fromID":"2067","toID":"380","formEdgeID":null},{"edgeID":"1972","fromID":"379","toID":"2068","formEdgeID":null},{"edgeID":"1973","fromID":"2068","toID":"378","formEdgeID":null},{"edgeID":"1974","fromID":"380","toID":"2069","formEdgeID":null},{"edgeID":"1975","fromID":"2069","toID":"379","formEdgeID":null},{"edgeID":"1976","fromID":"381","toID":"2070","formEdgeID":null},{"edgeID":"1977","fromID":"2070","toID":"378","formEdgeID":null},{"edgeID":"1978","fromID":"382","toID":"2071","formEdgeID":null},{"edgeID":"1979","fromID":"2071","toID":"378","formEdgeID":null},{"edgeID":"1980","fromID":"383","toID":"2072","formEdgeID":null},{"edgeID":"1981","fromID":"2072","toID":"378","formEdgeID":null}]}