{"nodes":[{"nodeID":"2768","text":"You should vote for me","type":"I","timestamp":"2012-04-12 18:26:59"},{"nodeID":"3055","text":"We have more to do to wage and win the war against terror. America's future depends on our willingness to lead in the world.","type":"I","timestamp":"2012-04-12 18:27:54"},{"nodeID":"3056","text":"I am seriously committed to save America","type":"I","timestamp":"2012-04-12 18:27:54"},{"nodeID":"3057","text":"If America shows uncertainty and weakness in this decade the world will drift toward tragedy.","type":"I","timestamp":"2012-04-12 18:27:54"},{"nodeID":"3058","text":"We cannot accept the tragedy of America","type":"I","timestamp":"2012-04-12 18:27:54"},{"nodeID":"3059","text":"The world -- the world changed on a terrible September morning. And since that day we changed the world.","type":"I","timestamp":"2012-04-12 18:27:55"},{"nodeID":"3060","text":"This will not happen on my watch","type":"I","timestamp":"2012-04-12 18:27:55"},{"nodeID":"3061","text":"If I saved America from tragedy in these years my commitment to save America from tragedy in the following years is reliable","type":"I","timestamp":"2012-04-12 18:27:55"},{"nodeID":"3062","text":"Before September the 11th Afghanistan served as the home base for al Qaeda which trained and deployed thousands of killers and set up terror cells in dozens of countries including our own.","type":"I","timestamp":"2012-04-12 18:27:55"},{"nodeID":"3063","text":"Today Afghanistan is a rising democracy an ally in the war on terror a place where many young girls go to school for the first time. And as a result of our actions America and the world are safer.","type":"I","timestamp":"2012-04-12 18:27:55"},{"nodeID":"3064","text":"We brought about that change","type":"I","timestamp":"2012-04-12 18:27:55"},{"nodeID":"3065","text":"Before September the 11th Pakistan was a safe transit point for terrorists.","type":"I","timestamp":"2012-04-12 18:27:55"},{"nodeID":"3066","text":"Today Pakistani forces are aggressively helping to round up the terrorists and America and the world are safer.","type":"I","timestamp":"2012-04-12 18:27:55"},{"nodeID":"3067","text":"Before September the 11th in Saudi Arabia terrorists were raising money and recruiting and operating with little opposition.","type":"I","timestamp":"2012-04-12 18:27:55"},{"nodeID":"3068","text":"Today the Saudi government has taken the fight to al Qaeda and America and the world are safer.","type":"I","timestamp":"2012-04-12 18:27:55"},{"nodeID":"3069","text":"Before September the 11th Libya was spending millions to acquire weapons of mass destruction.","type":"I","timestamp":"2012-04-12 18:27:55"},{"nodeID":"3070","text":"Today because America and our allies have sent a strong and clear massage the leader of Libya has abandoned his pursuit of weapons of mass destruction and America and the world are safer.","type":"I","timestamp":"2012-04-12 18:27:55"},{"nodeID":"3071","text":"Before September the 11th the ruler of Iraq was a sworn enemy of America. He was defying the world. He was firing weapons at American pilots and forcing the world to sanctions. He has pursued and used weapons of mass destruction against his own people. He had harbored terrorists he invaded his neighbors he subsidized the families of suicide bombers. He had murdered tens of thousands of his own citizens. He was a source of great instability in the world's most vulnerable region.","type":"I","timestamp":"2012-04-12 18:27:55"},{"nodeID":"3072","text":"Now Iraq is not a threat anymore","type":"I","timestamp":"2012-04-12 18:27:55"},{"nodeID":"3073","text":"RA","type":"RA","timestamp":"2012-04-12 18:27:56"},{"nodeID":"3074","text":"RA","type":"RA","timestamp":"2012-04-12 18:27:56"},{"nodeID":"3075","text":"RA","type":"RA","timestamp":"2012-04-12 18:27:56","scheme":"Example"},{"nodeID":"3076","text":"RA","type":"RA","timestamp":"2012-04-12 18:27:56","scheme":"Example"},{"nodeID":"3077","text":"RA","type":"RA","timestamp":"2012-04-12 18:27:57","scheme":"Example"},{"nodeID":"3078","text":"RA","type":"RA","timestamp":"2012-04-12 18:27:57","scheme":"Example"},{"nodeID":"3079","text":"RA","type":"RA","timestamp":"2012-04-12 18:27:58","scheme":"Example"},{"nodeID":"3080","text":"RA","type":"RA","timestamp":"2012-04-12 18:27:58","scheme":"Example"}],"edges":[{"edgeID":"2932","fromID":"3055","toID":"3073","formEdgeID":null},{"edgeID":"2933","fromID":"3056","toID":"3073","formEdgeID":null},{"edgeID":"2934","fromID":"3073","toID":"2768","formEdgeID":null},{"edgeID":"2935","fromID":"3057","toID":"3074","formEdgeID":null},{"edgeID":"2936","fromID":"3058","toID":"3074","formEdgeID":null},{"edgeID":"2937","fromID":"3074","toID":"3055","formEdgeID":null},{"edgeID":"2938","fromID":"3059","toID":"3075","formEdgeID":null},{"edgeID":"2939","fromID":"3060","toID":"3075","formEdgeID":null},{"edgeID":"2940","fromID":"3061","toID":"3075","formEdgeID":null},{"edgeID":"2941","fromID":"3075","toID":"3056","formEdgeID":null},{"edgeID":"2942","fromID":"3062","toID":"3076","formEdgeID":null},{"edgeID":"2943","fromID":"3063","toID":"3076","formEdgeID":null},{"edgeID":"2944","fromID":"3064","toID":"3076","formEdgeID":null},{"edgeID":"2945","fromID":"3076","toID":"3059","formEdgeID":null},{"edgeID":"2946","fromID":"3065","toID":"3077","formEdgeID":null},{"edgeID":"2947","fromID":"3066","toID":"3077","formEdgeID":null},{"edgeID":"2948","fromID":"3064","toID":"3077","formEdgeID":null},{"edgeID":"2949","fromID":"3077","toID":"3059","formEdgeID":null},{"edgeID":"2950","fromID":"3067","toID":"3078","formEdgeID":null},{"edgeID":"2951","fromID":"3068","toID":"3078","formEdgeID":null},{"edgeID":"2952","fromID":"3064","toID":"3078","formEdgeID":null},{"edgeID":"2953","fromID":"3078","toID":"3059","formEdgeID":null},{"edgeID":"2954","fromID":"3069","toID":"3079","formEdgeID":null},{"edgeID":"2955","fromID":"3070","toID":"3079","formEdgeID":null},{"edgeID":"2956","fromID":"3064","toID":"3079","formEdgeID":null},{"edgeID":"2957","fromID":"3079","toID":"3059","formEdgeID":null},{"edgeID":"2958","fromID":"3071","toID":"3080","formEdgeID":null},{"edgeID":"2959","fromID":"3072","toID":"3080","formEdgeID":null},{"edgeID":"2960","fromID":"3064","toID":"3080","formEdgeID":null},{"edgeID":"2961","fromID":"3080","toID":"3059","formEdgeID":null}]}