{"nodes":[{"nodeID":"3110","text":"This vile display shows a contempt for all the rules of warfare and all the bounds of civilized behavior. It reveals a fanaticism that was not caused by any action of ours and would not be appeased by any concession.","type":"I","timestamp":"2012-04-12 18:28:05"},{"nodeID":"3111","text":"We've also seen images of a young American facing decapitation.","type":"I","timestamp":"2012-04-12 18:28:05"},{"nodeID":"3112","text":"RA","type":"RA","timestamp":"2012-04-12 18:28:05","scheme":"Example"}],"edges":[{"edgeID":"2989","fromID":"3111","toID":"3112","formEdgeID":null},{"edgeID":"2990","fromID":"3112","toID":"3110","formEdgeID":null}]}