{"nodes":[{"nodeID":"1019","text":"The evidence  shows there is no reasonable case for  such exemptions.","type":"I","timestamp":"2012-04-12 18:20:45"},{"nodeID":"1020","text":"The environmental  laws already allow the Department of  Defense to apply for exemptions on a  case-by-case basis if they really need  it.","type":"I","timestamp":"2012-04-12 18:20:45"},{"nodeID":"1021","text":"There is no evi-dence  that the military has ever been  refused an exemption from laws that  were necessary and that they sought it.","type":"I","timestamp":"2012-04-12 18:20:46"},{"nodeID":"1022","text":"If the evidence is that environmental laws have not affected military readiness the military can apply for exemptions from such laws where necessary and there is no evidence that the military has ever been refused such an exemption then the evidence shows that there is no reasonable case for the military to be exempted from environmental laws","type":"I","timestamp":"2012-04-12 18:20:46"},{"nodeID":"1023","text":"The evidence is that environmental laws have not affected military readiness","type":"I","timestamp":"2012-04-12 18:20:46"},{"nodeID":"1024","text":"The testimony of the GAO and of the Administrator Whitman is the evidence regarding whether the environmental laws have affected the military","type":"I","timestamp":"2012-04-12 18:20:46"},{"nodeID":"1025","text":"Both the GAO and EPA Adminis-  trator Whitman have testified that en-vironmental  laws have not affected  military readiness.","type":"I","timestamp":"2012-04-12 18:20:46"},{"nodeID":"1026","text":"RA","type":"RA","timestamp":"2012-04-12 18:20:46"},{"nodeID":"1027","text":"RA","type":"RA","timestamp":"2012-04-12 18:20:46"}],"edges":[{"edgeID":"918","fromID":"1020","toID":"1026","formEdgeID":null},{"edgeID":"919","fromID":"1021","toID":"1026","formEdgeID":null},{"edgeID":"920","fromID":"1022","toID":"1026","formEdgeID":null},{"edgeID":"921","fromID":"1023","toID":"1026","formEdgeID":null},{"edgeID":"922","fromID":"1026","toID":"1019","formEdgeID":null},{"edgeID":"923","fromID":"1024","toID":"1027","formEdgeID":null},{"edgeID":"924","fromID":"1025","toID":"1027","formEdgeID":null},{"edgeID":"925","fromID":"1027","toID":"1023","formEdgeID":null}]}