{"nodes":[{"nodeID":"4008","text":"The people of Iraq should be given the jobs as phone repair sewer maintenance road builders etc.","type":"I","timestamp":"2012-04-12 18:31:04"},{"nodeID":"4009","text":"Americans claimed to fight in Iraq in order to help Iraqui","type":"I","timestamp":"2012-04-12 18:31:04"},{"nodeID":"4010","text":"They are unemployed poverty stricken and destitute.","type":"I","timestamp":"2012-04-12 18:31:04"},{"nodeID":"4011","text":"Giving Iraquis jobs would help them","type":"I","timestamp":"2012-04-12 18:31:04"},{"nodeID":"4012","text":"Americans should help these people","type":"I","timestamp":"2012-04-12 18:31:04"},{"nodeID":"4013","text":"Giving Iraqui a job is does not cost too much to Americans","type":"I","timestamp":"2012-04-12 18:31:04"},{"nodeID":"4014","text":"RA","type":"RA","timestamp":"2012-04-12 18:31:04","scheme":"Commitment"},{"nodeID":"4015","text":"RA","type":"RA","timestamp":"2012-04-12 18:31:05"}],"edges":[{"edgeID":"3778","fromID":"4009","toID":"4014","formEdgeID":null},{"edgeID":"3779","fromID":"4014","toID":"4012","formEdgeID":null},{"edgeID":"3780","fromID":"4010","toID":"4015","formEdgeID":null},{"edgeID":"3781","fromID":"4011","toID":"4015","formEdgeID":null},{"edgeID":"3782","fromID":"4012","toID":"4015","formEdgeID":null},{"edgeID":"3783","fromID":"4013","toID":"4015","formEdgeID":null},{"edgeID":"3784","fromID":"4015","toID":"4008","formEdgeID":null}]}