{"nodes":[{"nodeID":"850","text":"it is essential to ensure that the proposed national treatment plan actually takes place and that as far as possible its implementation is removed from the suffocating hand of the denialists.","type":"I","timestamp":"2012-04-12 18:20:14"},{"nodeID":"2168","text":"Denialist are negative under the point of view of campain against HIV","type":"I","timestamp":"2012-04-12 18:24:54"},{"nodeID":"2169","text":"The goal is improve the campaign","type":"I","timestamp":"2012-04-12 18:24:54"},{"nodeID":"2170","text":"Eliminating the problem that hinder the goal is the best means to reach the goal","type":"I","timestamp":"2012-04-12 18:24:55"},{"nodeID":"2171","text":"denialism persists.","type":"I","timestamp":"2012-04-12 18:24:55"},{"nodeID":"2172","text":"Denialists do not recognize the problem and do not improve the campaing of treatments against HIV","type":"I","timestamp":"2012-04-12 18:24:55"},{"nodeID":"2173","text":"RA","type":"RA","timestamp":"2012-04-12 18:24:55"},{"nodeID":"2174","text":"RA","type":"RA","timestamp":"2012-04-12 18:24:55"}],"edges":[{"edgeID":"2098","fromID":"2168","toID":"2173","formEdgeID":null},{"edgeID":"2099","fromID":"2169","toID":"2173","formEdgeID":null},{"edgeID":"2100","fromID":"2170","toID":"2173","formEdgeID":null},{"edgeID":"2101","fromID":"2173","toID":"850","formEdgeID":null},{"edgeID":"2102","fromID":"2171","toID":"2174","formEdgeID":null},{"edgeID":"2103","fromID":"2172","toID":"2174","formEdgeID":null},{"edgeID":"2104","fromID":"2174","toID":"2168","formEdgeID":null}]}