{"nodes":[{"nodeID":"4585","text":"Dobbiamo combattere la guerra","type":"I","timestamp":"2012-04-12 18:32:59"},{"nodeID":"4586","text":"Noi impugniamo le armi per risolvere dopo il problema risolto delle nostre frontiere continentali il problema delle nostre frontiere marittime; noi vogliamo spezzare le catene di ordine territoriale e militare che ci soffocano nel nostro mare","type":"I","timestamp":"2012-04-12 18:32:59"},{"nodeID":"4587","text":"L`unico modo per risolvere il problema delle frontiere e` la guerra","type":"I","timestamp":"2012-04-12 18:32:59"},{"nodeID":"4588","text":"un popolo di quarantacinque milioni di anime non e` veramente libero se non ha libero l'accesso all'Oceano.","type":"I","timestamp":"2012-04-12 18:32:59"},{"nodeID":"4589","text":"Il nostro fine e` la liberta`","type":"I","timestamp":"2012-04-12 18:32:59"},{"nodeID":"4590","text":"Il modo migliore di essere liberi e` avere l`accesso all`Oceano","type":"I","timestamp":"2012-04-12 18:32:59"},{"nodeID":"4591","text":"RA","type":"RA","timestamp":"2012-04-12 18:33:00"},{"nodeID":"4592","text":"RA","type":"RA","timestamp":"2012-04-12 18:33:00"}],"edges":[{"edgeID":"4312","fromID":"4586","toID":"4591","formEdgeID":null},{"edgeID":"4313","fromID":"4587","toID":"4591","formEdgeID":null},{"edgeID":"4314","fromID":"4591","toID":"4585","formEdgeID":null},{"edgeID":"4315","fromID":"4588","toID":"4592","formEdgeID":null},{"edgeID":"4316","fromID":"4589","toID":"4592","formEdgeID":null},{"edgeID":"4317","fromID":"4590","toID":"4592","formEdgeID":null},{"edgeID":"4318","fromID":"4592","toID":"4586","formEdgeID":null}]}