{"nodes":[{"nodeID":"3418","text":"We should keep fighting","type":"I","timestamp":"2012-04-12 18:29:03"},{"nodeID":"3419","text":"That something more of this security exists at the present moment I not only admit but contend that the prospect is improving every day and that this becomes more and more ascertained","type":"I","timestamp":"2012-04-12 18:29:03"},{"nodeID":"3420","text":"RA","type":"RA","timestamp":"2012-04-12 18:29:04"}],"edges":[{"edgeID":"3249","fromID":"3419","toID":"3420","formEdgeID":null},{"edgeID":"3250","fromID":"3420","toID":"3418","formEdgeID":null}]}