{"nodes":[{"nodeID":"479","text":"under the UN Refugee Convention to which it is a party China is obligated not to push back asylum seekers in danger of persecution","type":"I","timestamp":"2012-04-12 18:19:04"},{"nodeID":"481","text":"At any moment North Koreans risk being picked up by Chinese authorities and returned to North Korea under the terms of a secret 1986 agreement between Beijing and Pyongyang","type":"I","timestamp":"2012-04-12 18:19:04"},{"nodeID":"1708","text":"China's behaviour is not respecting the convention","type":"I","timestamp":"2012-04-12 18:23:08"},{"nodeID":"1709","text":"China is obligated not to push back North Koreans","type":"I","timestamp":"2012-04-12 18:23:08"},{"nodeID":"1710","text":"North Koreans refugees are asylum seekers in danger of prosecution","type":"I","timestamp":"2012-04-12 18:23:08"},{"nodeID":"1711","text":"In North Korea anyone leaving the country without authorization is subject to three years in a labor camp or even the death penalty.","type":"I","timestamp":"2012-04-12 18:23:09"},{"nodeID":"1712","text":"If somebody is subject to death or prison he is in danger of prosecution","type":"I","timestamp":"2012-04-12 18:23:09"},{"nodeID":"1713","text":"RA","type":"RA","timestamp":"2012-04-12 18:23:09","scheme":"CauseToEffect"},{"nodeID":"1714","text":"RA","type":"RA","timestamp":"2012-04-12 18:23:09"},{"nodeID":"1715","text":"RA","type":"RA","timestamp":"2012-04-12 18:23:09","scheme":"VerbalClassification"}],"edges":[{"edgeID":"1592","fromID":"1709","toID":"1713","formEdgeID":null},{"edgeID":"1593","fromID":"481","toID":"1713","formEdgeID":null},{"edgeID":"1594","fromID":"1713","toID":"1708","formEdgeID":null},{"edgeID":"1595","fromID":"1710","toID":"1714","formEdgeID":null},{"edgeID":"1596","fromID":"479","toID":"1714","formEdgeID":null},{"edgeID":"1597","fromID":"1714","toID":"1709","formEdgeID":null},{"edgeID":"1598","fromID":"1711","toID":"1715","formEdgeID":null},{"edgeID":"1599","fromID":"1712","toID":"1715","formEdgeID":null},{"edgeID":"1600","fromID":"1715","toID":"1710","formEdgeID":null}]}