{"nodes":[{"nodeID":"561","text":"A breach of privilege can arise only when the Member or the Minister makes a false statement or an incorrect statement wilfully deliberately and knowingly.","type":"I","timestamp":"2012-04-12 18:19:19"},{"nodeID":"563","text":"On a perusal of the comments of the Ministers in the matter I am satisfied that there has been no misleading of the House by them as alleged by the Member.","type":"I","timestamp":"2012-04-12 18:19:19"},{"nodeID":"1822","text":"I have accordingly disallowed the notice of question of privilege","type":"I","timestamp":"2012-04-12 18:23:35"},{"nodeID":"1823","text":"The comments do not represent a breach of privilege","type":"I","timestamp":"2012-04-12 18:23:35"},{"nodeID":"1824","text":"If an accuse is wrong it must be disallowed","type":"I","timestamp":"2012-04-12 18:23:35"},{"nodeID":"1825","text":"It is well established that if any statement is made on the floor of the House by a Member or Minister which another Member believes to be untrue incomplete or incorrect it does not constitute a breach of privilege.","type":"I","timestamp":"2012-04-12 18:23:35"},{"nodeID":"1826","text":"In order to constitute a breach of privilege or contempt of the House it has to be proved that the statement was not only wrong or misleading but it was made deliberately to mislead the House.","type":"I","timestamp":"2012-04-12 18:23:35"},{"nodeID":"1827","text":"RA","type":"RA","timestamp":"2012-04-12 18:23:35","scheme":"EstablishedRule"},{"nodeID":"1828","text":"RA","type":"RA","timestamp":"2012-04-12 18:23:35","scheme":"VerbalClassification"}],"edges":[{"edgeID":"1713","fromID":"1823","toID":"1827","formEdgeID":null},{"edgeID":"1714","fromID":"1824","toID":"1827","formEdgeID":null},{"edgeID":"1715","fromID":"1827","toID":"1822","formEdgeID":null},{"edgeID":"1716","fromID":"1825","toID":"1828","formEdgeID":null},{"edgeID":"1717","fromID":"1826","toID":"1828","formEdgeID":null},{"edgeID":"1718","fromID":"561","toID":"1828","formEdgeID":null},{"edgeID":"1719","fromID":"563","toID":"1828","formEdgeID":null},{"edgeID":"1720","fromID":"1828","toID":"1823","formEdgeID":null}]}