{"nodes":[{"nodeID":"1895","text":"The fear of attacks to transports is impressive","type":"I","timestamp":"2012-04-12 18:23:49"},{"nodeID":"1896","text":"there should be a travel advisory out warning tourists against travel to any city on this planet","type":"I","timestamp":"2012-04-12 18:23:49"},{"nodeID":"1897","text":"The fear is proportional to the measures taken to prevent the threat","type":"I","timestamp":"2012-04-12 18:23:50"},{"nodeID":"1898","text":"All US Embassies should retreat to safer cover - probably on another planet for it is hard to see where on earth in the US and out of it they would be immune to attack.","type":"I","timestamp":"2012-04-12 18:23:50"},{"nodeID":"1899","text":"All Americans in and out of the US should probably wear protective armor include bioterror suits from an early age.","type":"I","timestamp":"2012-04-12 18:23:50"},{"nodeID":"1900","text":"RA","type":"RA","timestamp":"2012-04-12 18:23:50","scheme":"Analogy"},{"nodeID":"1901","text":"RA","type":"RA","timestamp":"2012-04-12 18:23:50","scheme":"Analogy"},{"nodeID":"1902","text":"RA","type":"RA","timestamp":"2012-04-12 18:23:50","scheme":"Analogy"}],"edges":[{"edgeID":"1786","fromID":"1896","toID":"1900","formEdgeID":null},{"edgeID":"1787","fromID":"1897","toID":"1900","formEdgeID":null},{"edgeID":"1788","fromID":"1900","toID":"1895","formEdgeID":null},{"edgeID":"1789","fromID":"1897","toID":"1901","formEdgeID":null},{"edgeID":"1790","fromID":"1898","toID":"1901","formEdgeID":null},{"edgeID":"1791","fromID":"1901","toID":"1895","formEdgeID":null},{"edgeID":"1792","fromID":"1899","toID":"1902","formEdgeID":null},{"edgeID":"1793","fromID":"1897","toID":"1902","formEdgeID":null},{"edgeID":"1794","fromID":"1902","toID":"1895","formEdgeID":null}]}