{"nodes":[{"nodeID":"2161","text":"Therefore some other organization exploded the building.","type":"I","timestamp":"2012-04-12 18:24:53"},{"nodeID":"2162","text":"Therefore Al Qaeda di not organize the attack","type":"I","timestamp":"2012-04-12 18:24:53"},{"nodeID":"2163","text":"The best explanation is that some organization other than Al Qaeda organized the attack","type":"I","timestamp":"2012-04-12 18:24:53"},{"nodeID":"2164","text":"But they didn t claim.","type":"I","timestamp":"2012-04-12 18:24:53"},{"nodeID":"2165","text":"If the terrorist organization Al Qaeda claims responsibility for the attack to the Government building it means that they have organized it.","type":"I","timestamp":"2012-04-12 18:24:53"},{"nodeID":"2166","text":"RA","type":"RA","timestamp":"2012-04-12 18:24:53"},{"nodeID":"2167","text":"RA","type":"RA","timestamp":"2012-04-12 18:24:54","scheme":"Sign"}],"edges":[{"edgeID":"2092","fromID":"2162","toID":"2166","formEdgeID":null},{"edgeID":"2093","fromID":"2163","toID":"2166","formEdgeID":null},{"edgeID":"2094","fromID":"2166","toID":"2161","formEdgeID":null},{"edgeID":"2095","fromID":"2164","toID":"2167","formEdgeID":null},{"edgeID":"2096","fromID":"2165","toID":"2167","formEdgeID":null},{"edgeID":"2097","fromID":"2167","toID":"2162","formEdgeID":null}]}