{"nodes":[{"nodeID":"4093","text":"such dogmatism is ridiculous","type":"I","timestamp":"2012-04-12 18:31:22"},{"nodeID":"4094","text":"The goal is to spread the knowledge","type":"I","timestamp":"2012-04-12 18:31:22"},{"nodeID":"4095","text":"The best means to spread the knowledge is to make the theory known to be certain a dogma","type":"I","timestamp":"2012-04-12 18:31:22"},{"nodeID":"4096","text":"there are reasonable grounds to doubt the theory","type":"I","timestamp":"2012-04-12 18:31:22"},{"nodeID":"4097","text":"RA","type":"RA","timestamp":"2012-04-12 18:31:23","scheme":"PracticalReasoning"}],"edges":[{"edgeID":"3858","fromID":"4094","toID":"4097","formEdgeID":null},{"edgeID":"3859","fromID":"4095","toID":"4097","formEdgeID":null},{"edgeID":"3860","fromID":"4096","toID":"4097","formEdgeID":null},{"edgeID":"3861","fromID":"4097","toID":"4093","formEdgeID":null}]}