{"nodes":[{"nodeID":"783","text":"President Bush attacked the Senate this week for having a  lousy record  of confirming his judicial nominees","type":"I","timestamp":"2012-04-12 18:20:01"},{"nodeID":"785","text":"The Democratic-controlled Senate confirmed 80 judges in its first 15 months in power - more than the Republican-led Senate confirmed in its final 30 months in control from 1999 through the summer of 2001","type":"I","timestamp":"2012-04-12 18:20:01"},{"nodeID":"2105","text":"Bush' argument should be rejected","type":"I","timestamp":"2012-04-12 18:24:41"},{"nodeID":"2106","text":"Bush is committed to the fact that in the past there has never been such a low number of judicial nominees","type":"I","timestamp":"2012-04-12 18:24:41"},{"nodeID":"2107","text":"Bush was committed to the fact that the Republicans confirmed a lower number of judicial nominees than the Democrats did","type":"I","timestamp":"2012-04-12 18:24:41"},{"nodeID":"2108","text":"It seems that Bush is manipulating the facts","type":"I","timestamp":"2012-04-12 18:24:41"},{"nodeID":"2109","text":"Bush is the president and he must know the confirmations of judicial nominees","type":"I","timestamp":"2012-04-12 18:24:41"},{"nodeID":"2110","text":"RA","type":"RA","timestamp":"2012-04-12 18:24:42","scheme":"CauseToEffect"},{"nodeID":"2111","text":"RA","type":"RA","timestamp":"2012-04-12 18:24:42"},{"nodeID":"2112","text":"RA","type":"RA","timestamp":"2012-04-12 18:24:42","scheme":"Commitment"}],"edges":[{"edgeID":"2035","fromID":"783","toID":"2110","formEdgeID":null},{"edgeID":"2036","fromID":"2110","toID":"2106","formEdgeID":null},{"edgeID":"2037","fromID":"2106","toID":"2111","formEdgeID":null},{"edgeID":"2038","fromID":"2107","toID":"2111","formEdgeID":null},{"edgeID":"2039","fromID":"2108","toID":"2111","formEdgeID":null},{"edgeID":"2040","fromID":"2111","toID":"2105","formEdgeID":null},{"edgeID":"2041","fromID":"785","toID":"2112","formEdgeID":null},{"edgeID":"2042","fromID":"2109","toID":"2112","formEdgeID":null},{"edgeID":"2043","fromID":"2112","toID":"2107","formEdgeID":null}]}