{"nodes":[{"nodeID":"3596","text":"Does the Minister believe that the Government should keep well under review on a regular basis their attitude towards nuclear power?","type":"I","timestamp":"2012-04-12 18:29:40"},{"nodeID":"3597","text":"Our goal is to reduce the phenomena causing global warming","type":"I","timestamp":"2012-04-12 18:29:40"},{"nodeID":"3598","text":"we know that a major accelerator is the emission of carbon dioxide and other carbon gases","type":"I","timestamp":"2012-04-12 18:29:40"},{"nodeID":"3599","text":"British Energy has pointed out that the generation of about 64 TWh or 64000 GWh by its nuclear power stations avoids the production and generation of about 40 million tonnes of carbon dioxide.","type":"I","timestamp":"2012-04-12 18:29:40"},{"nodeID":"3600","text":"The Prime Minister has described global warming as the most serious environmental threat to the planet","type":"I","timestamp":"2012-04-12 18:29:40"},{"nodeID":"3601","text":"We do not want the disaster to happen","type":"I","timestamp":"2012-04-12 18:29:40"},{"nodeID":"3602","text":"The best way to avoid the disaster is to try to restrict its causes","type":"I","timestamp":"2012-04-12 18:29:40"},{"nodeID":"3603","text":"RA","type":"RA","timestamp":"2012-04-12 18:29:41","scheme":"PracticalReasoning"},{"nodeID":"3604","text":"RA","type":"RA","timestamp":"2012-04-12 18:29:41","scheme":"PracticalReasoning"}],"edges":[{"edgeID":"3410","fromID":"3597","toID":"3603","formEdgeID":null},{"edgeID":"3411","fromID":"3598","toID":"3603","formEdgeID":null},{"edgeID":"3412","fromID":"3599","toID":"3603","formEdgeID":null},{"edgeID":"3413","fromID":"3603","toID":"3596","formEdgeID":null},{"edgeID":"3414","fromID":"3600","toID":"3604","formEdgeID":null},{"edgeID":"3415","fromID":"3601","toID":"3604","formEdgeID":null},{"edgeID":"3416","fromID":"3602","toID":"3604","formEdgeID":null},{"edgeID":"3417","fromID":"3604","toID":"3597","formEdgeID":null}]}