{"nodes":[{"nodeID":"334","text":">If natural selection states that nature will (in a way)   > select  what is strong while the weak dies; why would   >somebody who believes such want to take away money from the   >rich and give to the poor?","type":"I","timestamp":"2012-04-12 18:18:36"},{"nodeID":"335","text":"Evolution does not imply that one shouldn't take from the rich and give to the poor.","type":"I","timestamp":"2012-04-12 18:18:36"},{"nodeID":"336","text":"The statement 'One ought not take from the rich and give to the poor' is about what one should or should not do.","type":"I","timestamp":"2012-04-12 18:18:36"},{"nodeID":"337","text":"it tells you nothing about what you ought to do.","type":"I","timestamp":"2012-04-12 18:18:36"},{"nodeID":"338","text":"Evolution merely tells you what is","type":"I","timestamp":"2012-04-12 18:18:37"},{"nodeID":"339","text":"you can't derive an 'ought' from an 'is'","type":"I","timestamp":"2012-04-12 18:18:37"},{"nodeID":"340","text":"CA","type":"CA","timestamp":"2012-04-12 18:18:37"},{"nodeID":"341","text":"RA","type":"RA","timestamp":"2012-04-12 18:18:37"},{"nodeID":"342","text":"RA","type":"RA","timestamp":"2012-04-12 18:18:37"}],"edges":[{"edgeID":"316","fromID":"335","toID":"340","formEdgeID":null},{"edgeID":"317","fromID":"340","toID":"334","formEdgeID":null},{"edgeID":"318","fromID":"336","toID":"341","formEdgeID":null},{"edgeID":"319","fromID":"337","toID":"341","formEdgeID":null},{"edgeID":"320","fromID":"341","toID":"335","formEdgeID":null},{"edgeID":"321","fromID":"338","toID":"342","formEdgeID":null},{"edgeID":"322","fromID":"339","toID":"342","formEdgeID":null},{"edgeID":"323","fromID":"342","toID":"337","formEdgeID":null}]}