{"nodes":[{"nodeID":"3725","text":"British are using a double standard","type":"I","timestamp":"2012-04-12 18:30:07"},{"nodeID":"3726","text":"Why are the British worried about this one man","type":"I","timestamp":"2012-04-12 18:30:07"},{"nodeID":"3727","text":"not about the thousands of Iraqis who have been killed or injured","type":"I","timestamp":"2012-04-12 18:30:07"},{"nodeID":"3728","text":"RA","type":"RA","timestamp":"2012-04-12 18:30:07"}],"edges":[{"edgeID":"3525","fromID":"3726","toID":"3728","formEdgeID":null},{"edgeID":"3526","fromID":"3727","toID":"3728","formEdgeID":null},{"edgeID":"3527","fromID":"3728","toID":"3725","formEdgeID":null}]}