{"nodes":[{"nodeID":"4294","text":"God is created the universe","type":"I","timestamp":"2012-04-12 18:32:02"},{"nodeID":"4295","text":"mathematicians recognize that the idea of an actually infinite number of things leads to self-contradictions","type":"I","timestamp":"2012-04-12 18:32:02"},{"nodeID":"4296","text":"For example what is infinity minus infinity?","type":"I","timestamp":"2012-04-12 18:32:02"},{"nodeID":"4297","text":"David Hilbert perhaps the greatest mathematician of this century states  The infinite is nowhere to be found in reality. It neither exists in nature nor provides a legitimate basis for rational thought.... The role that remains for the infinite to play is solely that of an idea....","type":"I","timestamp":"2012-04-12 18:32:02"},{"nodeID":"4298","text":"God provides the best explanation for why the universe exists instead of nothing","type":"I","timestamp":"2012-04-12 18:32:02"},{"nodeID":"4299","text":"There is not an explanation alternative to God","type":"I","timestamp":"2012-04-12 18:32:02"},{"nodeID":"4300","text":"typically atheists have said that the universe is eternal and that's all. But surely this is unreasonable","type":"I","timestamp":"2012-04-12 18:32:02"},{"nodeID":"4301","text":"The universe has begun to exist","type":"I","timestamp":"2012-04-12 18:32:02"},{"nodeID":"4302","text":"An alternative explanation of the existence of the universe is not known","type":"I","timestamp":"2012-04-12 18:32:02"},{"nodeID":"4303","text":"If the universe never had a beginning then that means that the number of past events is infinite.","type":"I","timestamp":"2012-04-12 18:32:02"},{"nodeID":"4304","text":"This shows that infinity is just an idea in your mind not something that actually exists in reality.","type":"I","timestamp":"2012-04-12 18:32:02"},{"nodeID":"4305","text":"But that entails that since past events are not just ideas in your mind but are real the number of past events must be finite.","type":"I","timestamp":"2012-04-12 18:32:02"},{"nodeID":"4306","text":"Therefore the series of past events can't go back forever; rather the universe must have begun to exist.","type":"I","timestamp":"2012-04-12 18:32:02"},{"nodeID":"4307","text":"RA","type":"RA","timestamp":"2012-04-12 18:32:02"},{"nodeID":"4308","text":"RA","type":"RA","timestamp":"2012-04-12 18:32:03","scheme":"Example"},{"nodeID":"4309","text":"RA","type":"RA","timestamp":"2012-04-12 18:32:03","scheme":"ExpertOpinion"},{"nodeID":"4310","text":"RA","type":"RA","timestamp":"2012-04-12 18:32:03"},{"nodeID":"4311","text":"RA","type":"RA","timestamp":"2012-04-12 18:32:04","scheme":"Ignorance"},{"nodeID":"4312","text":"RA","type":"RA","timestamp":"2012-04-12 18:32:04","scheme":"CauseToEffect"}],"edges":[{"edgeID":"4040","fromID":"4295","toID":"4307","formEdgeID":null},{"edgeID":"4041","fromID":"4307","toID":"4304","formEdgeID":null},{"edgeID":"4042","fromID":"4296","toID":"4308","formEdgeID":null},{"edgeID":"4043","fromID":"4308","toID":"4295","formEdgeID":null},{"edgeID":"4044","fromID":"4297","toID":"4309","formEdgeID":null},{"edgeID":"4045","fromID":"4309","toID":"4304","formEdgeID":null},{"edgeID":"4046","fromID":"4298","toID":"4310","formEdgeID":null},{"edgeID":"4047","fromID":"4299","toID":"4310","formEdgeID":null},{"edgeID":"4048","fromID":"4310","toID":"4294","formEdgeID":null},{"edgeID":"4049","fromID":"4300","toID":"4311","formEdgeID":null},{"edgeID":"4050","fromID":"4301","toID":"4311","formEdgeID":null},{"edgeID":"4051","fromID":"4302","toID":"4311","formEdgeID":null},{"edgeID":"4052","fromID":"4311","toID":"4299","formEdgeID":null},{"edgeID":"4053","fromID":"4303","toID":"4312","formEdgeID":null},{"edgeID":"4054","fromID":"4304","toID":"4312","formEdgeID":null},{"edgeID":"4055","fromID":"4305","toID":"4312","formEdgeID":null},{"edgeID":"4056","fromID":"4306","toID":"4312","formEdgeID":null},{"edgeID":"4057","fromID":"4312","toID":"4301","formEdgeID":null}]}