{"nodes":[{"nodeID":"1495","text":"The president`s arguments should not believed","type":"I","timestamp":"2012-04-12 18:22:25"},{"nodeID":"1496","text":"The president just said the FBI had changed its culture.","type":"I","timestamp":"2012-04-12 18:22:25"},{"nodeID":"1497","text":"We just read on the front pages of America's papers that there are over 100000 hours of tapes unlistened to.","type":"I","timestamp":"2012-04-12 18:22:25"},{"nodeID":"1498","text":"The president is inconsistent","type":"I","timestamp":"2012-04-12 18:22:25"},{"nodeID":"1499","text":"RA","type":"RA","timestamp":"2012-04-12 18:22:25"}],"edges":[{"edgeID":"1386","fromID":"1496","toID":"1499","formEdgeID":null},{"edgeID":"1387","fromID":"1497","toID":"1499","formEdgeID":null},{"edgeID":"1388","fromID":"1498","toID":"1499","formEdgeID":null},{"edgeID":"1389","fromID":"1499","toID":"1495","formEdgeID":null}]}