{"nodes":[{"nodeID":"296","text":"As much as I am saddened by the death of many of the hostages the use of the gas was clearly the right decision.","type":"I","timestamp":"2012-04-12 18:18:29"},{"nodeID":"297","text":"If it were not for the timely intervention and the numbing of the terrorists by the gas all 800+ hostages would be dead.","type":"I","timestamp":"2012-04-12 18:18:29"},{"nodeID":"298","text":"The use of gas and the resulting deaths is justified if only thus can some hostages be saved from death.","type":"I","timestamp":"2012-04-12 18:18:29"},{"nodeID":"299","text":"RA","type":"RA","timestamp":"2012-04-12 18:18:29"}],"edges":[{"edgeID":"285","fromID":"297","toID":"299","formEdgeID":null},{"edgeID":"286","fromID":"298","toID":"299","formEdgeID":null},{"edgeID":"287","fromID":"299","toID":"296","formEdgeID":null}]}