{"nodes":[{"nodeID":"2595","text":"We should intervene","type":"I","timestamp":"2012-04-12 18:26:24"},{"nodeID":"3769","text":"Last week I was in Nigeria which is home to one in 10 of the world's HIV positive population","type":"I","timestamp":"2012-04-12 18:30:16"},{"nodeID":"3770","text":"there is a real danger of a generalised epidemic unless we take action now.","type":"I","timestamp":"2012-04-12 18:30:16"},{"nodeID":"3771","text":"Asia and eastern Europe also face rapid increases","type":"I","timestamp":"2012-04-12 18:30:16"},{"nodeID":"3772","text":"The number of infected people in that country is estimated to reach 15 million by 2010. Those figures will outstrip the current number of people who are HIV-positive in southern Africa where many people would agree that crisis point has already been reached.","type":"I","timestamp":"2012-04-12 18:30:16"},{"nodeID":"3773","text":"We do not want the catastrophically levels to be reached","type":"I","timestamp":"2012-04-12 18:30:16"},{"nodeID":"3774","text":"Yet it is still possible that if we collectively do the right things now we could avert the catastrophically high levels of infection that have been predicted thereby reducing the subsequent death rates","type":"I","timestamp":"2012-04-12 18:30:16"},{"nodeID":"3775","text":"RA","type":"RA","timestamp":"2012-04-12 18:30:16","scheme":"PositionToKnow"},{"nodeID":"3776","text":"RA","type":"RA","timestamp":"2012-04-12 18:30:17","scheme":"FearAppeal"},{"nodeID":"3777","text":"RA","type":"RA","timestamp":"2012-04-12 18:30:17","scheme":"Example"},{"nodeID":"3778","text":"RA","type":"RA","timestamp":"2012-04-12 18:30:17"}],"edges":[{"edgeID":"3563","fromID":"3769","toID":"3775","formEdgeID":null},{"edgeID":"3564","fromID":"3775","toID":"3772","formEdgeID":null},{"edgeID":"3565","fromID":"3770","toID":"3776","formEdgeID":null},{"edgeID":"3566","fromID":"3776","toID":"2595","formEdgeID":null},{"edgeID":"3567","fromID":"3771","toID":"3777","formEdgeID":null},{"edgeID":"3568","fromID":"3777","toID":"3770","formEdgeID":null},{"edgeID":"3569","fromID":"3772","toID":"3778","formEdgeID":null},{"edgeID":"3570","fromID":"3773","toID":"3778","formEdgeID":null},{"edgeID":"3571","fromID":"3774","toID":"3778","formEdgeID":null},{"edgeID":"3572","fromID":"3778","toID":"2595","formEdgeID":null}]}