{"nodes":[{"nodeID":"2931","text":"You should vote for Bush","type":"I","timestamp":"2012-04-12 18:27:30"},{"nodeID":"2932","text":"Because we acted our economy since last summer has grown at a rate as fast as any in nearly 20 years.","type":"I","timestamp":"2012-04-12 18:27:30"},{"nodeID":"2933","text":"Because we acted America has added more than 1.5 million new jobs since last August.","type":"I","timestamp":"2012-04-12 18:27:30"},{"nodeID":"2934","text":"Because we acted Missouri has added more than 82000 jobs over the past 11 months; your unemployment rate is now 5.2 percent.","type":"I","timestamp":"2012-04-12 18:27:30"},{"nodeID":"2935","text":"We keep our promises of improving the economy","type":"I","timestamp":"2012-04-12 18:27:31"},{"nodeID":"2936","text":"You want to improve your economy","type":"I","timestamp":"2012-04-12 18:27:31"},{"nodeID":"2937","text":"Bush's administration has created new jobs and improved economy","type":"I","timestamp":"2012-04-12 18:27:31"},{"nodeID":"2938","text":"When it comes to creating jobs for America's workers we are turning the corner and we are not turning back.","type":"I","timestamp":"2012-04-12 18:27:31"},{"nodeID":"2939","text":"You should support the tax relief plan","type":"I","timestamp":"2012-04-12 18:27:31"},{"nodeID":"2940","text":"Bush proposed the plan","type":"I","timestamp":"2012-04-12 18:27:31"},{"nodeID":"2941","text":"Tax relief will improve the economy","type":"I","timestamp":"2012-04-12 18:27:31"},{"nodeID":"2942","text":"The best means to improve the economy is to support the tax relief plan","type":"I","timestamp":"2012-04-12 18:27:31"},{"nodeID":"2943","text":"You want to improve the economy","type":"I","timestamp":"2012-04-12 18:27:31"},{"nodeID":"2944","text":"The tax relief is working well","type":"I","timestamp":"2012-04-12 18:27:31"},{"nodeID":"2945","text":"The most new jobs in America are created by small business owners","type":"I","timestamp":"2012-04-12 18:27:31"},{"nodeID":"2946","text":"That's why the cornerstone of our tax relief plan says we're going to help the small business owners","type":"I","timestamp":"2012-04-12 18:27:31"},{"nodeID":"2947","text":"This is a fellow who's hiring people right here in this area; this is a fellow who's making investments","type":"I","timestamp":"2012-04-12 18:27:31"},{"nodeID":"2948","text":"He said the effect is already -- is showing already. It's going to get better. I'm an optimistic guy he says; I think we might see a boom bigger than the 90's. The tax relief we passed is working.","type":"I","timestamp":"2012-04-12 18:27:31"},{"nodeID":"2949","text":"RA","type":"RA","timestamp":"2012-04-12 18:27:31","scheme":"Example"},{"nodeID":"2950","text":"RA","type":"RA","timestamp":"2012-04-12 18:27:32","scheme":"Example"},{"nodeID":"2951","text":"RA","type":"RA","timestamp":"2012-04-12 18:27:32","scheme":"Example"},{"nodeID":"2952","text":"RA","type":"RA","timestamp":"2012-04-12 18:27:32"},{"nodeID":"2953","text":"RA","type":"RA","timestamp":"2012-04-12 18:27:32","scheme":"Example"},{"nodeID":"2954","text":"RA","type":"RA","timestamp":"2012-04-12 18:27:33"},{"nodeID":"2955","text":"RA","type":"RA","timestamp":"2012-04-12 18:27:33","scheme":"PracticalReasoning"},{"nodeID":"2956","text":"RA","type":"RA","timestamp":"2012-04-12 18:27:33","scheme":"CauseToEffect"},{"nodeID":"2957","text":"RA","type":"RA","timestamp":"2012-04-12 18:27:34","scheme":"PositionToKnow"}],"edges":[{"edgeID":"2815","fromID":"2932","toID":"2949","formEdgeID":null},{"edgeID":"2816","fromID":"2949","toID":"2937","formEdgeID":null},{"edgeID":"2817","fromID":"2933","toID":"2950","formEdgeID":null},{"edgeID":"2818","fromID":"2950","toID":"2937","formEdgeID":null},{"edgeID":"2819","fromID":"2934","toID":"2951","formEdgeID":null},{"edgeID":"2820","fromID":"2951","toID":"2937","formEdgeID":null},{"edgeID":"2821","fromID":"2935","toID":"2952","formEdgeID":null},{"edgeID":"2822","fromID":"2936","toID":"2952","formEdgeID":null},{"edgeID":"2823","fromID":"2952","toID":"2931","formEdgeID":null},{"edgeID":"2824","fromID":"2937","toID":"2953","formEdgeID":null},{"edgeID":"2825","fromID":"2938","toID":"2953","formEdgeID":null},{"edgeID":"2826","fromID":"2953","toID":"2935","formEdgeID":null},{"edgeID":"2827","fromID":"2939","toID":"2954","formEdgeID":null},{"edgeID":"2828","fromID":"2940","toID":"2954","formEdgeID":null},{"edgeID":"2829","fromID":"2954","toID":"2931","formEdgeID":null},{"edgeID":"2830","fromID":"2941","toID":"2955","formEdgeID":null},{"edgeID":"2831","fromID":"2942","toID":"2955","formEdgeID":null},{"edgeID":"2832","fromID":"2943","toID":"2955","formEdgeID":null},{"edgeID":"2833","fromID":"2955","toID":"2939","formEdgeID":null},{"edgeID":"2834","fromID":"2944","toID":"2956","formEdgeID":null},{"edgeID":"2835","fromID":"2945","toID":"2956","formEdgeID":null},{"edgeID":"2836","fromID":"2946","toID":"2956","formEdgeID":null},{"edgeID":"2837","fromID":"2956","toID":"2941","formEdgeID":null},{"edgeID":"2838","fromID":"2947","toID":"2957","formEdgeID":null},{"edgeID":"2839","fromID":"2948","toID":"2957","formEdgeID":null},{"edgeID":"2840","fromID":"2957","toID":"2944","formEdgeID":null}]}