{"nodes":[{"nodeID":"2980","text":"The people we have freed won't forget either.","type":"I","timestamp":"2012-04-12 18:27:40"},{"nodeID":"2981","text":"Not long ago seven Iraqi men came to see me in the Oval Office. They had  X s branded into their foreheads and their right hands had been cut off by Saddam Hussein's secret police the sadistic punishment for imaginary crimes.","type":"I","timestamp":"2012-04-12 18:27:40"},{"nodeID":"2982","text":"During our emotional visit one of the Iraqi men used his new prosthetic hand to slowly write out in Arabic a prayer for God to bless America. I am proud that our country remains the hope of the oppressed and the greatest force for good on this earth.","type":"I","timestamp":"2012-04-12 18:27:40"},{"nodeID":"2983","text":"RA","type":"RA","timestamp":"2012-04-12 18:27:40","scheme":"Example"},{"nodeID":"2984","text":"RA","type":"RA","timestamp":"2012-04-12 18:27:40","scheme":"Example"}],"edges":[{"edgeID":"2862","fromID":"2981","toID":"2983","formEdgeID":null},{"edgeID":"2863","fromID":"2983","toID":"2980","formEdgeID":null},{"edgeID":"2864","fromID":"2982","toID":"2984","formEdgeID":null},{"edgeID":"2865","fromID":"2984","toID":"2980","formEdgeID":null}]}