{"nodes":[{"nodeID":"3364","text":"This man cannot concern himself to save his brother from the flames of hell","type":"I","timestamp":"2012-04-12 18:28:53"},{"nodeID":"3365","text":"For it will be very difficult to persuade men of sense that he who with dry eyes and satisfaction of mind can deliver his brother to the executioners to be burnt alive does sincerely and heartily concern himself to save that brother from the flames of hell in the world to come","type":"I","timestamp":"2012-04-12 18:28:53"},{"nodeID":"3366","text":"A man with dry eyes delivers his brother to the executioners","type":"I","timestamp":"2012-04-12 18:28:54"},{"nodeID":"3367","text":"RA","type":"RA","timestamp":"2012-04-12 18:28:54"}],"edges":[{"edgeID":"3207","fromID":"3365","toID":"3367","formEdgeID":null},{"edgeID":"3208","fromID":"3366","toID":"3367","formEdgeID":null},{"edgeID":"3209","fromID":"3367","toID":"3364","formEdgeID":null}]}