{"nodes":[{"nodeID":"911","text":"Watching him once on a mobile phone to Mr Blair striding up and down and wagging his finger I felt I was hallucinating: surely here was the Prime Minister issuing orders to an official rather than the other way round?","type":"I","timestamp":"2012-04-12 18:20:25"},{"nodeID":"1355","text":"Mr Campbell exercises an extraordinary psychological dominance over the Prime Minister. It seems he can get away with anything","type":"I","timestamp":"2012-04-12 18:21:56"},{"nodeID":"1356","text":"He has called him  a prat  in front of one witness has told him to  get a f------ move on  when he believes a meeting has gone on too long and instructed him to drop what he is doing and concentrate on something else  because it can't f------ wait","type":"I","timestamp":"2012-04-12 18:21:56"},{"nodeID":"1357","text":"If somebody can insult his superior he has an high level of influence over his superior","type":"I","timestamp":"2012-04-12 18:21:56"},{"nodeID":"1358","text":"If a subordinate can behave as giving orders to his superior he has an high level of influence over his superior","type":"I","timestamp":"2012-04-12 18:21:56"},{"nodeID":"1359","text":"He has allowed television cameras into his office to record a plainly startled Mr Blair stammering out his praises.","type":"I","timestamp":"2012-04-12 18:21:56"},{"nodeID":"1360","text":"If a subordinate can control and give dispositions about his superior's office he has an high level of influence over his superior","type":"I","timestamp":"2012-04-12 18:21:57"},{"nodeID":"1361","text":"He has even - at the time of the  Cheriegate  affair before Christmas - briefed against the Prime Minister's own wife.","type":"I","timestamp":"2012-04-12 18:21:57"},{"nodeID":"1362","text":"If somebody can insult his superior's familiars he has an high level of influence over his superior","type":"I","timestamp":"2012-04-12 18:21:57"},{"nodeID":"1363","text":"RA","type":"RA","timestamp":"2012-04-12 18:21:57","scheme":"Example"},{"nodeID":"1364","text":"RA","type":"RA","timestamp":"2012-04-12 18:21:57","scheme":"Example"},{"nodeID":"1365","text":"RA","type":"RA","timestamp":"2012-04-12 18:21:57","scheme":"Example"},{"nodeID":"1366","text":"RA","type":"RA","timestamp":"2012-04-12 18:21:58","scheme":"Example"}],"edges":[{"edgeID":"1253","fromID":"1356","toID":"1363","formEdgeID":null},{"edgeID":"1254","fromID":"1357","toID":"1363","formEdgeID":null},{"edgeID":"1255","fromID":"1363","toID":"1355","formEdgeID":null},{"edgeID":"1256","fromID":"911","toID":"1364","formEdgeID":null},{"edgeID":"1257","fromID":"1358","toID":"1364","formEdgeID":null},{"edgeID":"1258","fromID":"1364","toID":"1355","formEdgeID":null},{"edgeID":"1259","fromID":"1359","toID":"1365","formEdgeID":null},{"edgeID":"1260","fromID":"1360","toID":"1365","formEdgeID":null},{"edgeID":"1261","fromID":"1365","toID":"1355","formEdgeID":null},{"edgeID":"1262","fromID":"1361","toID":"1366","formEdgeID":null},{"edgeID":"1263","fromID":"1362","toID":"1366","formEdgeID":null},{"edgeID":"1264","fromID":"1366","toID":"1355","formEdgeID":null}]}