{"nodes":[{"nodeID":"3816","text":"Double standards me thinks","type":"I","timestamp":"2012-04-12 18:30:25"},{"nodeID":"3817","text":"Blair condemns the treatment of Ken Bigley but never speaks out about the treatment of the men locked up illegally by his buddy Bush","type":"I","timestamp":"2012-04-12 18:30:25"},{"nodeID":"3818","text":"Ken Bigley is illegally locked like the men condemned in Guantanamo","type":"I","timestamp":"2012-04-12 18:30:25"},{"nodeID":"3819","text":"RA","type":"RA","timestamp":"2012-04-12 18:30:26"}],"edges":[{"edgeID":"3607","fromID":"3817","toID":"3819","formEdgeID":null},{"edgeID":"3608","fromID":"3818","toID":"3819","formEdgeID":null},{"edgeID":"3609","fromID":"3819","toID":"3816","formEdgeID":null}]}