{"nodes":[{"nodeID":"3475","text":"the many and shifting stated justifications for the invasion fall apart under scrutiny","type":"I","timestamp":"2012-04-12 18:29:14"},{"nodeID":"3476","text":"Iraq was not the biggest threat","type":"I","timestamp":"2012-04-12 18:29:14"},{"nodeID":"3477","text":"Saddam never had a collaborative relationship with al Qaeda.","type":"I","timestamp":"2012-04-12 18:29:14"},{"nodeID":"3478","text":"Even if Saddam s nuclear weapons program had made more progress than his crude attempt at a restart-the worst case-it was known to be less advanced than those of North Korea and Iran.","type":"I","timestamp":"2012-04-12 18:29:14"},{"nodeID":"3479","text":"Iraq was less of a state-sponsor of terrorism than Iran or Syria","type":"I","timestamp":"2012-04-12 18:29:14"},{"nodeID":"3480","text":"didn t sponsor groups that focused their attacks on the United States","type":"I","timestamp":"2012-04-12 18:29:14"},{"nodeID":"3481","text":"Their commitment is not credible","type":"I","timestamp":"2012-04-12 18:29:14"},{"nodeID":"3482","text":"After no  weapons of mass destruction  or Iraqi links with al Qaeda were found the Bush administration s fallback rationale for war was liberating oppressed peoples and creating democracy that would spread throughout the Middle East.","type":"I","timestamp":"2012-04-12 18:29:15"},{"nodeID":"3483","text":"Of course this social engineering project also could have been attempted in Syria Iran or with U.S. Gulf allies such as Saudi Arabia albeit probably no more successfully than in Iraq","type":"I","timestamp":"2012-04-12 18:29:15"},{"nodeID":"3484","text":"If the U.S. are committed to liberating oppressed people they should have liberated other countries first.","type":"I","timestamp":"2012-04-12 18:29:15"},{"nodeID":"3485","text":"RA","type":"RA","timestamp":"2012-04-12 18:29:15"},{"nodeID":"3486","text":"RA","type":"RA","timestamp":"2012-04-12 18:29:15","scheme":"Example"},{"nodeID":"3487","text":"RA","type":"RA","timestamp":"2012-04-12 18:29:15","scheme":"Example"},{"nodeID":"3488","text":"RA","type":"RA","timestamp":"2012-04-12 18:29:16","scheme":"Example"},{"nodeID":"3489","text":"RA","type":"RA","timestamp":"2012-04-12 18:29:16","scheme":"Example"},{"nodeID":"3490","text":"RA","type":"RA","timestamp":"2012-04-12 18:29:16"},{"nodeID":"3491","text":"RA","type":"RA","timestamp":"2012-04-12 18:29:16"}],"edges":[{"edgeID":"3299","fromID":"3476","toID":"3485","formEdgeID":null},{"edgeID":"3300","fromID":"3485","toID":"3475","formEdgeID":null},{"edgeID":"3301","fromID":"3477","toID":"3486","formEdgeID":null},{"edgeID":"3302","fromID":"3486","toID":"3476","formEdgeID":null},{"edgeID":"3303","fromID":"3478","toID":"3487","formEdgeID":null},{"edgeID":"3304","fromID":"3487","toID":"3476","formEdgeID":null},{"edgeID":"3305","fromID":"3479","toID":"3488","formEdgeID":null},{"edgeID":"3306","fromID":"3488","toID":"3476","formEdgeID":null},{"edgeID":"3307","fromID":"3480","toID":"3489","formEdgeID":null},{"edgeID":"3308","fromID":"3489","toID":"3476","formEdgeID":null},{"edgeID":"3309","fromID":"3481","toID":"3490","formEdgeID":null},{"edgeID":"3310","fromID":"3490","toID":"3475","formEdgeID":null},{"edgeID":"3311","fromID":"3482","toID":"3491","formEdgeID":null},{"edgeID":"3312","fromID":"3483","toID":"3491","formEdgeID":null},{"edgeID":"3313","fromID":"3484","toID":"3491","formEdgeID":null},{"edgeID":"3314","fromID":"3491","toID":"3481","formEdgeID":null}]}