{"nodes":[{"nodeID":"3963","text":"Why not reread a book that you like now and again?","type":"I","timestamp":"2012-04-12 18:30:54"},{"nodeID":"3964","text":"Does not one also look at the same paintings again and again?","type":"I","timestamp":"2012-04-12 18:30:54"},{"nodeID":"3965","text":"does not one listen to the same music all the time?","type":"I","timestamp":"2012-04-12 18:30:54"},{"nodeID":"3966","text":"Maugham resembles the person who has a room with beautiful view and decides to have the window plastered with paint after having looked out of it once or twice","type":"I","timestamp":"2012-04-12 18:30:54"},{"nodeID":"3967","text":"RA","type":"RA","timestamp":"2012-04-12 18:30:54"},{"nodeID":"3968","text":"RA","type":"RA","timestamp":"2012-04-12 18:30:54"},{"nodeID":"3969","text":"RA","type":"RA","timestamp":"2012-04-12 18:30:55"}],"edges":[{"edgeID":"3737","fromID":"3964","toID":"3967","formEdgeID":null},{"edgeID":"3738","fromID":"3967","toID":"3963","formEdgeID":null},{"edgeID":"3739","fromID":"3965","toID":"3968","formEdgeID":null},{"edgeID":"3740","fromID":"3968","toID":"3963","formEdgeID":null},{"edgeID":"3741","fromID":"3966","toID":"3969","formEdgeID":null},{"edgeID":"3742","fromID":"3969","toID":"3963","formEdgeID":null}]}