{"nodes":[{"nodeID":"1816","text":"Therefore I have exercised the powers conferred on me by the Rules of Procedures to enable all sections of the House to express their views so that different shades of opinions may be placed before the House on matters under discussion.","type":"I","timestamp":"2012-04-12 18:23:34"},{"nodeID":"1817","text":"I have always believed that debates and discussions are the life and blood of parliamentary democracy","type":"I","timestamp":"2012-04-12 18:23:34"},{"nodeID":"1818","text":"My goal is to contribute to the democracy to remain alive","type":"I","timestamp":"2012-04-12 18:23:34"},{"nodeID":"1819","text":"Debates and discussions are means for democracy to remain alive","type":"I","timestamp":"2012-04-12 18:23:34"},{"nodeID":"1820","text":"RA","type":"RA","timestamp":"2012-04-12 18:23:34","scheme":"Commitment"},{"nodeID":"1821","text":"RA","type":"RA","timestamp":"2012-04-12 18:23:34"}],"edges":[{"edgeID":"1708","fromID":"1817","toID":"1820","formEdgeID":null},{"edgeID":"1709","fromID":"1820","toID":"1818","formEdgeID":null},{"edgeID":"1710","fromID":"1818","toID":"1821","formEdgeID":null},{"edgeID":"1711","fromID":"1819","toID":"1821","formEdgeID":null},{"edgeID":"1712","fromID":"1821","toID":"1816","formEdgeID":null}]}