{"nodes":[{"nodeID":"760","text":"The Democratic-controlled Senate confirmed 80 judges in its first 15 months in power - more than the Republican-led Senate confirmed in its final 30 months in control from 1999 through the summer of 2001.","type":"I","timestamp":"2012-04-12 18:19:56"},{"nodeID":"2046","text":"Bush attack is not reasonable","type":"I","timestamp":"2012-04-12 18:24:22"},{"nodeID":"2047","text":"In a speech that appears to have been timed for the upcoming elections President Bush attacked the Senate this week for having a  lousy record  of confirming his judicial nominees.","type":"I","timestamp":"2012-04-12 18:24:22"},{"nodeID":"2048","text":"Only if the facts are true the attack has a sense","type":"I","timestamp":"2012-04-12 18:24:22"},{"nodeID":"2049","text":"The facts do not bear this out.","type":"I","timestamp":"2012-04-12 18:24:22"},{"nodeID":"2050","text":"Only if the number of confirmed judges is inferior to anyother it can be defined  lousy record","type":"I","timestamp":"2012-04-12 18:24:22"},{"nodeID":"2051","text":"RA","type":"RA","timestamp":"2012-04-12 18:24:22","scheme":"VerbalClassification"},{"nodeID":"2052","text":"RA","type":"RA","timestamp":"2012-04-12 18:24:22","scheme":"VerbalClassification"}],"edges":[{"edgeID":"1942","fromID":"2047","toID":"2051","formEdgeID":null},{"edgeID":"1943","fromID":"2048","toID":"2051","formEdgeID":null},{"edgeID":"1944","fromID":"2049","toID":"2051","formEdgeID":null},{"edgeID":"1945","fromID":"2051","toID":"2046","formEdgeID":null},{"edgeID":"1946","fromID":"760","toID":"2052","formEdgeID":null},{"edgeID":"1947","fromID":"2050","toID":"2052","formEdgeID":null},{"edgeID":"1948","fromID":"2052","toID":"2049","formEdgeID":null}]}