{"nodes":[{"nodeID":"1028","text":"It is crucial that this specialized  form of bankruptcy relief for family  farmers not be allowed to sunset","type":"I","timestamp":"2012-04-12 18:20:47"},{"nodeID":"1029","text":"family  farmers absent chapter 12 would be  forced to file for bankruptcy relief  under the Bankruptcy Code's other al-ternatives  none of which work as well  for them as does chapter 12.","type":"I","timestamp":"2012-04-12 18:20:47"},{"nodeID":"1030","text":"If family famers would in the absence of chapter 12 be forced to file for bankrubtcy it is crucial that chapter 12 be kept in place.","type":"I","timestamp":"2012-04-12 18:20:47"},{"nodeID":"1031","text":"The need for chapter 12 is not only continuing but is increasing.","type":"I","timestamp":"2012-04-12 18:20:47"},{"nodeID":"1032","text":"If the need for chapter 12 is not only continuing but is increasing it is crucial that chapter 12 be kept in place.","type":"I","timestamp":"2012-04-12 18:20:47"},{"nodeID":"1033","text":"recent statistics dem-onstrate  that there is not only a con-tinuing  need for chapter 12 but that  this need is apparently increasing.","type":"I","timestamp":"2012-04-12 18:20:47"},{"nodeID":"1034","text":"If recent statistics demonstrate that the need for chapter 12 is apparently increasing the need for chapter 12 is increasing","type":"I","timestamp":"2012-04-12 18:20:47"},{"nodeID":"1035","text":"Ac-cording  to the Administrative Office of  the United States Courts chapter 12  bankruptcy filings jumped by more  than 62 percent over the past year.","type":"I","timestamp":"2012-04-12 18:20:47"},{"nodeID":"1036","text":"If the Administrative Office claims that bankruptcy filings jumped by more than 62 percent over the past year  recent statistics indicate that there is an increasing need for chapter 12.","type":"I","timestamp":"2012-04-12 18:20:47"},{"nodeID":"1037","text":"RA","type":"RA","timestamp":"2012-04-12 18:20:48"},{"nodeID":"1038","text":"RA","type":"RA","timestamp":"2012-04-12 18:20:48"},{"nodeID":"1039","text":"RA","type":"RA","timestamp":"2012-04-12 18:20:48"},{"nodeID":"1040","text":"RA","type":"RA","timestamp":"2012-04-12 18:20:48"}],"edges":[{"edgeID":"926","fromID":"1029","toID":"1037","formEdgeID":null},{"edgeID":"927","fromID":"1030","toID":"1037","formEdgeID":null},{"edgeID":"928","fromID":"1037","toID":"1028","formEdgeID":null},{"edgeID":"929","fromID":"1031","toID":"1038","formEdgeID":null},{"edgeID":"930","fromID":"1032","toID":"1038","formEdgeID":null},{"edgeID":"931","fromID":"1038","toID":"1028","formEdgeID":null},{"edgeID":"932","fromID":"1033","toID":"1039","formEdgeID":null},{"edgeID":"933","fromID":"1034","toID":"1039","formEdgeID":null},{"edgeID":"934","fromID":"1039","toID":"1031","formEdgeID":null},{"edgeID":"935","fromID":"1035","toID":"1040","formEdgeID":null},{"edgeID":"936","fromID":"1036","toID":"1040","formEdgeID":null},{"edgeID":"937","fromID":"1040","toID":"1033","formEdgeID":null}]}