{"nodes":[{"nodeID":"495","text":"If the Pentagon doesn't keep track of ground-launched cluster munitions it had better start","type":"I","timestamp":"2012-04-12 18:19:07"},{"nodeID":"496","text":"This information is very important especially when the weapon has been improperly used in urban areas.","type":"I","timestamp":"2012-04-12 18:19:07"},{"nodeID":"1716","text":"If an information is important to save lives of civilians the nation must reveal it","type":"I","timestamp":"2012-04-12 18:23:10"},{"nodeID":"1717","text":"Launched bombs are a danger for civilians","type":"I","timestamp":"2012-04-12 18:23:10"},{"nodeID":"1718","text":"The knowledge of the number of launched bombs can help to evaluate and avoid the danger for the population","type":"I","timestamp":"2012-04-12 18:23:10"},{"nodeID":"1719","text":"Several of the ground-launched cluster munitions in service with U.S. and U.K. forces produce an unacceptably high percentage of de facto landmines when they fail to function on impact","type":"I","timestamp":"2012-04-12 18:23:10"},{"nodeID":"1720","text":"Official U.S. data documents a minimum of 14 to 16 percent dud rates for common ground launched cluster munitions. These dud rates climb when the impact environment includes vegetation or structures.","type":"I","timestamp":"2012-04-12 18:23:10"},{"nodeID":"1721","text":"Landmines are a danger for civilians","type":"I","timestamp":"2012-04-12 18:23:11"},{"nodeID":"1722","text":"RA","type":"RA","timestamp":"2012-04-12 18:23:11","scheme":"EstablishedRule"},{"nodeID":"1723","text":"RA","type":"RA","timestamp":"2012-04-12 18:23:11"},{"nodeID":"1724","text":"RA","type":"RA","timestamp":"2012-04-12 18:23:11","scheme":"VerbalClassification"}],"edges":[{"edgeID":"1601","fromID":"496","toID":"1722","formEdgeID":null},{"edgeID":"1602","fromID":"1716","toID":"1722","formEdgeID":null},{"edgeID":"1603","fromID":"1722","toID":"495","formEdgeID":null},{"edgeID":"1604","fromID":"1717","toID":"1723","formEdgeID":null},{"edgeID":"1605","fromID":"1718","toID":"1723","formEdgeID":null},{"edgeID":"1606","fromID":"1723","toID":"496","formEdgeID":null},{"edgeID":"1607","fromID":"1719","toID":"1724","formEdgeID":null},{"edgeID":"1608","fromID":"1720","toID":"1724","formEdgeID":null},{"edgeID":"1609","fromID":"1721","toID":"1724","formEdgeID":null},{"edgeID":"1610","fromID":"1724","toID":"1717","formEdgeID":null}]}