{"nodes":[{"nodeID":"2312","text":"People that believe that the Italian South is inferior are shortshighted and narrow-minded","type":"I","timestamp":"2012-04-12 18:25:26"},{"nodeID":"2313","text":"The Italian South is  unquestionably inferior economically to the North but economic prosperity is not  necessarily a true indicator of the quality of a society s life.","type":"I","timestamp":"2012-04-12 18:25:26"},{"nodeID":"2314","text":"While materially  24  impoverished the South has produced many of Italy s greatest men of letters and affairs.","type":"I","timestamp":"2012-04-12 18:25:26"},{"nodeID":"2315","text":"To cite only a few of her political thinkers of note she can claim Vico Cuoco Mosca  Croce and Dorso.","type":"I","timestamp":"2012-04-12 18:25:26"},{"nodeID":"2316","text":"She also remains the land of the wondrous scenic beauties described  by Goethe in his Italienische Reise","type":"I","timestamp":"2012-04-12 18:25:26"},{"nodeID":"2317","text":"as well as of architectural marvels like the Baroque  churches of Apulia","type":"I","timestamp":"2012-04-12 18:25:26"},{"nodeID":"2318","text":"It would be extremely shortsighted to view the South as simply or  even primarily a place where poverty illiteracy poor soil earthquakes brigandage and  disease abound","type":"I","timestamp":"2012-04-12 18:25:26"},{"nodeID":"2319","text":"Italian South is considered inferior a land of poverty and brigandage","type":"I","timestamp":"2012-04-12 18:25:26"},{"nodeID":"2320","text":"The Italian South is incredibly rich of culture and has an high quality of life","type":"I","timestamp":"2012-04-12 18:25:26"},{"nodeID":"2321","text":"If the stereotype that Italian South is inferior is open-minded and correct the South is lacking in quality of life and culture","type":"I","timestamp":"2012-04-12 18:25:26"},{"nodeID":"2322","text":"The Italian South is economically and culturally different from the North","type":"I","timestamp":"2012-04-12 18:25:26"},{"nodeID":"2323","text":"Different is often taken to mean inferior by insensitive observers both Italian and foreign.","type":"I","timestamp":"2012-04-12 18:25:26"},{"nodeID":"2324","text":"In much of the recent literature in the social sciences southern Italy is viewed as an  underdeveloped country in comparison with its northern counterpart","type":"I","timestamp":"2012-04-12 18:25:26"},{"nodeID":"2325","text":"If a country is economically inferior it is inferior under every point of view","type":"I","timestamp":"2012-04-12 18:25:27"},{"nodeID":"2326","text":"RA","type":"RA","timestamp":"2012-04-12 18:25:27"},{"nodeID":"2327","text":"RA","type":"RA","timestamp":"2012-04-12 18:25:27","scheme":"Example"},{"nodeID":"2328","text":"RA","type":"RA","timestamp":"2012-04-12 18:25:27","scheme":"Example"},{"nodeID":"2329","text":"RA","type":"RA","timestamp":"2012-04-12 18:25:27","scheme":"Example"},{"nodeID":"2330","text":"RA","type":"RA","timestamp":"2012-04-12 18:25:28","scheme":"Example"},{"nodeID":"2331","text":"RA","type":"RA","timestamp":"2012-04-12 18:25:28","scheme":"VerbalClassification"},{"nodeID":"2332","text":"RA","type":"RA","timestamp":"2012-04-12 18:25:28","scheme":"FalsificationOfHypothesis"},{"nodeID":"2333","text":"RA","type":"RA","timestamp":"2012-04-12 18:25:29","scheme":"VerbalClassification"},{"nodeID":"2334","text":"RA","type":"RA","timestamp":"2012-04-12 18:25:29","scheme":"Example"}],"edges":[{"edgeID":"2239","fromID":"2313","toID":"2326","formEdgeID":null},{"edgeID":"2240","fromID":"2326","toID":"2320","formEdgeID":null},{"edgeID":"2241","fromID":"2314","toID":"2327","formEdgeID":null},{"edgeID":"2242","fromID":"2327","toID":"2313","formEdgeID":null},{"edgeID":"2243","fromID":"2315","toID":"2328","formEdgeID":null},{"edgeID":"2244","fromID":"2328","toID":"2314","formEdgeID":null},{"edgeID":"2245","fromID":"2316","toID":"2329","formEdgeID":null},{"edgeID":"2246","fromID":"2329","toID":"2313","formEdgeID":null},{"edgeID":"2247","fromID":"2317","toID":"2330","formEdgeID":null},{"edgeID":"2248","fromID":"2330","toID":"2313","formEdgeID":null},{"edgeID":"2249","fromID":"2318","toID":"2331","formEdgeID":null},{"edgeID":"2250","fromID":"2319","toID":"2331","formEdgeID":null},{"edgeID":"2251","fromID":"2331","toID":"2312","formEdgeID":null},{"edgeID":"2252","fromID":"2320","toID":"2332","formEdgeID":null},{"edgeID":"2253","fromID":"2321","toID":"2332","formEdgeID":null},{"edgeID":"2254","fromID":"2332","toID":"2318","formEdgeID":null},{"edgeID":"2255","fromID":"2322","toID":"2333","formEdgeID":null},{"edgeID":"2256","fromID":"2323","toID":"2333","formEdgeID":null},{"edgeID":"2257","fromID":"2333","toID":"2319","formEdgeID":null},{"edgeID":"2258","fromID":"2324","toID":"2334","formEdgeID":null},{"edgeID":"2259","fromID":"2325","toID":"2334","formEdgeID":null},{"edgeID":"2260","fromID":"2334","toID":"2319","formEdgeID":null}]}