{"nodes":[{"nodeID":"1257","text":"A court conceivably could find that the use of cluster bombs in such circumstances is a war crime","type":"I","timestamp":"2012-04-12 18:21:34"},{"nodeID":"1258","text":"If used where civilians are present the size of the area they attack and the difficulty of directing them reliably mean that civilian casualties - sometimes substantial casualties - are foreseeable","type":"I","timestamp":"2012-04-12 18:21:34"},{"nodeID":"1259","text":"The use of weapons to kill citizens is considered a war crime","type":"I","timestamp":"2012-04-12 18:21:34"},{"nodeID":"1260","text":"Not precision weapons range of action is not limitated to their target but cause damages to the surrounding area","type":"I","timestamp":"2012-04-12 18:21:34"},{"nodeID":"1261","text":"Even in their new  wind-corrected  form cluster bombs are not precision weapons","type":"I","timestamp":"2012-04-12 18:21:34"},{"nodeID":"1262","text":"A typical cluster bomb is a container that opens in mid-air and scatters up to 200 bomblets over an area the size of half a soccer field","type":"I","timestamp":"2012-04-12 18:21:34"},{"nodeID":"1263","text":"Bombs that do not destroy only their target but involve in their effects the sourronding area are not-precision  weapons","type":"I","timestamp":"2012-04-12 18:21:34"},{"nodeID":"1264","text":"RA","type":"RA","timestamp":"2012-04-12 18:21:34","scheme":"VerbalClassification"},{"nodeID":"1265","text":"RA","type":"RA","timestamp":"2012-04-12 18:21:35","scheme":"CauseToEffect"},{"nodeID":"1266","text":"RA","type":"RA","timestamp":"2012-04-12 18:21:35","scheme":"VerbalClassification"}],"edges":[{"edgeID":"1148","fromID":"1258","toID":"1264","formEdgeID":null},{"edgeID":"1149","fromID":"1259","toID":"1264","formEdgeID":null},{"edgeID":"1150","fromID":"1264","toID":"1257","formEdgeID":null},{"edgeID":"1151","fromID":"1260","toID":"1265","formEdgeID":null},{"edgeID":"1152","fromID":"1261","toID":"1265","formEdgeID":null},{"edgeID":"1153","fromID":"1265","toID":"1258","formEdgeID":null},{"edgeID":"1154","fromID":"1262","toID":"1266","formEdgeID":null},{"edgeID":"1155","fromID":"1263","toID":"1266","formEdgeID":null},{"edgeID":"1156","fromID":"1266","toID":"1261","formEdgeID":null}]}