{"nodes":[{"nodeID":"3522","text":"Our scheme will bring positive consequences","type":"I","timestamp":"2012-04-12 18:29:24"},{"nodeID":"3523","text":"In the US a similar scheme to ours has proved very popular indeed","type":"I","timestamp":"2012-04-12 18:29:24"},{"nodeID":"3524","text":"has helped change behaviour","type":"I","timestamp":"2012-04-12 18:29:24"},{"nodeID":"3525","text":"as for people cheating the scheme there will be plenty of checks and balances in place","type":"I","timestamp":"2012-04-12 18:29:24"},{"nodeID":"3526","text":"In the US a similar scheme brought positive consequences","type":"I","timestamp":"2012-04-12 18:29:24"},{"nodeID":"3527","text":"Our case is similar to the American one","type":"I","timestamp":"2012-04-12 18:29:24"},{"nodeID":"3528","text":"RA","type":"RA","timestamp":"2012-04-12 18:29:24","scheme":"Example"},{"nodeID":"3529","text":"RA","type":"RA","timestamp":"2012-04-12 18:29:25","scheme":"Example"},{"nodeID":"3530","text":"RA","type":"RA","timestamp":"2012-04-12 18:29:25","scheme":"Example"},{"nodeID":"3531","text":"RA","type":"RA","timestamp":"2012-04-12 18:29:25","scheme":"Analogy"}],"edges":[{"edgeID":"3342","fromID":"3523","toID":"3528","formEdgeID":null},{"edgeID":"3343","fromID":"3528","toID":"3526","formEdgeID":null},{"edgeID":"3344","fromID":"3524","toID":"3529","formEdgeID":null},{"edgeID":"3345","fromID":"3529","toID":"3526","formEdgeID":null},{"edgeID":"3346","fromID":"3525","toID":"3530","formEdgeID":null},{"edgeID":"3347","fromID":"3530","toID":"3526","formEdgeID":null},{"edgeID":"3348","fromID":"3526","toID":"3531","formEdgeID":null},{"edgeID":"3349","fromID":"3527","toID":"3531","formEdgeID":null},{"edgeID":"3350","fromID":"3531","toID":"3522","formEdgeID":null}]}