{"nodes":[{"nodeID":"2819","text":"If our plan is to improve the school system and we are working in that our plan is good","type":"I","timestamp":"2012-04-12 18:27:09"},{"nodeID":"2820","text":"We are transforming our schools by raising standards and focusing on results","type":"I","timestamp":"2012-04-12 18:27:09"},{"nodeID":"2821","text":"We are insisting on accountability empowering parents and teachers and making sure that local people are in charge of their schools","type":"I","timestamp":"2012-04-12 18:27:09"},{"nodeID":"2822","text":"By testing every child we are identifying those who need help   and we're providing a record level of funding to get them that help","type":"I","timestamp":"2012-04-12 18:27:09"},{"nodeID":"2823","text":"In northeast Georgia Gainesville Elementary School is mostly Hispanic and 90% poor   and this year 90% of its students passed state tests in reading and math. The principal expresses the philosophy of his school this way:  We don't focus on what we can't do at this school; we focus on what we can do. We do whatever it takes to get kids across the finish line.","type":"I","timestamp":"2012-04-12 18:27:09"},{"nodeID":"2824","text":"We must help our children by improving the school","type":"I","timestamp":"2012-04-12 18:27:09"},{"nodeID":"2825","text":"Tonight I remind every parent and every teacher I say to every child: No matter what your circumstance no matter where you live   your school will be the path to the promise of America.","type":"I","timestamp":"2012-04-12 18:27:09"},{"nodeID":"2826","text":"We are working to improve the school system","type":"I","timestamp":"2012-04-12 18:27:09"},{"nodeID":"2827","text":"To build a more hopeful America we must help our children reach as far as their vision and character can take them","type":"I","timestamp":"2012-04-12 18:27:09"},{"nodeID":"2828","text":"We want to build a more hopeful America","type":"I","timestamp":"2012-04-12 18:27:09"},{"nodeID":"2829","text":"RA","type":"RA","timestamp":"2012-04-12 18:27:09","scheme":"Example"},{"nodeID":"2830","text":"RA","type":"RA","timestamp":"2012-04-12 18:27:10","scheme":"Example"},{"nodeID":"2831","text":"RA","type":"RA","timestamp":"2012-04-12 18:27:10","scheme":"Example"},{"nodeID":"2832","text":"RA","type":"RA","timestamp":"2012-04-12 18:27:10","scheme":"Example"},{"nodeID":"2833","text":"RA","type":"RA","timestamp":"2012-04-12 18:27:10"},{"nodeID":"2834","text":"RA","type":"RA","timestamp":"2012-04-12 18:27:11","scheme":"PracticalReasoning"}],"edges":[{"edgeID":"2711","fromID":"2820","toID":"2829","formEdgeID":null},{"edgeID":"2712","fromID":"2829","toID":"2826","formEdgeID":null},{"edgeID":"2713","fromID":"2821","toID":"2830","formEdgeID":null},{"edgeID":"2714","fromID":"2830","toID":"2826","formEdgeID":null},{"edgeID":"2715","fromID":"2822","toID":"2831","formEdgeID":null},{"edgeID":"2716","fromID":"2831","toID":"2826","formEdgeID":null},{"edgeID":"2717","fromID":"2823","toID":"2832","formEdgeID":null},{"edgeID":"2718","fromID":"2832","toID":"2822","formEdgeID":null},{"edgeID":"2719","fromID":"2824","toID":"2833","formEdgeID":null},{"edgeID":"2720","fromID":"2825","toID":"2833","formEdgeID":null},{"edgeID":"2721","fromID":"2826","toID":"2833","formEdgeID":null},{"edgeID":"2722","fromID":"2833","toID":"2819","formEdgeID":null},{"edgeID":"2723","fromID":"2827","toID":"2834","formEdgeID":null},{"edgeID":"2724","fromID":"2828","toID":"2834","formEdgeID":null},{"edgeID":"2725","fromID":"2834","toID":"2824","formEdgeID":null}]}