{"nodes":[{"nodeID":"4940","text":"we can prepare ourselves for such events","type":"I","timestamp":"2012-04-12 18:34:11"},{"nodeID":"4941","text":"Training helps to save lives","type":"I","timestamp":"2012-04-12 18:34:11"},{"nodeID":"4942","text":"In the Bophal chemical disaster in India  none of the workers in the plant was killed but 100000 outside the plant because they were not adequately informed by the company how to protect themselves should a gas accident happen","type":"I","timestamp":"2012-04-12 18:34:11"},{"nodeID":"4943","text":"The training saved many lives in that circumstance","type":"I","timestamp":"2012-04-12 18:34:11"},{"nodeID":"4944","text":"RA","type":"RA","timestamp":"2012-04-12 18:34:11"},{"nodeID":"4945","text":"RA","type":"RA","timestamp":"2012-04-12 18:34:11","scheme":"Example"}],"edges":[{"edgeID":"4639","fromID":"4941","toID":"4944","formEdgeID":null},{"edgeID":"4640","fromID":"4944","toID":"4940","formEdgeID":null},{"edgeID":"4641","fromID":"4942","toID":"4945","formEdgeID":null},{"edgeID":"4642","fromID":"4943","toID":"4945","formEdgeID":null},{"edgeID":"4643","fromID":"4945","toID":"4941","formEdgeID":null}]}