{"nodes":[{"nodeID":"3809","text":"Accusing the Palestinians of irresponsibility ignores the essential character of the conflict responded Aaron D. Miller President Seeds of Peace USA.","type":"I","timestamp":"2012-04-12 18:30:24"},{"nodeID":"3810","text":"This fundamental asymmetry Miller added makes it impossible for Israelis and Palestinians to negotiate a solution without US aid","type":"I","timestamp":"2012-04-12 18:30:24"},{"nodeID":"3811","text":"If only one of the two complementary causes of the conflict is accused the essential character of the conflict is ignored","type":"I","timestamp":"2012-04-12 18:30:24"},{"nodeID":"3812","text":"Israel exercises the power of the strong sometimes in legitimate self-defence sometimes in illegitimate ways","type":"I","timestamp":"2012-04-12 18:30:24"},{"nodeID":"3813","text":"The Palestinians on the other hand rely on the power of the weak which is based on the belief that the occupation relieves them of responsibility to combat terrorism.","type":"I","timestamp":"2012-04-12 18:30:24"},{"nodeID":"3814","text":"RA","type":"RA","timestamp":"2012-04-12 18:30:24","scheme":"CauseToEffect"},{"nodeID":"3815","text":"RA","type":"RA","timestamp":"2012-04-12 18:30:25","scheme":"CauseToEffect"}],"edges":[{"edgeID":"3601","fromID":"3810","toID":"3814","formEdgeID":null},{"edgeID":"3602","fromID":"3811","toID":"3814","formEdgeID":null},{"edgeID":"3603","fromID":"3814","toID":"3809","formEdgeID":null},{"edgeID":"3604","fromID":"3812","toID":"3815","formEdgeID":null},{"edgeID":"3605","fromID":"3813","toID":"3815","formEdgeID":null},{"edgeID":"3606","fromID":"3815","toID":"3810","formEdgeID":null}]}