{"nodes":[{"nodeID":"3311","text":"Speaking about oneself is not vulgar neither offensive in this case","type":"I","timestamp":"2012-04-12 18:28:44"},{"nodeID":"3312","text":"Speaking of oneself in this occasion is a means not an end","type":"I","timestamp":"2012-04-12 18:28:44"},{"nodeID":"3313","text":"While I am well aware Athenians that to talk in this assembly about oneself and one s own speeches is a very profitable practice if one has the necessary effrontery I feel it is so vulgar and so offensive that though I see the necessity I shrink from it.","type":"I","timestamp":"2012-04-12 18:28:44"},{"nodeID":"3314","text":"I believe however that you will form a better judgement of what I am going to propose if I remind you of a few things that I have said on former occasions","type":"I","timestamp":"2012-04-12 18:28:44"},{"nodeID":"3315","text":"RA","type":"RA","timestamp":"2012-04-12 18:28:44"},{"nodeID":"3316","text":"RA","type":"RA","timestamp":"2012-04-12 18:28:44"}],"edges":[{"edgeID":"3165","fromID":"3312","toID":"3315","formEdgeID":null},{"edgeID":"3166","fromID":"3315","toID":"3311","formEdgeID":null},{"edgeID":"3167","fromID":"3313","toID":"3316","formEdgeID":null},{"edgeID":"3168","fromID":"3314","toID":"3316","formEdgeID":null},{"edgeID":"3169","fromID":"3316","toID":"3312","formEdgeID":null}]}