{"nodes":[{"nodeID":"255","text":"Alexander Downer has derided the line of suspicion as  silly  but surely some in his entourage - as he did the rounds of Indonesian military and police chiefs in Jakarta yesterday to discuss the Bali bombing - might have wondered how clean were some of the hands they were shaking.","type":"I","timestamp":"2012-04-12 18:18:22"},{"nodeID":"1500","text":"There is a long history of political manipulators within the Indonesian armed forces or TNI playing with the fire of Islamic extremism and staging incidents of terrorism","type":"I","timestamp":"2012-04-12 18:22:26"},{"nodeID":"1501","text":"the institution itself carrying out state terror as in Aceh Ambon and East Timor - directly or through militia proxies.","type":"I","timestamp":"2012-04-12 18:22:26"},{"nodeID":"1502","text":"There have been terroristic attempts","type":"I","timestamp":"2012-04-12 18:22:26"},{"nodeID":"1503","text":"Armed forces are involved in terroristic actions","type":"I","timestamp":"2012-04-12 18:22:26"},{"nodeID":"1504","text":"The hypothesis that a group involved in terroristic activities brought about the recent attacks is the best explanation of the bombing","type":"I","timestamp":"2012-04-12 18:22:26"},{"nodeID":"1505","text":"RA","type":"RA","timestamp":"2012-04-12 18:22:26","scheme":"Example"},{"nodeID":"1506","text":"RA","type":"RA","timestamp":"2012-04-12 18:22:26","scheme":"Example"},{"nodeID":"1507","text":"RA","type":"RA","timestamp":"2012-04-12 18:22:26"}],"edges":[{"edgeID":"1390","fromID":"1500","toID":"1505","formEdgeID":null},{"edgeID":"1391","fromID":"1505","toID":"1503","formEdgeID":null},{"edgeID":"1392","fromID":"1501","toID":"1506","formEdgeID":null},{"edgeID":"1393","fromID":"1506","toID":"1503","formEdgeID":null},{"edgeID":"1394","fromID":"1502","toID":"1507","formEdgeID":null},{"edgeID":"1395","fromID":"1503","toID":"1507","formEdgeID":null},{"edgeID":"1396","fromID":"1504","toID":"1507","formEdgeID":null},{"edgeID":"1397","fromID":"1507","toID":"255","formEdgeID":null}]}