{"nodes":[{"nodeID":"1592","text":"the war on terrorism is at least the equivalent to a conventional war the military's judgment as to who is an enemy combatant should be upheld and the rights available to citizens in relation to ordinary criminal prosecutions e.g. the right to counsel and the right to be brought before a court and charged within a reasonable time are inapplicable.","type":"I","timestamp":"2012-04-12 18:22:45"},{"nodeID":"1593","text":"The terrorist Hamdi is treated and therefore classified by the State as a prisoner of war","type":"I","timestamp":"2012-04-12 18:22:45"},{"nodeID":"1594","text":"Hamdi's detention is lawful","type":"I","timestamp":"2012-04-12 18:22:45"},{"nodeID":"1595","text":"he has been seized by the military and is detained as an enemy combatant","type":"I","timestamp":"2012-04-12 18:22:45"},{"nodeID":"1596","text":"there is no obligation under the law and customs of war for captors to charge combatants with an offence;","type":"I","timestamp":"2012-04-12 18:22:45"},{"nodeID":"1597","text":"prisoners of war have no right to counsel","type":"I","timestamp":"2012-04-12 18:22:45"},{"nodeID":"1598","text":"the military has properly determined that Hamdi was an enemy combatant","type":"I","timestamp":"2012-04-12 18:22:46"},{"nodeID":"1599","text":"RA","type":"RA","timestamp":"2012-04-12 18:22:46","scheme":"Example"},{"nodeID":"1600","text":"RA","type":"RA","timestamp":"2012-04-12 18:22:46"},{"nodeID":"1601","text":"RA","type":"RA","timestamp":"2012-04-12 18:22:46","scheme":"CauseToEffect"},{"nodeID":"1602","text":"RA","type":"RA","timestamp":"2012-04-12 18:22:46"},{"nodeID":"1603","text":"RA","type":"RA","timestamp":"2012-04-12 18:22:47"},{"nodeID":"1604","text":"RA","type":"RA","timestamp":"2012-04-12 18:22:47"}],"edges":[{"edgeID":"1481","fromID":"1593","toID":"1599","formEdgeID":null},{"edgeID":"1482","fromID":"1599","toID":"1592","formEdgeID":null},{"edgeID":"1483","fromID":"1594","toID":"1600","formEdgeID":null},{"edgeID":"1484","fromID":"1600","toID":"1593","formEdgeID":null},{"edgeID":"1485","fromID":"1595","toID":"1601","formEdgeID":null},{"edgeID":"1486","fromID":"1601","toID":"1594","formEdgeID":null},{"edgeID":"1487","fromID":"1596","toID":"1602","formEdgeID":null},{"edgeID":"1488","fromID":"1602","toID":"1593","formEdgeID":null},{"edgeID":"1489","fromID":"1597","toID":"1603","formEdgeID":null},{"edgeID":"1490","fromID":"1603","toID":"1593","formEdgeID":null},{"edgeID":"1491","fromID":"1598","toID":"1604","formEdgeID":null},{"edgeID":"1492","fromID":"1604","toID":"1593","formEdgeID":null}]}