{"nodes":[{"nodeID":"1574","text":"there are no good reasons to think that atheism is true.","type":"I","timestamp":"2012-04-12 18:22:41"},{"nodeID":"1575","text":"There's no good evidence for God's existence.","type":"I","timestamp":"2012-04-12 18:22:42"},{"nodeID":"1576","text":"He must present positive evidence against God's existence","type":"I","timestamp":"2012-04-12 18:22:42"},{"nodeID":"1577","text":"Atheist philosophers have tried for centuries to disprove the existence of God but no one has been able to come up with a convincing argument.","type":"I","timestamp":"2012-04-12 18:22:42"},{"nodeID":"1578","text":"the atheist is to prove his view","type":"I","timestamp":"2012-04-12 18:22:42"},{"nodeID":"1579","text":"The argument is not an acceptable means to prove the non-existence of God","type":"I","timestamp":"2012-04-12 18:22:42"},{"nodeID":"1580","text":"The best means to prove the non existence of God is to disprove his existence with positive evidence or with an argument from ignorance","type":"I","timestamp":"2012-04-12 18:22:42"},{"nodeID":"1581","text":"Atheism or the claim that there is no God is just as much a claim to know something as is theism the claim that God does exist.","type":"I","timestamp":"2012-04-12 18:22:42"},{"nodeID":"1582","text":"Atheism and theism are forms of knowledge and theism is supposed to provide evidence for the existence of God","type":"I","timestamp":"2012-04-12 18:22:42"},{"nodeID":"1583","text":"Therefore God does not exist","type":"I","timestamp":"2012-04-12 18:22:42"},{"nodeID":"1584","text":"The conclusion from an argument from Ignorance is not a positive proof","type":"I","timestamp":"2012-04-12 18:22:42"},{"nodeID":"1585","text":"RA","type":"RA","timestamp":"2012-04-12 18:22:42","scheme":"Ignorance"},{"nodeID":"1586","text":"RA","type":"RA","timestamp":"2012-04-12 18:22:42","scheme":"Ignorance"},{"nodeID":"1587","text":"RA","type":"RA","timestamp":"2012-04-12 18:22:43","scheme":"PracticalReasoning"},{"nodeID":"1588","text":"RA","type":"RA","timestamp":"2012-04-12 18:22:43","scheme":"Analogy"},{"nodeID":"1589","text":"RA","type":"RA","timestamp":"2012-04-12 18:22:43","scheme":"VerbalClassification"}],"edges":[{"edgeID":"1463","fromID":"1575","toID":"1585","formEdgeID":null},{"edgeID":"1464","fromID":"1585","toID":"1583","formEdgeID":null},{"edgeID":"1465","fromID":"1576","toID":"1586","formEdgeID":null},{"edgeID":"1466","fromID":"1577","toID":"1586","formEdgeID":null},{"edgeID":"1467","fromID":"1586","toID":"1574","formEdgeID":null},{"edgeID":"1468","fromID":"1578","toID":"1587","formEdgeID":null},{"edgeID":"1469","fromID":"1579","toID":"1587","formEdgeID":null},{"edgeID":"1470","fromID":"1580","toID":"1587","formEdgeID":null},{"edgeID":"1471","fromID":"1587","toID":"1576","formEdgeID":null},{"edgeID":"1472","fromID":"1581","toID":"1588","formEdgeID":null},{"edgeID":"1473","fromID":"1582","toID":"1588","formEdgeID":null},{"edgeID":"1474","fromID":"1588","toID":"1578","formEdgeID":null},{"edgeID":"1475","fromID":"1583","toID":"1589","formEdgeID":null},{"edgeID":"1476","fromID":"1584","toID":"1589","formEdgeID":null},{"edgeID":"1477","fromID":"1589","toID":"1579","formEdgeID":null}]}