{"nodes":[{"nodeID":"3492","text":"I think the government should give the Mentawai the land to grow their crops and get their medicine from","type":"I","timestamp":"2012-04-12 18:29:18"},{"nodeID":"3493","text":"The Mentawai people live their lives in Siberut without electricity radios televisions and computers","type":"I","timestamp":"2012-04-12 18:29:18"},{"nodeID":"3494","text":"They work hard to make their food medicine and building materials.","type":"I","timestamp":"2012-04-12 18:29:18"},{"nodeID":"3495","text":"The Mentawai know the land better than anyone else","type":"I","timestamp":"2012-04-12 18:29:18"},{"nodeID":"3496","text":"They live off of this land and i think that they should profit from it.","type":"I","timestamp":"2012-04-12 18:29:18"},{"nodeID":"3497","text":"Our goal is to use the land in the best way","type":"I","timestamp":"2012-04-12 18:29:18"},{"nodeID":"3498","text":"The best means is to give the land to whom needs it most","type":"I","timestamp":"2012-04-12 18:29:18"},{"nodeID":"3499","text":"The land belongs to whom lived in it in before the law was introduced","type":"I","timestamp":"2012-04-12 18:29:18"},{"nodeID":"3500","text":"They have lived in this place for a long time and it would be very sad if they couldn't stay there because the government took their land away.","type":"I","timestamp":"2012-04-12 18:29:18"},{"nodeID":"3501","text":"RA","type":"RA","timestamp":"2012-04-12 18:29:18","scheme":"Example"},{"nodeID":"3502","text":"RA","type":"RA","timestamp":"2012-04-12 18:29:19","scheme":"Example"},{"nodeID":"3503","text":"RA","type":"RA","timestamp":"2012-04-12 18:29:19","scheme":"Example"},{"nodeID":"3504","text":"RA","type":"RA","timestamp":"2012-04-12 18:29:19","scheme":"PracticalReasoning"},{"nodeID":"3505","text":"RA","type":"RA","timestamp":"2012-04-12 18:29:20","scheme":"EstablishedRule"}],"edges":[{"edgeID":"3315","fromID":"3493","toID":"3501","formEdgeID":null},{"edgeID":"3316","fromID":"3501","toID":"3496","formEdgeID":null},{"edgeID":"3317","fromID":"3494","toID":"3502","formEdgeID":null},{"edgeID":"3318","fromID":"3502","toID":"3496","formEdgeID":null},{"edgeID":"3319","fromID":"3495","toID":"3503","formEdgeID":null},{"edgeID":"3320","fromID":"3503","toID":"3496","formEdgeID":null},{"edgeID":"3321","fromID":"3496","toID":"3504","formEdgeID":null},{"edgeID":"3322","fromID":"3497","toID":"3504","formEdgeID":null},{"edgeID":"3323","fromID":"3498","toID":"3504","formEdgeID":null},{"edgeID":"3324","fromID":"3504","toID":"3492","formEdgeID":null},{"edgeID":"3325","fromID":"3499","toID":"3505","formEdgeID":null},{"edgeID":"3326","fromID":"3500","toID":"3505","formEdgeID":null},{"edgeID":"3327","fromID":"3505","toID":"3492","formEdgeID":null}]}