{"nodes":[{"nodeID":"3410","text":"he is not a clean person","type":"I","timestamp":"2012-04-12 18:29:02"},{"nodeID":"3411","text":"Lawyer Martin defended a case of Mafia","type":"I","timestamp":"2012-04-12 18:29:02"},{"nodeID":"3412","text":"Defending a case of Mafia is morally bad","type":"I","timestamp":"2012-04-12 18:29:02"},{"nodeID":"3413","text":"RA","type":"RA","timestamp":"2012-04-12 18:29:02"}],"edges":[{"edgeID":"3243","fromID":"3411","toID":"3413","formEdgeID":null},{"edgeID":"3244","fromID":"3412","toID":"3413","formEdgeID":null},{"edgeID":"3245","fromID":"3413","toID":"3410","formEdgeID":null}]}