{"nodes":[{"nodeID":"1125","text":"the public has never been allowed in jury rooms and with good reason","type":"I","timestamp":"2012-04-12 18:21:06"},{"nodeID":"1126","text":"Allowing cameras in the jury room would also harm the deliberative process.","type":"I","timestamp":"2012-04-12 18:21:06"},{"nodeID":"1127","text":"If a Judge's action would harm the deliberative process of the jury that is a reason not to carry out the action.","type":"I","timestamp":"2012-04-12 18:21:06"},{"nodeID":"1128","text":"Jurors especially less educated and articulate ones may be wary of speaking out if they know they are being judged by an audience at home. They may be more reluctant to question the credibility of a witness or to take an unpopular stand like holding out for an acquittal or against the death penalty.","type":"I","timestamp":"2012-04-12 18:21:06"},{"nodeID":"1129","text":"If Jurors may be more reluctant to speak out in front of cameras then if cameras are allowed into the jury room the deliberative process will be harmed","type":"I","timestamp":"2012-04-12 18:21:06"},{"nodeID":"1130","text":"Televising jury deliberations will skew the composition of juries by removing people who do not want to reach a verdict - and in this case possibly impose the death penalty - on a public stage","type":"I","timestamp":"2012-04-12 18:21:06"},{"nodeID":"1131","text":"If a Judge's action would skew the composition of the jury that is a reason not to carry out the action.","type":"I","timestamp":"2012-04-12 18:21:06"},{"nodeID":"1132","text":"Telivising Mr. Harrison's case has skewed the jury by removing people who do not want to reach a verdict on a public stage.","type":"I","timestamp":"2012-04-12 18:21:06"},{"nodeID":"1133","text":"If televising Mr. Harrison's case has skewed the jury by removing people who do not want to reach a verdict on a public stage it is likely that televising jury deliberations in the future will have the same effect","type":"I","timestamp":"2012-04-12 18:21:06"},{"nodeID":"1134","text":"If one removes all those who do not want to reach a verdict on a public stage from a jury and these people may be precisely the ones best suited to serve its composition will thus be skewed.","type":"I","timestamp":"2012-04-12 18:21:06"},{"nodeID":"1135","text":"So far at least 14 out of 110 prospective jurors in Mr. Harrison's case have been excused for reasons related to the presence of cameras.","type":"I","timestamp":"2012-04-12 18:21:06"},{"nodeID":"1136","text":"These jurors may be precisely the ones best suited to serve","type":"I","timestamp":"2012-04-12 18:21:06"},{"nodeID":"1137","text":"Those who fulfill the role of jurors are entitled to privacy in doing so","type":"I","timestamp":"2012-04-12 18:21:06"},{"nodeID":"1138","text":"If those who fulfill a duty are entitled to privacy in doing so there is a reason not to take this privacy away from them","type":"I","timestamp":"2012-04-12 18:21:06"},{"nodeID":"1139","text":"Jurors are not government officials and do not perform a representational function. Being a juror is more akin to voting a civic duty that occurs in private. Like voters in an exit poll jurors ought to be free to speak afterward about their deliberations but they are not obligated to.","type":"I","timestamp":"2012-04-12 18:21:06"},{"nodeID":"1140","text":"If a civic duty is not representational those who fulfill it are entitled to privacy in doing so.","type":"I","timestamp":"2012-04-12 18:21:06"},{"nodeID":"1141","text":"RA","type":"RA","timestamp":"2012-04-12 18:21:06"},{"nodeID":"1142","text":"RA","type":"RA","timestamp":"2012-04-12 18:21:07"},{"nodeID":"1143","text":"RA","type":"RA","timestamp":"2012-04-12 18:21:07"},{"nodeID":"1144","text":"RA","type":"RA","timestamp":"2012-04-12 18:21:07"},{"nodeID":"1145","text":"RA","type":"RA","timestamp":"2012-04-12 18:21:08"},{"nodeID":"1146","text":"RA","type":"RA","timestamp":"2012-04-12 18:21:08"},{"nodeID":"1147","text":"RA","type":"RA","timestamp":"2012-04-12 18:21:08"}],"edges":[{"edgeID":"1012","fromID":"1126","toID":"1141","formEdgeID":null},{"edgeID":"1013","fromID":"1127","toID":"1141","formEdgeID":null},{"edgeID":"1014","fromID":"1141","toID":"1125","formEdgeID":null},{"edgeID":"1015","fromID":"1128","toID":"1142","formEdgeID":null},{"edgeID":"1016","fromID":"1129","toID":"1142","formEdgeID":null},{"edgeID":"1017","fromID":"1142","toID":"1126","formEdgeID":null},{"edgeID":"1018","fromID":"1130","toID":"1143","formEdgeID":null},{"edgeID":"1019","fromID":"1131","toID":"1143","formEdgeID":null},{"edgeID":"1020","fromID":"1143","toID":"1125","formEdgeID":null},{"edgeID":"1021","fromID":"1132","toID":"1144","formEdgeID":null},{"edgeID":"1022","fromID":"1133","toID":"1144","formEdgeID":null},{"edgeID":"1023","fromID":"1144","toID":"1130","formEdgeID":null},{"edgeID":"1024","fromID":"1134","toID":"1145","formEdgeID":null},{"edgeID":"1025","fromID":"1135","toID":"1145","formEdgeID":null},{"edgeID":"1026","fromID":"1136","toID":"1145","formEdgeID":null},{"edgeID":"1027","fromID":"1145","toID":"1132","formEdgeID":null},{"edgeID":"1028","fromID":"1137","toID":"1146","formEdgeID":null},{"edgeID":"1029","fromID":"1138","toID":"1146","formEdgeID":null},{"edgeID":"1030","fromID":"1146","toID":"1125","formEdgeID":null},{"edgeID":"1031","fromID":"1139","toID":"1147","formEdgeID":null},{"edgeID":"1032","fromID":"1140","toID":"1147","formEdgeID":null},{"edgeID":"1033","fromID":"1147","toID":"1137","formEdgeID":null}]}