{"nodes":[{"nodeID":"4762","text":"While most Iraqis  want the departure of foreign troops from our soil as soon as possible  Zebari said it is not realistic to expect coalition units to leave the country immediately after the transfer of formal sovereignty on 30 June.","type":"I","timestamp":"2012-04-12 18:33:34"},{"nodeID":"4763","text":"We need these forces to remain until the time when we are ready to take over security responsibility.","type":"I","timestamp":"2012-04-12 18:33:34"},{"nodeID":"4764","text":"Their premature departure would bring disaster for Iraq","type":"I","timestamp":"2012-04-12 18:33:34"},{"nodeID":"4765","text":"RA","type":"RA","timestamp":"2012-04-12 18:33:34"}],"edges":[{"edgeID":"4471","fromID":"4763","toID":"4765","formEdgeID":null},{"edgeID":"4472","fromID":"4764","toID":"4765","formEdgeID":null},{"edgeID":"4473","fromID":"4765","toID":"4762","formEdgeID":null}]}