{"nodes":[{"nodeID":"1377","text":"Sir Mark was planning to leave the country when he was arrested at his Cape Town home","type":"I","timestamp":"2012-04-12 18:22:01"},{"nodeID":"1378","text":"Authorities in South Africa said","type":"I","timestamp":"2012-04-12 18:22:01"},{"nodeID":"1379","text":"It is plausible that Sir Mark was planning to leave the country","type":"I","timestamp":"2012-04-12 18:22:01"},{"nodeID":"1380","text":"The house was on the market","type":"I","timestamp":"2012-04-12 18:22:01"},{"nodeID":"1381","text":"When somebody is planning to leave the country he usually puts his house on the market","type":"I","timestamp":"2012-04-12 18:22:01"},{"nodeID":"1382","text":"he had disposed of some of the cars","type":"I","timestamp":"2012-04-12 18:22:01"},{"nodeID":"1383","text":"When somebody is planning to leave the country he usually tries to sell some of his belongings","type":"I","timestamp":"2012-04-12 18:22:01"},{"nodeID":"1384","text":"there were suiticases around the house","type":"I","timestamp":"2012-04-12 18:22:01"},{"nodeID":"1385","text":"When somebody is planning to leave the country he usually packs his bags","type":"I","timestamp":"2012-04-12 18:22:01"},{"nodeID":"1386","text":"He did confirm he was planning to relocate to Texas","type":"I","timestamp":"2012-04-12 18:22:01"},{"nodeID":"1387","text":"When somebody is planning to leave the country he usually tries to relocate somewhere else","type":"I","timestamp":"2012-04-12 18:22:01"},{"nodeID":"1388","text":"RA","type":"RA","timestamp":"2012-04-12 18:22:01","scheme":"ExpertOpinion"},{"nodeID":"1389","text":"RA","type":"RA","timestamp":"2012-04-12 18:22:02"},{"nodeID":"1390","text":"RA","type":"RA","timestamp":"2012-04-12 18:22:02"},{"nodeID":"1391","text":"RA","type":"RA","timestamp":"2012-04-12 18:22:02"},{"nodeID":"1392","text":"RA","type":"RA","timestamp":"2012-04-12 18:22:03"}],"edges":[{"edgeID":"1274","fromID":"1378","toID":"1388","formEdgeID":null},{"edgeID":"1275","fromID":"1379","toID":"1388","formEdgeID":null},{"edgeID":"1276","fromID":"1388","toID":"1377","formEdgeID":null},{"edgeID":"1277","fromID":"1380","toID":"1389","formEdgeID":null},{"edgeID":"1278","fromID":"1381","toID":"1389","formEdgeID":null},{"edgeID":"1279","fromID":"1389","toID":"1379","formEdgeID":null},{"edgeID":"1280","fromID":"1382","toID":"1390","formEdgeID":null},{"edgeID":"1281","fromID":"1383","toID":"1390","formEdgeID":null},{"edgeID":"1282","fromID":"1390","toID":"1379","formEdgeID":null},{"edgeID":"1283","fromID":"1384","toID":"1391","formEdgeID":null},{"edgeID":"1284","fromID":"1385","toID":"1391","formEdgeID":null},{"edgeID":"1285","fromID":"1391","toID":"1379","formEdgeID":null},{"edgeID":"1286","fromID":"1386","toID":"1392","formEdgeID":null},{"edgeID":"1287","fromID":"1387","toID":"1392","formEdgeID":null},{"edgeID":"1288","fromID":"1392","toID":"1379","formEdgeID":null}]}