{"nodes":[{"nodeID":"3900","text":"We should help them and invest money in that","type":"I","timestamp":"2012-04-12 18:30:42"},{"nodeID":"3901","text":"In sub-Saharan Africa alone some 12 million children have lost one or both parents to AIDS and it is predicted that the number of AIDS orphans will rise to 25 million by 2010. The Secretary of State said that the figure is 18 million but the scale of the problem is so massive that it almost does not matter how many millions we cite.","type":"I","timestamp":"2012-04-12 18:30:42"},{"nodeID":"3902","text":"We must remember that the sufferers live in countries with a national income per head that is typically a small fraction of ours.","type":"I","timestamp":"2012-04-12 18:30:42"},{"nodeID":"3903","text":"In the fight against the disease AIDS to Africa is the equivalent of the Somme to this country in 1916 or even much worse.","type":"I","timestamp":"2012-04-12 18:30:42"},{"nodeID":"3904","text":"The problem in Africa is tragic","type":"I","timestamp":"2012-04-12 18:30:42"},{"nodeID":"3905","text":"We have the means for helping them","type":"I","timestamp":"2012-04-12 18:30:42"},{"nodeID":"3906","text":"RA","type":"RA","timestamp":"2012-04-12 18:30:42","scheme":"Example"},{"nodeID":"3907","text":"RA","type":"RA","timestamp":"2012-04-12 18:30:42","scheme":"Example"},{"nodeID":"3908","text":"RA","type":"RA","timestamp":"2012-04-12 18:30:42","scheme":"Example"},{"nodeID":"3909","text":"RA","type":"RA","timestamp":"2012-04-12 18:30:43"}],"edges":[{"edgeID":"3682","fromID":"3901","toID":"3906","formEdgeID":null},{"edgeID":"3683","fromID":"3906","toID":"3904","formEdgeID":null},{"edgeID":"3684","fromID":"3902","toID":"3907","formEdgeID":null},{"edgeID":"3685","fromID":"3907","toID":"3904","formEdgeID":null},{"edgeID":"3686","fromID":"3903","toID":"3908","formEdgeID":null},{"edgeID":"3687","fromID":"3908","toID":"3904","formEdgeID":null},{"edgeID":"3688","fromID":"3904","toID":"3909","formEdgeID":null},{"edgeID":"3689","fromID":"3905","toID":"3909","formEdgeID":null},{"edgeID":"3690","fromID":"3909","toID":"3900","formEdgeID":null}]}