{"nodes":[{"nodeID":"3296","text":"Temperance is beneficial","type":"I","timestamp":"2012-04-12 18:28:41"},{"nodeID":"3297","text":"Hierarchy of moral virtues is correlated to the hierarchy of their effects","type":"I","timestamp":"2012-04-12 18:28:41"},{"nodeID":"3298","text":"licentiousness is harmful","type":"I","timestamp":"2012-04-12 18:28:41"},{"nodeID":"3299","text":"Temperance is opposite to licentiousness","type":"I","timestamp":"2012-04-12 18:28:41"},{"nodeID":"3300","text":"RA","type":"RA","timestamp":"2012-04-12 18:28:41"}],"edges":[{"edgeID":"3153","fromID":"3297","toID":"3300","formEdgeID":null},{"edgeID":"3154","fromID":"3298","toID":"3300","formEdgeID":null},{"edgeID":"3155","fromID":"3299","toID":"3300","formEdgeID":null},{"edgeID":"3156","fromID":"3300","toID":"3296","formEdgeID":null}]}