{"nodes":[{"nodeID":"3223","text":"The fact that Caesar was ambitious is not very acceptable","type":"I","timestamp":"2012-04-12 18:28:27"},{"nodeID":"3224","text":"The noble Brutus hath told you Caesar was ambitious","type":"I","timestamp":"2012-04-12 18:28:27"},{"nodeID":"3225","text":"He was my friend faithful and just to me","type":"I","timestamp":"2012-04-12 18:28:27"},{"nodeID":"3226","text":"Everybody accepts that this is not an action of an ambitious man","type":"I","timestamp":"2012-04-12 18:28:27"},{"nodeID":"3227","text":"He hath brought many captives home to Rome whose ransoms did the general coffers fill:","type":"I","timestamp":"2012-04-12 18:28:27"},{"nodeID":"3228","text":"When that the poor have cried Caesar hath wept; Ambition should be made of sterner stuff:","type":"I","timestamp":"2012-04-12 18:28:27"},{"nodeID":"3229","text":"RA","type":"RA","timestamp":"2012-04-12 18:28:27"},{"nodeID":"3230","text":"RA","type":"RA","timestamp":"2012-04-12 18:28:28"},{"nodeID":"3231","text":"RA","type":"RA","timestamp":"2012-04-12 18:28:28"}],"edges":[{"edgeID":"3092","fromID":"3224","toID":"3229","formEdgeID":null},{"edgeID":"3093","fromID":"3225","toID":"3229","formEdgeID":null},{"edgeID":"3094","fromID":"3226","toID":"3229","formEdgeID":null},{"edgeID":"3095","fromID":"3229","toID":"3223","formEdgeID":null},{"edgeID":"3096","fromID":"3227","toID":"3230","formEdgeID":null},{"edgeID":"3097","fromID":"3226","toID":"3230","formEdgeID":null},{"edgeID":"3098","fromID":"3230","toID":"3223","formEdgeID":null},{"edgeID":"3099","fromID":"3228","toID":"3231","formEdgeID":null},{"edgeID":"3100","fromID":"3226","toID":"3231","formEdgeID":null},{"edgeID":"3101","fromID":"3231","toID":"3223","formEdgeID":null}]}