{"nodes":[{"nodeID":"345","text":"Mother theresa and people likes her more than make up for the bad doen by a small minority","type":"I","timestamp":"2012-04-12 18:18:38"},{"nodeID":"1560","text":"it does reveal the beast under some priests","type":"I","timestamp":"2012-04-12 18:22:38"},{"nodeID":"1561","text":"the good doen by the church and sponsored by the church worldwide","type":"I","timestamp":"2012-04-12 18:22:38"},{"nodeID":"1562","text":"Catholic charities","type":"I","timestamp":"2012-04-12 18:22:38"},{"nodeID":"1563","text":"hospitals","type":"I","timestamp":"2012-04-12 18:22:38"},{"nodeID":"1564","text":"schools in most of the poorest countries in the world.","type":"I","timestamp":"2012-04-12 18:22:39"},{"nodeID":"1565","text":"The Church is good","type":"I","timestamp":"2012-04-12 18:22:39"},{"nodeID":"1566","text":"There has been a priest scandal","type":"I","timestamp":"2012-04-12 18:22:39"},{"nodeID":"1567","text":"Does the Priest Scandal Reveal the Beast?","type":"I","timestamp":"2012-04-12 18:22:39"},{"nodeID":"1568","text":"RA","type":"RA","timestamp":"2012-04-12 18:22:39","scheme":"Example"},{"nodeID":"1569","text":"RA","type":"RA","timestamp":"2012-04-12 18:22:39","scheme":"Example"},{"nodeID":"1570","text":"RA","type":"RA","timestamp":"2012-04-12 18:22:39","scheme":"Example"},{"nodeID":"1571","text":"RA","type":"RA","timestamp":"2012-04-12 18:22:40","scheme":"Example"},{"nodeID":"1572","text":"RA","type":"RA","timestamp":"2012-04-12 18:22:40","scheme":"Example"},{"nodeID":"1573","text":"RA","type":"RA","timestamp":"2012-04-12 18:22:40"}],"edges":[{"edgeID":"1449","fromID":"1561","toID":"1568","formEdgeID":null},{"edgeID":"1450","fromID":"1568","toID":"1565","formEdgeID":null},{"edgeID":"1451","fromID":"1562","toID":"1569","formEdgeID":null},{"edgeID":"1452","fromID":"1569","toID":"1565","formEdgeID":null},{"edgeID":"1453","fromID":"1563","toID":"1570","formEdgeID":null},{"edgeID":"1454","fromID":"1570","toID":"1565","formEdgeID":null},{"edgeID":"1455","fromID":"1564","toID":"1571","formEdgeID":null},{"edgeID":"1456","fromID":"1571","toID":"1565","formEdgeID":null},{"edgeID":"1457","fromID":"345","toID":"1572","formEdgeID":null},{"edgeID":"1458","fromID":"1572","toID":"1565","formEdgeID":null},{"edgeID":"1459","fromID":"1565","toID":"1573","formEdgeID":null},{"edgeID":"1460","fromID":"1566","toID":"1573","formEdgeID":null},{"edgeID":"1461","fromID":"1567","toID":"1573","formEdgeID":null},{"edgeID":"1462","fromID":"1573","toID":"1560","formEdgeID":null}]}