{"nodes":[{"nodeID":"936","text":"It is incongruous that Bristol university is being accused of bias against the independent sector","type":"I","timestamp":"2012-04-12 18:20:30"},{"nodeID":"937","text":"40 per cent. of entrants to Bristol university come from private schools","type":"I","timestamp":"2012-04-12 18:20:30"},{"nodeID":"938","text":"in those circumstances it strikes me as difficult to accuse Bristol of positive discrimination against students from such schools","type":"I","timestamp":"2012-04-12 18:20:30"},{"nodeID":"939","text":"RA","type":"RA","timestamp":"2012-04-12 18:20:30"}],"edges":[{"edgeID":"845","fromID":"937","toID":"939","formEdgeID":null},{"edgeID":"846","fromID":"938","toID":"939","formEdgeID":null},{"edgeID":"847","fromID":"939","toID":"936","formEdgeID":null}]}