{"nodes":[{"nodeID":"4515","text":"God must exist","type":"I","timestamp":"2012-04-12 18:32:45"},{"nodeID":"4516","text":"you have no reason to believe this is God.","type":"I","timestamp":"2012-04-12 18:32:45"},{"nodeID":"4517","text":"But if there is we've no reason to believe it's omniscient no reason to believe it's omnibenevolent and no reason to believe that it's omnipotent","type":"I","timestamp":"2012-04-12 18:32:45"},{"nodeID":"4518","text":"From the fact that the universe was created all we have some reason to believe is that it is slightly more powerful than its effects.","type":"I","timestamp":"2012-04-12 18:32:45"},{"nodeID":"4519","text":"Every morning I a lot of you get up and we go to our car and we put the key in the ignition turn it over and the car starts up. You can think of the ignition of the gasoline as somewhat of a big bang. There's this explosion of gasoline igniting. What's the cause of the gasoline igniting? The sparkplug.","type":"I","timestamp":"2012-04-12 18:32:45"},{"nodeID":"4520","text":"this universe had a cause","type":"I","timestamp":"2012-04-12 18:32:45"},{"nodeID":"4521","text":"What Professor Craig has given us is that there is some sort of cosmological sparkplug.","type":"I","timestamp":"2012-04-12 18:32:45"},{"nodeID":"4522","text":"If the thing that caused the universe to exist is a sparkplug it has the characterisics of a sparkplug","type":"I","timestamp":"2012-04-12 18:32:45"},{"nodeID":"4523","text":"It could be a spark plug of some kind maybe a timeless sparkplug but a sparkplug nevertheless.","type":"I","timestamp":"2012-04-12 18:32:45"},{"nodeID":"4524","text":"the universe had a beginning","type":"I","timestamp":"2012-04-12 18:32:45"},{"nodeID":"4525","text":"everything that exists must have had a cause.","type":"I","timestamp":"2012-04-12 18:32:45"},{"nodeID":"4526","text":"CA","type":"CA","timestamp":"2012-04-12 18:32:45"},{"nodeID":"4527","text":"RA","type":"RA","timestamp":"2012-04-12 18:32:46"},{"nodeID":"4528","text":"RA","type":"RA","timestamp":"2012-04-12 18:32:46"},{"nodeID":"4529","text":"RA","type":"RA","timestamp":"2012-04-12 18:32:46","scheme":"Analogy"},{"nodeID":"4530","text":"RA","type":"RA","timestamp":"2012-04-12 18:32:46"},{"nodeID":"4531","text":"RA","type":"RA","timestamp":"2012-04-12 18:32:47"},{"nodeID":"4532","text":"RA","type":"RA","timestamp":"2012-04-12 18:32:47"}],"edges":[{"edgeID":"4246","fromID":"4516","toID":"4526","formEdgeID":null},{"edgeID":"4247","fromID":"4526","toID":"4515","formEdgeID":null},{"edgeID":"4248","fromID":"4517","toID":"4527","formEdgeID":null},{"edgeID":"4249","fromID":"4527","toID":"4516","formEdgeID":null},{"edgeID":"4250","fromID":"4518","toID":"4528","formEdgeID":null},{"edgeID":"4251","fromID":"4528","toID":"4517","formEdgeID":null},{"edgeID":"4252","fromID":"4519","toID":"4529","formEdgeID":null},{"edgeID":"4253","fromID":"4529","toID":"4521","formEdgeID":null},{"edgeID":"4254","fromID":"4520","toID":"4530","formEdgeID":null},{"edgeID":"4255","fromID":"4530","toID":"4515","formEdgeID":null},{"edgeID":"4256","fromID":"4521","toID":"4531","formEdgeID":null},{"edgeID":"4257","fromID":"4522","toID":"4531","formEdgeID":null},{"edgeID":"4258","fromID":"4523","toID":"4531","formEdgeID":null},{"edgeID":"4259","fromID":"4531","toID":"4518","formEdgeID":null},{"edgeID":"4260","fromID":"4524","toID":"4532","formEdgeID":null},{"edgeID":"4261","fromID":"4525","toID":"4532","formEdgeID":null},{"edgeID":"4262","fromID":"4532","toID":"4520","formEdgeID":null}]}