{"nodes":[{"nodeID":"3003","text":"Kerry cannot lead","type":"I","timestamp":"2012-04-12 18:27:44"},{"nodeID":"3004","text":"MIxed messages cause the situation in Iraq to become impossible to control","type":"I","timestamp":"2012-04-12 18:27:44"},{"nodeID":"3005","text":"You cannot lead if you send mixed messages.","type":"I","timestamp":"2012-04-12 18:27:44"},{"nodeID":"3006","text":"My concerns about the senator is that in the course of this campaign I've been listening very carefully to what he says and he changes positions on the war in Iraq.","type":"I","timestamp":"2012-04-12 18:27:44"},{"nodeID":"3007","text":"Mixed messages send the wrong signals to our troops.","type":"I","timestamp":"2012-04-12 18:27:44"},{"nodeID":"3008","text":"Wrong signals cause confusion and huge problems in controlling the situation","type":"I","timestamp":"2012-04-12 18:27:44"},{"nodeID":"3009","text":"Mixed messages send the wrong signals to our allies","type":"I","timestamp":"2012-04-12 18:27:44"},{"nodeID":"3010","text":"Mixed messages send the wrong signals to the Iraqi citizens.","type":"I","timestamp":"2012-04-12 18:27:45"},{"nodeID":"3011","text":"RA","type":"RA","timestamp":"2012-04-12 18:27:45"},{"nodeID":"3012","text":"RA","type":"RA","timestamp":"2012-04-12 18:27:45","scheme":"CauseToEffect"},{"nodeID":"3013","text":"RA","type":"RA","timestamp":"2012-04-12 18:27:45","scheme":"CauseToEffect"},{"nodeID":"3014","text":"RA","type":"RA","timestamp":"2012-04-12 18:27:46","scheme":"CauseToEffect"},{"nodeID":"3015","text":"RA","type":"RA","timestamp":"2012-04-12 18:27:46","scheme":"CauseToEffect"}],"edges":[{"edgeID":"2883","fromID":"3004","toID":"3011","formEdgeID":null},{"edgeID":"2884","fromID":"3011","toID":"3006","formEdgeID":null},{"edgeID":"2885","fromID":"3005","toID":"3012","formEdgeID":null},{"edgeID":"2886","fromID":"3006","toID":"3012","formEdgeID":null},{"edgeID":"2887","fromID":"3012","toID":"3003","formEdgeID":null},{"edgeID":"2888","fromID":"3007","toID":"3013","formEdgeID":null},{"edgeID":"2889","fromID":"3008","toID":"3013","formEdgeID":null},{"edgeID":"2890","fromID":"3013","toID":"3004","formEdgeID":null},{"edgeID":"2891","fromID":"3009","toID":"3014","formEdgeID":null},{"edgeID":"2892","fromID":"3008","toID":"3014","formEdgeID":null},{"edgeID":"2893","fromID":"3014","toID":"3004","formEdgeID":null},{"edgeID":"2894","fromID":"3010","toID":"3015","formEdgeID":null},{"edgeID":"2895","fromID":"3008","toID":"3015","formEdgeID":null},{"edgeID":"2896","fromID":"3015","toID":"3004","formEdgeID":null}]}