{"nodes":[{"nodeID":"1508","text":"The gun control is not acceptable","type":"I","timestamp":"2012-04-12 18:22:27"},{"nodeID":"1509","text":"if someone wants to kill they could kill someone with a pen pencil knife baseball bat or even a sling shot","type":"I","timestamp":"2012-04-12 18:22:27"},{"nodeID":"1510","text":"Gun control is finalized to control intruments that are used to kill","type":"I","timestamp":"2012-04-12 18:22:27"},{"nodeID":"1511","text":"So are we going to make it illegal for everything we can think of that might kill.","type":"I","timestamp":"2012-04-12 18:22:27"},{"nodeID":"1512","text":"It is not reasonable to make everything illegal","type":"I","timestamp":"2012-04-12 18:22:27"},{"nodeID":"1513","text":"RA","type":"RA","timestamp":"2012-04-12 18:22:28"}],"edges":[{"edgeID":"1398","fromID":"1509","toID":"1513","formEdgeID":null},{"edgeID":"1399","fromID":"1510","toID":"1513","formEdgeID":null},{"edgeID":"1400","fromID":"1511","toID":"1513","formEdgeID":null},{"edgeID":"1401","fromID":"1512","toID":"1513","formEdgeID":null},{"edgeID":"1402","fromID":"1513","toID":"1508","formEdgeID":null}]}