{"nodes":[{"nodeID":"3016","text":"This crime shows our enemy's intention to prevent Iraqi self-government even if that means killing a lifelong Iraqi patriot and a faithful Muslim","type":"I","timestamp":"2012-04-12 18:27:47"},{"nodeID":"3017","text":"We've seen a car bombing take the life of a 61-year-old Iraqi named Izzedin Saleem who was serving as President of the Governing Council.","type":"I","timestamp":"2012-04-12 18:27:47"},{"nodeID":"3018","text":"Mr. Saleem was assassinated by terrorists seeking the return of tyranny and the death of democracy.","type":"I","timestamp":"2012-04-12 18:27:47"},{"nodeID":"3019","text":"RA","type":"RA","timestamp":"2012-04-12 18:27:47"}],"edges":[{"edgeID":"2897","fromID":"3017","toID":"3019","formEdgeID":null},{"edgeID":"2898","fromID":"3018","toID":"3019","formEdgeID":null},{"edgeID":"2899","fromID":"3019","toID":"3016","formEdgeID":null}]}