{"nodes":[{"nodeID":"544","text":"The treaties and covenants aiming for a world free of nuclear arsenals and other conventional and biological weapons of mass destruction should be adhered to scrupulously by all nations","type":"I","timestamp":"2012-04-12 18:19:16"},{"nodeID":"545","text":"survival of the entire world is at stake.","type":"I","timestamp":"2012-04-12 18:19:16"},{"nodeID":"1813","text":"Treaties and covenants are means to avoid the destruction of the world","type":"I","timestamp":"2012-04-12 18:23:33"},{"nodeID":"1814","text":"All the nations want to avoid the destruction of the world","type":"I","timestamp":"2012-04-12 18:23:33"},{"nodeID":"1815","text":"RA","type":"RA","timestamp":"2012-04-12 18:23:33","scheme":"PracticalReasoning"}],"edges":[{"edgeID":"1704","fromID":"545","toID":"1815","formEdgeID":null},{"edgeID":"1705","fromID":"1813","toID":"1815","formEdgeID":null},{"edgeID":"1706","fromID":"1814","toID":"1815","formEdgeID":null},{"edgeID":"1707","fromID":"1815","toID":"544","formEdgeID":null}]}