{"nodes":[{"nodeID":"291","text":"the mystery surrounding the death of Harold Holt is largely in the minds of those who dwell on such things.","type":"I","timestamp":"2012-04-12 18:18:28"},{"nodeID":"292","text":"What is known for certain is that Mr Holt 59 entered the water voluntarily after declaring to  know this beach like the back of my hand . It was likely this bravado combined with lack of fitness and a boiling surf claimed his life. That and his own belief in the image he had cultivated.","type":"I","timestamp":"2012-04-12 18:18:28"},{"nodeID":"293","text":"If there is a mystery surrounding his death and it was likely that his life was claimed by bravado a lack of fitness a boiling surf and his own belief in the image he had cultivated then the mystery surrounding the death of Harold Holt is largely in the minds of those who dwell on such things.","type":"I","timestamp":"2012-04-12 18:18:28"},{"nodeID":"294","text":"There is a mystery surrounding the death of Harold Holt","type":"I","timestamp":"2012-04-12 18:18:28"},{"nodeID":"295","text":"RA","type":"RA","timestamp":"2012-04-12 18:18:29"}],"edges":[{"edgeID":"281","fromID":"292","toID":"295","formEdgeID":null},{"edgeID":"282","fromID":"293","toID":"295","formEdgeID":null},{"edgeID":"283","fromID":"294","toID":"295","formEdgeID":null},{"edgeID":"284","fromID":"295","toID":"291","formEdgeID":null}]}