{"nodes":[{"nodeID":"2191","text":"we should  not in this case either.","type":"I","timestamp":"2012-04-12 18:25:00"},{"nodeID":"2192","text":"In  other industries we do not permit the  imposition of foreign price controls on  American businesses","type":"I","timestamp":"2012-04-12 18:25:00"},{"nodeID":"2193","text":"In-stead  this bill will only serve to under-cut  important safety protections and  place foreign price controls on Amer-ican  businesses.","type":"I","timestamp":"2012-04-12 18:25:00"},{"nodeID":"2194","text":"RA","type":"RA","timestamp":"2012-04-12 18:25:00"}],"edges":[{"edgeID":"2121","fromID":"2192","toID":"2194","formEdgeID":null},{"edgeID":"2122","fromID":"2193","toID":"2194","formEdgeID":null},{"edgeID":"2123","fromID":"2194","toID":"2191","formEdgeID":null}]}