{"nodes":[{"nodeID":"3135","text":"The June 30th transfer of sovereignty is an essential commitment of our strategy","type":"I","timestamp":"2012-04-12 18:28:10"},{"nodeID":"3136","text":"Iraqis are proud people who resent foreign control of their affairs just as we would","type":"I","timestamp":"2012-04-12 18:28:10"},{"nodeID":"3137","text":"After decades under the tyrant they are also reluctant to trust authority.","type":"I","timestamp":"2012-04-12 18:28:10"},{"nodeID":"3138","text":"Iraqis will know that when they build a school or repair a bridge they're not working for the Coalition Provisional Authority they are working for themselves.","type":"I","timestamp":"2012-04-12 18:28:10"},{"nodeID":"3139","text":"And when they patrol the streets of Baghdad or engage radical militias they will be fighting for their own country.","type":"I","timestamp":"2012-04-12 18:28:10"},{"nodeID":"3140","text":"By keeping our promise on June 30th the coalition will demonstrate that we have no interest in occupation.","type":"I","timestamp":"2012-04-12 18:28:10"},{"nodeID":"3141","text":"Iraquis do not trust Americans","type":"I","timestamp":"2012-04-12 18:28:10"},{"nodeID":"3142","text":"By keeping our promise it is likely that Iraquis will trust us","type":"I","timestamp":"2012-04-12 18:28:10"},{"nodeID":"3143","text":"And full sovereignty will give Iraqis a direct interest in the success of their own government.","type":"I","timestamp":"2012-04-12 18:28:10"},{"nodeID":"3144","text":"Iraquis' direct interest in their own government will have positive consequences for Iraq and the fight against terrorism","type":"I","timestamp":"2012-04-12 18:28:10"},{"nodeID":"3145","text":"RA","type":"RA","timestamp":"2012-04-12 18:28:11","scheme":"CauseToEffect"},{"nodeID":"3146","text":"RA","type":"RA","timestamp":"2012-04-12 18:28:11","scheme":"CauseToEffect"},{"nodeID":"3147","text":"RA","type":"RA","timestamp":"2012-04-12 18:28:11","scheme":"Example"},{"nodeID":"3148","text":"RA","type":"RA","timestamp":"2012-04-12 18:28:11","scheme":"Example"},{"nodeID":"3149","text":"RA","type":"RA","timestamp":"2012-04-12 18:28:12"},{"nodeID":"3150","text":"RA","type":"RA","timestamp":"2012-04-12 18:28:12"}],"edges":[{"edgeID":"3010","fromID":"3136","toID":"3145","formEdgeID":null},{"edgeID":"3011","fromID":"3145","toID":"3141","formEdgeID":null},{"edgeID":"3012","fromID":"3137","toID":"3146","formEdgeID":null},{"edgeID":"3013","fromID":"3146","toID":"3141","formEdgeID":null},{"edgeID":"3014","fromID":"3138","toID":"3147","formEdgeID":null},{"edgeID":"3015","fromID":"3147","toID":"3144","formEdgeID":null},{"edgeID":"3016","fromID":"3139","toID":"3148","formEdgeID":null},{"edgeID":"3017","fromID":"3148","toID":"3144","formEdgeID":null},{"edgeID":"3018","fromID":"3140","toID":"3149","formEdgeID":null},{"edgeID":"3019","fromID":"3141","toID":"3149","formEdgeID":null},{"edgeID":"3020","fromID":"3142","toID":"3149","formEdgeID":null},{"edgeID":"3021","fromID":"3149","toID":"3135","formEdgeID":null},{"edgeID":"3022","fromID":"3143","toID":"3150","formEdgeID":null},{"edgeID":"3023","fromID":"3144","toID":"3150","formEdgeID":null},{"edgeID":"3024","fromID":"3150","toID":"3135","formEdgeID":null}]}