{"nodes":[{"nodeID":"2768","text":"You should vote for me","type":"I","timestamp":"2012-04-12 18:26:59"},{"nodeID":"2924","text":"We'll offer America's workers a lifetime of learning and help them get training for jobs of the future at places like our community colleges. The education and training they offered can bridge -- can be the bridge between people's lives as they are and people's lives as they want them to be.","type":"I","timestamp":"2012-04-12 18:27:29"},{"nodeID":"2925","text":"Today I met Kristin Heydt. She's from Springfield as well. She used to be a bank teller. With the tax relief she and her family had as a result of the tax cuts she went back to school.","type":"I","timestamp":"2012-04-12 18:27:29"},{"nodeID":"2926","text":"Tax relief helps people to improve their education","type":"I","timestamp":"2012-04-12 18:27:29"},{"nodeID":"2927","text":"She's now a nurse. She completed a program. She now makes three times the amount of money she made before because of education.","type":"I","timestamp":"2012-04-12 18:27:29"},{"nodeID":"2928","text":"RA","type":"RA","timestamp":"2012-04-12 18:27:29"},{"nodeID":"2929","text":"RA","type":"RA","timestamp":"2012-04-12 18:27:29","scheme":"Example"},{"nodeID":"2930","text":"RA","type":"RA","timestamp":"2012-04-12 18:27:30","scheme":"Example"}],"edges":[{"edgeID":"2808","fromID":"2924","toID":"2928","formEdgeID":null},{"edgeID":"2809","fromID":"2928","toID":"2768","formEdgeID":null},{"edgeID":"2810","fromID":"2925","toID":"2929","formEdgeID":null},{"edgeID":"2811","fromID":"2929","toID":"2926","formEdgeID":null},{"edgeID":"2812","fromID":"2926","toID":"2930","formEdgeID":null},{"edgeID":"2813","fromID":"2927","toID":"2930","formEdgeID":null},{"edgeID":"2814","fromID":"2930","toID":"2924","formEdgeID":null}]}