{"nodes":[{"nodeID":"4993","text":"Bush cannot deal properly with important issues","type":"I","timestamp":"2012-04-12 18:34:21"},{"nodeID":"4994","text":"The best means to deal with Iraq is to cooperate with and control them","type":"I","timestamp":"2012-04-12 18:34:21"},{"nodeID":"4995","text":"I think the United States should have offered the opportunity to provide the nuclear fuel test them see whether or not they were actually looking for it for peaceful purposes. If they weren't willing to work a deal then we could have put sanctions together.","type":"I","timestamp":"2012-04-12 18:34:21"},{"nodeID":"4996","text":"The president did nothing.","type":"I","timestamp":"2012-04-12 18:34:22"},{"nodeID":"4997","text":"RA","type":"RA","timestamp":"2012-04-12 18:34:22","scheme":"PracticalReasoning"},{"nodeID":"4998","text":"RA","type":"RA","timestamp":"2012-04-12 18:34:22","scheme":"PracticalReasoning"}],"edges":[{"edgeID":"4686","fromID":"4994","toID":"4997","formEdgeID":null},{"edgeID":"4687","fromID":"4997","toID":"4995","formEdgeID":null},{"edgeID":"4688","fromID":"4995","toID":"4998","formEdgeID":null},{"edgeID":"4689","fromID":"4996","toID":"4998","formEdgeID":null},{"edgeID":"4690","fromID":"4998","toID":"4993","formEdgeID":null}]}