{"nodes":[{"nodeID":"519","text":"It is making good money and the oil whether drilled from the field or processed in a refinery is still a strategic commodity for the country.","type":"I","timestamp":"2012-04-12 18:19:11"},{"nodeID":"1706","text":"The question arises why we should be disinvesting in a company like the ONGC","type":"I","timestamp":"2012-04-12 18:23:08"},{"nodeID":"1707","text":"RA","type":"RA","timestamp":"2012-04-12 18:23:08"}],"edges":[{"edgeID":"1590","fromID":"519","toID":"1707","formEdgeID":null},{"edgeID":"1591","fromID":"1707","toID":"1706","formEdgeID":null}]}