{"nodes":[{"nodeID":"327","text":"she shouldn't do it.","type":"I","timestamp":"2012-04-12 18:18:35"},{"nodeID":"330","text":"8.5 months of pregnacy for some women can be a high cost","type":"I","timestamp":"2012-04-12 18:18:35"},{"nodeID":"1590","text":"it would be a waste if she aborts this child at 8.5 months.","type":"I","timestamp":"2012-04-12 18:22:45"},{"nodeID":"1591","text":"RA","type":"RA","timestamp":"2012-04-12 18:22:45"}],"edges":[{"edgeID":"1478","fromID":"330","toID":"1591","formEdgeID":null},{"edgeID":"1479","fromID":"1590","toID":"1591","formEdgeID":null},{"edgeID":"1480","fromID":"1591","toID":"327","formEdgeID":null}]}