{"nodes":[{"nodeID":"282","text":"the survey was not reliable","type":"I","timestamp":"2012-04-12 18:18:27"},{"nodeID":"283","text":"it was based on participants filling out a diary for a fortnight","type":"I","timestamp":"2012-04-12 18:18:27"},{"nodeID":"284","text":"People with gambling problems simply don't record their gambling expenditure","type":"I","timestamp":"2012-04-12 18:18:27"},{"nodeID":"285","text":"If the survey was based on participants filling out a diary for a fortnight and people with gambling problems do not record their gambling expenditures the survey is not reliable.","type":"I","timestamp":"2012-04-12 18:18:27"},{"nodeID":"286","text":"RA","type":"RA","timestamp":"2012-04-12 18:18:27"}],"edges":[{"edgeID":"274","fromID":"283","toID":"286","formEdgeID":null},{"edgeID":"275","fromID":"284","toID":"286","formEdgeID":null},{"edgeID":"276","fromID":"285","toID":"286","formEdgeID":null},{"edgeID":"277","fromID":"286","toID":"282","formEdgeID":null}]}