{"nodes":[{"nodeID":"2579","text":"the very nature of the case this cause of the origin of the universe must be a personal being--- indeed an omniscient being","type":"I","timestamp":"2012-04-12 18:26:21"},{"nodeID":"2580","text":"How can you get a temporal effect that begins to exist from an eternal cause? If the cause is eternal why isn't the effect also eterna","type":"I","timestamp":"2012-04-12 18:26:21"},{"nodeID":"2581","text":"the cause is a personal agent endowed with free will who can eternally and freely will to create an effect in time.","type":"I","timestamp":"2012-04-12 18:26:21"},{"nodeID":"2582","text":"RA","type":"RA","timestamp":"2012-04-12 18:26:21"}],"edges":[{"edgeID":"2486","fromID":"2580","toID":"2582","formEdgeID":null},{"edgeID":"2487","fromID":"2581","toID":"2582","formEdgeID":null},{"edgeID":"2488","fromID":"2582","toID":"2579","formEdgeID":null}]}