{"nodes":[{"nodeID":"2143","text":"The notion that there is a media vendetta to prove that black people are inherently corrupt is fallacious","type":"I","timestamp":"2012-04-12 18:24:49"},{"nodeID":"2144","text":"And it is also demographically logical that when wrongdoing takes place in the ranks of government the probabilities are that it will be the black people running the show who will be fingered.","type":"I","timestamp":"2012-04-12 18:24:49"},{"nodeID":"2145","text":"The notion of media vendetta is contrary to the notion of media objectivity","type":"I","timestamp":"2012-04-12 18:24:49"},{"nodeID":"2146","text":"The simple fact is that this country is run by a black government and the upper rungs of public service are mainly peopled by blacks.","type":"I","timestamp":"2012-04-12 18:24:50"},{"nodeID":"2147","text":"And another truth beyond doubt is that the same government runs one of the more competent and forward-looking administrations on the planet.     It is therefore demographically logical that its successes are directly attributable to black people at the helm","type":"I","timestamp":"2012-04-12 18:24:50"},{"nodeID":"2148","text":"RA","type":"RA","timestamp":"2012-04-12 18:24:50"},{"nodeID":"2149","text":"RA","type":"RA","timestamp":"2012-04-12 18:24:50","scheme":"CauseToEffect"}],"edges":[{"edgeID":"2075","fromID":"2144","toID":"2148","formEdgeID":null},{"edgeID":"2076","fromID":"2145","toID":"2148","formEdgeID":null},{"edgeID":"2077","fromID":"2148","toID":"2143","formEdgeID":null},{"edgeID":"2078","fromID":"2146","toID":"2149","formEdgeID":null},{"edgeID":"2079","fromID":"2147","toID":"2149","formEdgeID":null},{"edgeID":"2080","fromID":"2149","toID":"2144","formEdgeID":null}]}