{"nodes":[{"nodeID":"3621","text":"Does she agree that the law should be made clearer and codified as recommended by the Equal Opportunities Commission?","type":"I","timestamp":"2012-04-12 18:29:45"},{"nodeID":"3622","text":"Has she heard of the case of the Cardiff manager who was advised by her boss to have an abortion or face the sack?","type":"I","timestamp":"2012-04-12 18:29:45"},{"nodeID":"3623","text":"Does my right hon. Friend agree that pregnancy discrimination is still widespread?","type":"I","timestamp":"2012-04-12 18:29:45"},{"nodeID":"3624","text":"We cannot accept pregnancy discrimination","type":"I","timestamp":"2012-04-12 18:29:45"},{"nodeID":"3625","text":"The best means to avoid the pregnancy discrimination is to make the law clearer and codified","type":"I","timestamp":"2012-04-12 18:29:46"},{"nodeID":"3626","text":"RA","type":"RA","timestamp":"2012-04-12 18:29:46","scheme":"Example"},{"nodeID":"3627","text":"RA","type":"RA","timestamp":"2012-04-12 18:29:46","scheme":"PracticalReasoning"}],"edges":[{"edgeID":"3433","fromID":"3622","toID":"3626","formEdgeID":null},{"edgeID":"3434","fromID":"3626","toID":"3623","formEdgeID":null},{"edgeID":"3435","fromID":"3623","toID":"3627","formEdgeID":null},{"edgeID":"3436","fromID":"3624","toID":"3627","formEdgeID":null},{"edgeID":"3437","fromID":"3625","toID":"3627","formEdgeID":null},{"edgeID":"3438","fromID":"3627","toID":"3621","formEdgeID":null}]}