{"nodes":[{"nodeID":"2077","text":"What is the Department doing to research that and to find out what the direct link is and what joint work is being done by his Department and the Department of Health to ensure that people are protected?","type":"I","timestamp":"2012-04-12 18:24:33"},{"nodeID":"2078","text":"within a radius of 2 km from a hazardous waste site recorded birth defects are 7 per cent. higher than in the rest of the population.","type":"I","timestamp":"2012-04-12 18:24:33"},{"nodeID":"2079","text":"The hazardous waste site is likely to cause bird defects","type":"I","timestamp":"2012-04-12 18:24:33"},{"nodeID":"2080","text":"I have some personal interest in that question as I live within 1 km of such a site","type":"I","timestamp":"2012-04-12 18:24:33"},{"nodeID":"2081","text":"If we want to solve this problem we have to doing research on it","type":"I","timestamp":"2012-04-12 18:24:33"},{"nodeID":"2082","text":"RA","type":"RA","timestamp":"2012-04-12 18:24:33","scheme":"CorrelationToCause"},{"nodeID":"2083","text":"RA","type":"RA","timestamp":"2012-04-12 18:24:34","scheme":"PracticalReasoning"}],"edges":[{"edgeID":"1997","fromID":"2078","toID":"2082","formEdgeID":null},{"edgeID":"1998","fromID":"2082","toID":"2079","formEdgeID":null},{"edgeID":"1999","fromID":"2079","toID":"2083","formEdgeID":null},{"edgeID":"2000","fromID":"2080","toID":"2083","formEdgeID":null},{"edgeID":"2001","fromID":"2081","toID":"2083","formEdgeID":null},{"edgeID":"2002","fromID":"2083","toID":"2077","formEdgeID":null}]}