{"nodes":[{"nodeID":"3566","text":"The hon. Gentleman's argument should not be considered","type":"I","timestamp":"2012-04-12 18:29:34"},{"nodeID":"3567","text":"The hon Gentleman is not a person that is interested in the security of his homeland","type":"I","timestamp":"2012-04-12 18:29:34"},{"nodeID":"3568","text":"The hon Gentleman is playing into the hands of the terrorists","type":"I","timestamp":"2012-04-12 18:29:34"},{"nodeID":"3569","text":"Playing into the hands of terrorists carping and criticizing is a bad action","type":"I","timestamp":"2012-04-12 18:29:34"},{"nodeID":"3570","text":"Is he on the side of creating a democratic Iraq in which its people can take control of their lives for the very first time for at least a generation or does he want to carp and criticise playing into the hands of the terrorists who are seeking to undermine our forces there?","type":"I","timestamp":"2012-04-12 18:29:34"},{"nodeID":"3571","text":"The hon Gentleman does not support the war","type":"I","timestamp":"2012-04-12 18:29:34"},{"nodeID":"3572","text":"The hon. Gentleman rightly raised it but I question the tone in which he did so.","type":"I","timestamp":"2012-04-12 18:29:34"},{"nodeID":"3573","text":"The best explanation of the hon. Gentleman's tone is that he does not support the war","type":"I","timestamp":"2012-04-12 18:29:34"},{"nodeID":"3574","text":"RA","type":"RA","timestamp":"2012-04-12 18:29:34"},{"nodeID":"3575","text":"RA","type":"RA","timestamp":"2012-04-12 18:29:35","scheme":"Example"},{"nodeID":"3576","text":"RA","type":"RA","timestamp":"2012-04-12 18:29:35","scheme":"VerbalClassification"},{"nodeID":"3577","text":"RA","type":"RA","timestamp":"2012-04-12 18:29:35"}],"edges":[{"edgeID":"3383","fromID":"3567","toID":"3574","formEdgeID":null},{"edgeID":"3384","fromID":"3574","toID":"3566","formEdgeID":null},{"edgeID":"3385","fromID":"3568","toID":"3575","formEdgeID":null},{"edgeID":"3386","fromID":"3569","toID":"3575","formEdgeID":null},{"edgeID":"3387","fromID":"3575","toID":"3567","formEdgeID":null},{"edgeID":"3388","fromID":"3570","toID":"3576","formEdgeID":null},{"edgeID":"3389","fromID":"3571","toID":"3576","formEdgeID":null},{"edgeID":"3390","fromID":"3576","toID":"3568","formEdgeID":null},{"edgeID":"3391","fromID":"3572","toID":"3577","formEdgeID":null},{"edgeID":"3392","fromID":"3573","toID":"3577","formEdgeID":null},{"edgeID":"3393","fromID":"3577","toID":"3571","formEdgeID":null}]}