{"nodes":[{"nodeID":"4128","text":"Richard Dawkins calls the process of creation by mutation and selection  the blind watchmaker  by which label he means that a purposeless materialistic designing force substitutes for the  watchmaker  deity of natural theology","type":"I","timestamp":"2012-04-12 18:31:29"},{"nodeID":"4129","text":"a moth population in which the percentage of dark moths increased during a period when the birds were better able to see light moths against the smoke-darkened background trees","type":"I","timestamp":"2012-04-12 18:31:29"},{"nodeID":"4130","text":"This may be taken to show that natural selection can do something but not that it can create anything that was not already in existence.","type":"I","timestamp":"2012-04-12 18:31:29"},{"nodeID":"4131","text":"If nature could not create anything a creator is needed to explain the creation","type":"I","timestamp":"2012-04-12 18:31:29"},{"nodeID":"4132","text":"Creation presupposes a creator","type":"I","timestamp":"2012-04-12 18:31:29"},{"nodeID":"4133","text":"nature had to do its own creating","type":"I","timestamp":"2012-04-12 18:31:29"},{"nodeID":"4134","text":"There was a creation","type":"I","timestamp":"2012-04-12 18:31:30"},{"nodeID":"4135","text":"There can be argument about the details but if God was not in the picture something very much like Darwinism simply has to be true regardless of the evidence.","type":"I","timestamp":"2012-04-12 18:31:30"},{"nodeID":"4136","text":"Either the creation is admitter or the Darwinism is accepted","type":"I","timestamp":"2012-04-12 18:31:30"},{"nodeID":"4137","text":"The Darwinism cannot explain everything","type":"I","timestamp":"2012-04-12 18:31:30"},{"nodeID":"4138","text":"RA","type":"RA","timestamp":"2012-04-12 18:31:30","scheme":"Example"},{"nodeID":"4139","text":"RA","type":"RA","timestamp":"2012-04-12 18:31:30"},{"nodeID":"4140","text":"RA","type":"RA","timestamp":"2012-04-12 18:31:30","scheme":"VerbalClassification"},{"nodeID":"4141","text":"RA","type":"RA","timestamp":"2012-04-12 18:31:31"}],"edges":[{"edgeID":"3890","fromID":"4129","toID":"4138","formEdgeID":null},{"edgeID":"3891","fromID":"4138","toID":"4130","formEdgeID":null},{"edgeID":"3892","fromID":"4130","toID":"4139","formEdgeID":null},{"edgeID":"3893","fromID":"4131","toID":"4139","formEdgeID":null},{"edgeID":"3894","fromID":"4139","toID":"4128","formEdgeID":null},{"edgeID":"3895","fromID":"4132","toID":"4140","formEdgeID":null},{"edgeID":"3896","fromID":"4133","toID":"4140","formEdgeID":null},{"edgeID":"3897","fromID":"4134","toID":"4140","formEdgeID":null},{"edgeID":"3898","fromID":"4140","toID":"4130","formEdgeID":null},{"edgeID":"3899","fromID":"4135","toID":"4141","formEdgeID":null},{"edgeID":"3900","fromID":"4136","toID":"4141","formEdgeID":null},{"edgeID":"3901","fromID":"4137","toID":"4141","formEdgeID":null},{"edgeID":"3902","fromID":"4141","toID":"4128","formEdgeID":null}]}