{"nodes":[{"nodeID":"995","text":"What I have heard my Republican colleagues on the other side of the aisle say is that they need more time to look at this.","type":"I","timestamp":"2012-04-12 18:20:41"},{"nodeID":"1001","text":"We have been at this now for well over I think 2 weeks","type":"I","timestamp":"2012-04-12 18:20:41"},{"nodeID":"2195","text":"Probably they are trying to delay the case","type":"I","timestamp":"2012-04-12 18:25:01"},{"nodeID":"2196","text":"The time the Republicans are asking is much more than needed","type":"I","timestamp":"2012-04-12 18:25:01"},{"nodeID":"2197","text":"If a person is trying to delay a case he asks more time than needed","type":"I","timestamp":"2012-04-12 18:25:01"},{"nodeID":"2198","text":"The time we had was more than needed","type":"I","timestamp":"2012-04-12 18:25:01"},{"nodeID":"2199","text":"It is needed at most one week to read the case","type":"I","timestamp":"2012-04-12 18:25:01"},{"nodeID":"2200","text":"If one week is enough to read the case two weeks are more than enough","type":"I","timestamp":"2012-04-12 18:25:01"},{"nodeID":"2201","text":"one page a day certainly can be read","type":"I","timestamp":"2012-04-12 18:25:01"},{"nodeID":"2202","text":"It is seven pages long","type":"I","timestamp":"2012-04-12 18:25:01"},{"nodeID":"2203","text":"If I can read a page a day and the case is 7 pages long I can read the case in one week","type":"I","timestamp":"2012-04-12 18:25:01"},{"nodeID":"2204","text":"RA","type":"RA","timestamp":"2012-04-12 18:25:01"},{"nodeID":"2205","text":"RA","type":"RA","timestamp":"2012-04-12 18:25:02"},{"nodeID":"2206","text":"RA","type":"RA","timestamp":"2012-04-12 18:25:02","scheme":"Analogy"},{"nodeID":"2207","text":"RA","type":"RA","timestamp":"2012-04-12 18:25:02","scheme":"CauseToEffect"}],"edges":[{"edgeID":"2124","fromID":"2196","toID":"2204","formEdgeID":null},{"edgeID":"2125","fromID":"2197","toID":"2204","formEdgeID":null},{"edgeID":"2126","fromID":"2204","toID":"2195","formEdgeID":null},{"edgeID":"2127","fromID":"2198","toID":"2205","formEdgeID":null},{"edgeID":"2128","fromID":"995","toID":"2205","formEdgeID":null},{"edgeID":"2129","fromID":"2205","toID":"2196","formEdgeID":null},{"edgeID":"2130","fromID":"1001","toID":"2206","formEdgeID":null},{"edgeID":"2131","fromID":"2199","toID":"2206","formEdgeID":null},{"edgeID":"2132","fromID":"2200","toID":"2206","formEdgeID":null},{"edgeID":"2133","fromID":"2206","toID":"2198","formEdgeID":null},{"edgeID":"2134","fromID":"2201","toID":"2207","formEdgeID":null},{"edgeID":"2135","fromID":"2202","toID":"2207","formEdgeID":null},{"edgeID":"2136","fromID":"2203","toID":"2207","formEdgeID":null},{"edgeID":"2137","fromID":"2207","toID":"2199","formEdgeID":null}]}