{"nodes":[{"nodeID":"3281","text":"The nationalization is not acceptable","type":"I","timestamp":"2012-04-12 18:28:38"},{"nodeID":"3282","text":"it can be maintained that the nationalization of a concern or even of a whole industrial branch is not a socialistic measure","type":"I","timestamp":"2012-04-12 18:28:38"},{"nodeID":"3283","text":"The nationalization of a concern leads to nationalizations of industrial branches then to the nationalization of the industry then to the socialization of the whole economy","type":"I","timestamp":"2012-04-12 18:28:38"},{"nodeID":"3284","text":"The socialization of the economy is not acceptable","type":"I","timestamp":"2012-04-12 18:28:38"},{"nodeID":"3285","text":"CA","type":"CA","timestamp":"2012-04-12 18:28:38"},{"nodeID":"3286","text":"RA","type":"RA","timestamp":"2012-04-12 18:28:39"}],"edges":[{"edgeID":"3141","fromID":"3282","toID":"3285","formEdgeID":null},{"edgeID":"3142","fromID":"3285","toID":"3283","formEdgeID":null},{"edgeID":"3143","fromID":"3283","toID":"3286","formEdgeID":null},{"edgeID":"3144","fromID":"3284","toID":"3286","formEdgeID":null},{"edgeID":"3145","fromID":"3286","toID":"3281","formEdgeID":null}]}