{"nodes":[{"nodeID":"2755","text":"We will transform these systems so that all citizens are equipped prepared   and thus truly free   to make your own choices and pursue your own dreams.","type":"I","timestamp":"2012-04-12 18:26:57"},{"nodeID":"2756","text":"The workers of our parents' generation typically had one job one skill one career   often with one company that provided health care and a pension. And most of those workers were men","type":"I","timestamp":"2012-04-12 18:26:57"},{"nodeID":"2757","text":"Today workers change jobs even careers many times during their lives and in one of the most dramatic shifts our society has seen two-thirds of all moms also work outside the home","type":"I","timestamp":"2012-04-12 18:26:57"},{"nodeID":"2758","text":"The system is not good for the world of today","type":"I","timestamp":"2012-04-12 18:26:57"},{"nodeID":"2759","text":"And government must take your side","type":"I","timestamp":"2012-04-12 18:26:57"},{"nodeID":"2760","text":"The best means to have a system fitting the economic situation of today is to change it","type":"I","timestamp":"2012-04-12 18:26:57"},{"nodeID":"2761","text":"The times in which we live and work are changing dramatically.","type":"I","timestamp":"2012-04-12 18:26:57"},{"nodeID":"2762","text":"Many of our most fundamental systems   the tax code health coverage pension plans worker training   were created for the world of yesterday not tomorrow.","type":"I","timestamp":"2012-04-12 18:26:57"},{"nodeID":"2763","text":"If something is made for the world of yesterday and not tomorrow it does not fit to the world of today","type":"I","timestamp":"2012-04-12 18:26:57"},{"nodeID":"2764","text":"RA","type":"RA","timestamp":"2012-04-12 18:26:57","scheme":"Example"},{"nodeID":"2765","text":"RA","type":"RA","timestamp":"2012-04-12 18:26:57","scheme":"Example"},{"nodeID":"2766","text":"RA","type":"RA","timestamp":"2012-04-12 18:26:58","scheme":"PracticalReasoning"},{"nodeID":"2767","text":"RA","type":"RA","timestamp":"2012-04-12 18:26:58","scheme":"Analogy"}],"edges":[{"edgeID":"2652","fromID":"2756","toID":"2764","formEdgeID":null},{"edgeID":"2653","fromID":"2764","toID":"2761","formEdgeID":null},{"edgeID":"2654","fromID":"2757","toID":"2765","formEdgeID":null},{"edgeID":"2655","fromID":"2765","toID":"2761","formEdgeID":null},{"edgeID":"2656","fromID":"2758","toID":"2766","formEdgeID":null},{"edgeID":"2657","fromID":"2759","toID":"2766","formEdgeID":null},{"edgeID":"2658","fromID":"2760","toID":"2766","formEdgeID":null},{"edgeID":"2659","fromID":"2766","toID":"2755","formEdgeID":null},{"edgeID":"2660","fromID":"2761","toID":"2767","formEdgeID":null},{"edgeID":"2661","fromID":"2762","toID":"2767","formEdgeID":null},{"edgeID":"2662","fromID":"2763","toID":"2767","formEdgeID":null},{"edgeID":"2663","fromID":"2767","toID":"2758","formEdgeID":null}]}