{"nodes":[{"nodeID":"4827","text":"This was cut short not by Islam but by politics","type":"I","timestamp":"2012-04-12 18:33:47"},{"nodeID":"4828","text":"Politics caused democracy to be cut short","type":"I","timestamp":"2012-04-12 18:33:47"},{"nodeID":"4829","text":"Islam or politics are responsible for democracy to disappear","type":"I","timestamp":"2012-04-12 18:33:47"},{"nodeID":"4830","text":"Democracy in the Middle East said Moussa began to develop in Egypt in the middle of the 19th century and by the 1940s there were lively parliamentary systems in many Muslim countries including Egypt Syria Lebanon and Iraq","type":"I","timestamp":"2012-04-12 18:33:47"},{"nodeID":"4831","text":"After World War II  the competition between incoming and outgoing empires played havoc in the Arab countries.  Military regimes came to power then often inspired and supported by the Soviet Union.","type":"I","timestamp":"2012-04-12 18:33:47"},{"nodeID":"4832","text":"RA","type":"RA","timestamp":"2012-04-12 18:33:47"},{"nodeID":"4833","text":"RA","type":"RA","timestamp":"2012-04-12 18:33:47","scheme":"CauseToEffect"}],"edges":[{"edgeID":"4529","fromID":"4828","toID":"4832","formEdgeID":null},{"edgeID":"4530","fromID":"4829","toID":"4832","formEdgeID":null},{"edgeID":"4531","fromID":"4832","toID":"4827","formEdgeID":null},{"edgeID":"4532","fromID":"4830","toID":"4833","formEdgeID":null},{"edgeID":"4533","fromID":"4831","toID":"4833","formEdgeID":null},{"edgeID":"4534","fromID":"4833","toID":"4828","formEdgeID":null}]}