{"nodes":[{"nodeID":"931","text":"The Minister ought to ask the Department for Work and Pensions to carry out its review urgently ensure that it covers issues such as competitive practices and consistency of cover and ensure that firms are given proper notice when the insurance basis is to be changed.","type":"I","timestamp":"2012-04-12 18:20:29"},{"nodeID":"932","text":"Axa Insurance has today announced that 210000 small firms are operating without employer's liability and therefore illegally","type":"I","timestamp":"2012-04-12 18:20:29"},{"nodeID":"933","text":"Axa Insurance is a reliable source","type":"I","timestamp":"2012-04-12 18:20:29"},{"nodeID":"934","text":"If reliable sources have announced that 210000 small firms are operating without employer's liability and therefore illegally the relevant Minister ought to ask the Department for Work and Pensions to carry out a review of related issues such as competitive practies and consistency of cover urgently.","type":"I","timestamp":"2012-04-12 18:20:29"},{"nodeID":"935","text":"RA","type":"RA","timestamp":"2012-04-12 18:20:29"}],"edges":[{"edgeID":"841","fromID":"932","toID":"935","formEdgeID":null},{"edgeID":"842","fromID":"933","toID":"935","formEdgeID":null},{"edgeID":"843","fromID":"934","toID":"935","formEdgeID":null},{"edgeID":"844","fromID":"935","toID":"931","formEdgeID":null}]}