{"nodes":[{"nodeID":"528","text":"This can't be called a National Democratic Alliance government","type":"I","timestamp":"2012-04-12 18:19:13"},{"nodeID":"529","text":"And they still call this a National Democratic Alliance government?","type":"I","timestamp":"2012-04-12 18:19:13"},{"nodeID":"530","text":"Consider the Vajpayee government today. A BJP prime minister a BJP deputy prime minister in charge of home a BJP minister of finance external affairs HRD information and broadcasting health commerce and industries petroleum rural development civil aviation surface transport law. Now add agriculture.","type":"I","timestamp":"2012-04-12 18:19:13"},{"nodeID":"531","text":"If there is a BJP prime minister a BJP deputy prime minister a BJP minister in charge of home and BJP ministers of finance external affairs HRD information and broadcasting health commerce and industries petroleum rural development civil aviation surface transport law and agricuture - then the government cannot be called a National Democratic Alliance","type":"I","timestamp":"2012-04-12 18:19:13"},{"nodeID":"532","text":"CA","type":"CA","timestamp":"2012-04-12 18:19:13"},{"nodeID":"533","text":"RA","type":"RA","timestamp":"2012-04-12 18:19:13"}],"edges":[{"edgeID":"485","fromID":"529","toID":"532","formEdgeID":null},{"edgeID":"486","fromID":"532","toID":"528","formEdgeID":null},{"edgeID":"487","fromID":"530","toID":"533","formEdgeID":null},{"edgeID":"488","fromID":"531","toID":"533","formEdgeID":null},{"edgeID":"489","fromID":"533","toID":"528","formEdgeID":null}]}