{"nodes":[{"nodeID":"724","text":"that would certainly be cheaper than incarceration","type":"I","timestamp":"2012-04-12 18:19:50"},{"nodeID":"1981","text":"You should seriously consider the corporal punishment","type":"I","timestamp":"2012-04-12 18:24:08"},{"nodeID":"1982","text":"I think that some people would be more cowed by taking thirty lashes than sitting in a prison for ten years","type":"I","timestamp":"2012-04-12 18:24:08"},{"nodeID":"1983","text":"The goal of prison is to cow the criminals","type":"I","timestamp":"2012-04-12 18:24:08"},{"nodeID":"1984","text":"The goal is to reduce costs","type":"I","timestamp":"2012-04-12 18:24:09"},{"nodeID":"1985","text":"RA","type":"RA","timestamp":"2012-04-12 18:24:09"},{"nodeID":"1986","text":"RA","type":"RA","timestamp":"2012-04-12 18:24:09"}],"edges":[{"edgeID":"1876","fromID":"1982","toID":"1985","formEdgeID":null},{"edgeID":"1877","fromID":"1983","toID":"1985","formEdgeID":null},{"edgeID":"1878","fromID":"1985","toID":"1981","formEdgeID":null},{"edgeID":"1879","fromID":"724","toID":"1986","formEdgeID":null},{"edgeID":"1880","fromID":"1984","toID":"1986","formEdgeID":null},{"edgeID":"1881","fromID":"1986","toID":"1981","formEdgeID":null}]}