{"nodes":[{"nodeID":"3132","text":"The rise of a free and self-governing Iraq will deny terrorists a base of operation discredit their narrow ideology and give momentum to reformers across the region.","type":"I","timestamp":"2012-04-12 18:28:09"},{"nodeID":"3444","text":"America should rise a free and self-governing Iraq","type":"I","timestamp":"2012-04-12 18:29:08"},{"nodeID":"3445","text":"This will be a decisive blow to terrorism at the heart of its power and a victory for the security of America and the civilized world","type":"I","timestamp":"2012-04-12 18:29:08"},{"nodeID":"3446","text":"The blow to terrorism and the victory for the security of America are good consequences of the free and self-governing Iraq","type":"I","timestamp":"2012-04-12 18:29:08"},{"nodeID":"3447","text":"American goal is to achieve the security and destroy terrorism","type":"I","timestamp":"2012-04-12 18:29:08"},{"nodeID":"3448","text":"If I deny terrorists a base of operation terrosim will be seriously reduced","type":"I","timestamp":"2012-04-12 18:29:09"},{"nodeID":"3449","text":"RA","type":"RA","timestamp":"2012-04-12 18:29:09"},{"nodeID":"3450","text":"RA","type":"RA","timestamp":"2012-04-12 18:29:09","scheme":"CauseToEffect"}],"edges":[{"edgeID":"3270","fromID":"3445","toID":"3449","formEdgeID":null},{"edgeID":"3271","fromID":"3446","toID":"3449","formEdgeID":null},{"edgeID":"3272","fromID":"3447","toID":"3449","formEdgeID":null},{"edgeID":"3273","fromID":"3449","toID":"3444","formEdgeID":null},{"edgeID":"3274","fromID":"3132","toID":"3450","formEdgeID":null},{"edgeID":"3275","fromID":"3448","toID":"3450","formEdgeID":null},{"edgeID":"3276","fromID":"3450","toID":"3445","formEdgeID":null}]}