{"nodes":[{"nodeID":"713","text":"it is hardly more than a business magazine by and for the defense industry.","type":"I","timestamp":"2012-04-12 18:19:48"},{"nodeID":"717","text":"The list of  corporate sponsors  include (among its  Gold Medal members ) Lockheed-Martin Rockwell General Dynamics Grumman GE etc. with glossy full-page ads advertising their latest cutting-edge developments.","type":"I","timestamp":"2012-04-12 18:19:48"},{"nodeID":"1987","text":"In fact these corporate sponsors are the *only* advertisers in the magazine","type":"I","timestamp":"2012-04-12 18:24:10"},{"nodeID":"1988","text":"The articles themselves make repeated references to the technological developments of these corporations","type":"I","timestamp":"2012-04-12 18:24:10"},{"nodeID":"1989","text":"The corporate sponsors are part of the defense industry","type":"I","timestamp":"2012-04-12 18:24:10"},{"nodeID":"1990","text":"RA","type":"RA","timestamp":"2012-04-12 18:24:10"}],"edges":[{"edgeID":"1882","fromID":"717","toID":"1990","formEdgeID":null},{"edgeID":"1883","fromID":"1987","toID":"1990","formEdgeID":null},{"edgeID":"1884","fromID":"1988","toID":"1990","formEdgeID":null},{"edgeID":"1885","fromID":"1989","toID":"1990","formEdgeID":null},{"edgeID":"1886","fromID":"1990","toID":"713","formEdgeID":null}]}