{"nodes":[{"nodeID":"319","text":"it matters if WMD are found","type":"I","timestamp":"2012-04-12 18:18:33"},{"nodeID":"320","text":"The reason given for invading Iraq now was because they were an imminent threat because of their weapons of mass destruction","type":"I","timestamp":"2012-04-12 18:18:33"},{"nodeID":"321","text":"If the reason given for invading Iraq was that its WMD were an imminent threat it matters if WMD are found","type":"I","timestamp":"2012-04-12 18:18:33"},{"nodeID":"322","text":"RA","type":"RA","timestamp":"2012-04-12 18:18:33"}],"edges":[{"edgeID":"304","fromID":"320","toID":"322","formEdgeID":null},{"edgeID":"305","fromID":"321","toID":"322","formEdgeID":null},{"edgeID":"306","fromID":"322","toID":"319","formEdgeID":null}]}