{"nodes":[{"nodeID":"3131","text":"The rise of a free and self-governing Iraq should be supported and brought about","type":"I","timestamp":"2012-04-12 18:28:09"},{"nodeID":"3132","text":"The rise of a free and self-governing Iraq will deny terrorists a base of operation discredit their narrow ideology and give momentum to reformers across the region.","type":"I","timestamp":"2012-04-12 18:28:09"},{"nodeID":"3133","text":"This will be a decisive blow to terrorism at the heart of its power and a victory for the security of America and the civilized world.","type":"I","timestamp":"2012-04-12 18:28:09"},{"nodeID":"3134","text":"RA","type":"RA","timestamp":"2012-04-12 18:28:09"}],"edges":[{"edgeID":"3007","fromID":"3132","toID":"3134","formEdgeID":null},{"edgeID":"3008","fromID":"3133","toID":"3134","formEdgeID":null},{"edgeID":"3009","fromID":"3134","toID":"3131","formEdgeID":null}]}