{"nodes":[{"nodeID":"2595","text":"We should intervene","type":"I","timestamp":"2012-04-12 18:26:24"},{"nodeID":"3779","text":"Twelve million children have lost one or both of their parents to AIDS. Perhaps the House would just pause for a moment to contemplate losing the most important source of support that we rely on certainly when we are young our parents one or both.","type":"I","timestamp":"2012-04-12 18:30:18"},{"nodeID":"3780","text":"HIV virus has terrible consequences for these people","type":"I","timestamp":"2012-04-12 18:30:18"},{"nodeID":"3781","text":"If we intervene we can improve this terrible situation","type":"I","timestamp":"2012-04-12 18:30:18"},{"nodeID":"3782","text":"We have the means to intervene","type":"I","timestamp":"2012-04-12 18:30:18"},{"nodeID":"3783","text":"One of the consequences is that an entire generation of grandparents now have to look after an entire generation of their grandchildren because the generation in between their children's generation is in the process of dying.","type":"I","timestamp":"2012-04-12 18:30:18"},{"nodeID":"3784","text":"If there is one thing that we as parents fear more than anything else it is that our children will die before we do because that is not how it is meant to be; it is not in the natural order of things.","type":"I","timestamp":"2012-04-12 18:30:18"},{"nodeID":"3785","text":"Think of all those children who are growing up without the care of a mother or father. To make matters worse that number is estimated to become a staggering 18 million children by 2010","type":"I","timestamp":"2012-04-12 18:30:19"},{"nodeID":"3786","text":"If children's parents are dead their grandparents have to look after them","type":"I","timestamp":"2012-04-12 18:30:19"},{"nodeID":"3787","text":"RA","type":"RA","timestamp":"2012-04-12 18:30:19","scheme":"Example"},{"nodeID":"3788","text":"RA","type":"RA","timestamp":"2012-04-12 18:30:19"},{"nodeID":"3789","text":"RA","type":"RA","timestamp":"2012-04-12 18:30:19","scheme":"Example"},{"nodeID":"3790","text":"RA","type":"RA","timestamp":"2012-04-12 18:30:20","scheme":"CauseToEffect"}],"edges":[{"edgeID":"3573","fromID":"3779","toID":"3787","formEdgeID":null},{"edgeID":"3574","fromID":"3787","toID":"3780","formEdgeID":null},{"edgeID":"3575","fromID":"3780","toID":"3788","formEdgeID":null},{"edgeID":"3576","fromID":"3781","toID":"3788","formEdgeID":null},{"edgeID":"3577","fromID":"3782","toID":"3788","formEdgeID":null},{"edgeID":"3578","fromID":"3788","toID":"2595","formEdgeID":null},{"edgeID":"3579","fromID":"3783","toID":"3789","formEdgeID":null},{"edgeID":"3580","fromID":"3784","toID":"3789","formEdgeID":null},{"edgeID":"3581","fromID":"3789","toID":"3780","formEdgeID":null},{"edgeID":"3582","fromID":"3785","toID":"3790","formEdgeID":null},{"edgeID":"3583","fromID":"3786","toID":"3790","formEdgeID":null},{"edgeID":"3584","fromID":"3790","toID":"3783","formEdgeID":null}]}