{"nodes":[{"nodeID":"495","text":"If the Pentagon doesn't keep track of ground-launched cluster munitions it had better start","type":"I","timestamp":"2012-04-12 18:19:07"},{"nodeID":"496","text":"This information is very important especially when the weapon has been improperly used in urban areas.","type":"I","timestamp":"2012-04-12 18:19:07"},{"nodeID":"497","text":"If information is important the Pentagon ought to keep track of it.","type":"I","timestamp":"2012-04-12 18:19:07"},{"nodeID":"498","text":"RA","type":"RA","timestamp":"2012-04-12 18:19:07"}],"edges":[{"edgeID":"458","fromID":"496","toID":"498","formEdgeID":null},{"edgeID":"459","fromID":"497","toID":"498","formEdgeID":null},{"edgeID":"460","fromID":"498","toID":"495","formEdgeID":null}]}