{"nodes":[{"nodeID":"3343","text":"I further observe that sin or moral turpitude doth not consist in the outward physical action or motion but in the internal deviation of the will from the laws of reason and religion","type":"I","timestamp":"2012-04-12 18:28:50"},{"nodeID":"3344","text":"This is plain in that the killing of an enemy in a battle or putting a criminal legally to death is not thought sinful though the outward act be the very same with that in the case of murder","type":"I","timestamp":"2012-04-12 18:28:50"},{"nodeID":"3345","text":"Killing an enemy in a battle putting a criminal legally to death and a murder are outward actions differntly categorized according to their deviation from the laws","type":"I","timestamp":"2012-04-12 18:28:50"},{"nodeID":"3346","text":"RA","type":"RA","timestamp":"2012-04-12 18:28:50"}],"edges":[{"edgeID":"3191","fromID":"3344","toID":"3346","formEdgeID":null},{"edgeID":"3192","fromID":"3345","toID":"3346","formEdgeID":null},{"edgeID":"3193","fromID":"3346","toID":"3343","formEdgeID":null}]}