{"nodes":[{"nodeID":"952","text":"it  wasn't the failure to give credit to respondentsbut it  was petitioner's taking credit for it that was what the  lower courts thought was wrong","type":"I","timestamp":"2012-04-12 18:20:33"},{"nodeID":"953","text":"the record indeed is that it was the omission of  credits for their competitors that wasin factthe basis  for the double award.","type":"I","timestamp":"2012-04-12 18:20:33"},{"nodeID":"954","text":"Neither courtJustice Ginsburgexamined  Dastar's creditsaffirmative creditsfor accuracyfor  whether they registered with the consumersfor  misleadingness or falsity in any way.","type":"I","timestamp":"2012-04-12 18:20:33"},{"nodeID":"955","text":"the  language is that the court finds that defendant's failure  to identify the television series and the book is  misleading to the public","type":"I","timestamp":"2012-04-12 18:20:33"},{"nodeID":"956","text":"the language is that  Dastar copiedet ceteraand marketed it without  attribution to Fox.","type":"I","timestamp":"2012-04-12 18:20:33"},{"nodeID":"957","text":"If the language of the courts is that Dastar omitted to credit their competitors and if neither court examined Dastar's affirmative credits for misleadingness or falsity it was the omission of credits for their competitors that was the basis for the double award","type":"I","timestamp":"2012-04-12 18:20:33"},{"nodeID":"958","text":"CA","type":"CA","timestamp":"2012-04-12 18:20:33"},{"nodeID":"959","text":"RA","type":"RA","timestamp":"2012-04-12 18:20:33"}],"edges":[{"edgeID":"857","fromID":"953","toID":"958","formEdgeID":null},{"edgeID":"858","fromID":"958","toID":"952","formEdgeID":null},{"edgeID":"859","fromID":"954","toID":"959","formEdgeID":null},{"edgeID":"860","fromID":"955","toID":"959","formEdgeID":null},{"edgeID":"861","fromID":"956","toID":"959","formEdgeID":null},{"edgeID":"862","fromID":"957","toID":"959","formEdgeID":null},{"edgeID":"863","fromID":"959","toID":"953","formEdgeID":null}]}