{"nodes":[{"nodeID":"4842","text":"US will succeed","type":"I","timestamp":"2012-04-12 18:33:50"},{"nodeID":"4843","text":"The United States helped to rebuild Europe and parts of Asia after World War II after the Korean War","type":"I","timestamp":"2012-04-12 18:33:50"},{"nodeID":"4844","text":"We succeeded because America has an enormous capacity to do good; an enormous capacity to learn from its mistakes and to move on.","type":"I","timestamp":"2012-04-12 18:33:50"},{"nodeID":"4845","text":"US are in the afermath of the Iraq war","type":"I","timestamp":"2012-04-12 18:33:50"},{"nodeID":"4846","text":"If US always succeeded because of their capacity of doing well they will succeed in Iraq as well","type":"I","timestamp":"2012-04-12 18:33:50"},{"nodeID":"4847","text":"United States always intervened to help countries","type":"I","timestamp":"2012-04-12 18:33:50"},{"nodeID":"4848","text":"We ve always gone through  rough patches  in the aftermath of these struggles.","type":"I","timestamp":"2012-04-12 18:33:50"},{"nodeID":"4849","text":"We ve made mistakes but we always succeeded.","type":"I","timestamp":"2012-04-12 18:33:50"},{"nodeID":"4850","text":"RA","type":"RA","timestamp":"2012-04-12 18:33:50","scheme":"Example"},{"nodeID":"4851","text":"RA","type":"RA","timestamp":"2012-04-12 18:33:50"},{"nodeID":"4852","text":"RA","type":"RA","timestamp":"2012-04-12 18:33:51"}],"edges":[{"edgeID":"4542","fromID":"4843","toID":"4850","formEdgeID":null},{"edgeID":"4543","fromID":"4850","toID":"4847","formEdgeID":null},{"edgeID":"4544","fromID":"4844","toID":"4851","formEdgeID":null},{"edgeID":"4545","fromID":"4845","toID":"4851","formEdgeID":null},{"edgeID":"4546","fromID":"4846","toID":"4851","formEdgeID":null},{"edgeID":"4547","fromID":"4851","toID":"4842","formEdgeID":null},{"edgeID":"4548","fromID":"4847","toID":"4852","formEdgeID":null},{"edgeID":"4549","fromID":"4848","toID":"4852","formEdgeID":null},{"edgeID":"4550","fromID":"4849","toID":"4852","formEdgeID":null},{"edgeID":"4551","fromID":"4852","toID":"4844","formEdgeID":null}]}