{"nodes":[{"nodeID":"944","text":"what is the hurry?","type":"I","timestamp":"2012-04-12 18:20:31"},{"nodeID":"945","text":"The public are at best suspicious the science is not ready the supermarkets say that they will not stock the stuff and it would be a public relations disaster for farmers.","type":"I","timestamp":"2012-04-12 18:20:31"},{"nodeID":"946","text":"If the public are suspicious about GM the science is not ready the supermarkets say they will not stock the stuff and it would be a public relations disaster for farmers then there is no reason to hurry towards GM","type":"I","timestamp":"2012-04-12 18:20:31"},{"nodeID":"947","text":"RA","type":"RA","timestamp":"2012-04-12 18:20:31"}],"edges":[{"edgeID":"851","fromID":"945","toID":"947","formEdgeID":null},{"edgeID":"852","fromID":"946","toID":"947","formEdgeID":null},{"edgeID":"853","fromID":"947","toID":"944","formEdgeID":null}]}