{"nodes":[{"nodeID":"548","text":"If Pakistan thinks that it would be able to achieve its objectives by perpetrating terrorism in India in this manner Pakistan is mistaken.","type":"I","timestamp":"2012-04-12 18:19:17"},{"nodeID":"549","text":"If Pakistan cannot achieve its goals in this way then if it thinks it can do so it is mistaken","type":"I","timestamp":"2012-04-12 18:19:17"},{"nodeID":"550","text":"Pakistan cannot achieve its goals in this way","type":"I","timestamp":"2012-04-12 18:19:17"},{"nodeID":"551","text":"India will certainly not allow it to be achieved in this fashion.","type":"I","timestamp":"2012-04-12 18:19:17"},{"nodeID":"552","text":"If india does not allow Pakistan's objectives to be achieved in this way Pakistan will not be able to do so","type":"I","timestamp":"2012-04-12 18:19:17"},{"nodeID":"553","text":"If no war can achieve this the low intensity war or terrorism cannot achieve it","type":"I","timestamp":"2012-04-12 18:19:17"},{"nodeID":"554","text":"No war can achieve this.","type":"I","timestamp":"2012-04-12 18:19:17"},{"nodeID":"555","text":"RA","type":"RA","timestamp":"2012-04-12 18:19:17"},{"nodeID":"556","text":"RA","type":"RA","timestamp":"2012-04-12 18:19:17"},{"nodeID":"557","text":"RA","type":"RA","timestamp":"2012-04-12 18:19:18"}],"edges":[{"edgeID":"501","fromID":"549","toID":"555","formEdgeID":null},{"edgeID":"502","fromID":"550","toID":"555","formEdgeID":null},{"edgeID":"503","fromID":"555","toID":"548","formEdgeID":null},{"edgeID":"504","fromID":"551","toID":"556","formEdgeID":null},{"edgeID":"505","fromID":"552","toID":"556","formEdgeID":null},{"edgeID":"506","fromID":"556","toID":"550","formEdgeID":null},{"edgeID":"507","fromID":"553","toID":"557","formEdgeID":null},{"edgeID":"508","fromID":"554","toID":"557","formEdgeID":null},{"edgeID":"509","fromID":"557","toID":"550","formEdgeID":null}]}