{"nodes":[{"nodeID":"981","text":"The Bowers Court 's ini-  tial substantive statement - The issue presented is whether the  Federal Constitution confers a fundamental right upon homosexuals  to engage in sodomy ...  478 U..S.at 190 -discloses the Court 's  failure to appreciate the extent of the liberty at stake","type":"I","timestamp":"2012-04-12 18:20:38"},{"nodeID":"988","text":"The liberty protected  by the Constitution allows homosexual persons the right to choose to  enter upon relationships in the confines of their homes and their own  private lives and still retain their dignity as free persons.Pp.3 -6.","type":"I","timestamp":"2012-04-12 18:20:39"},{"nodeID":"1192","text":"just as it  would demean a married couple were it said that marriage is just  about the right to have sexual intercourse","type":"I","timestamp":"2012-04-12 18:21:21"},{"nodeID":"1193","text":"They seek to control a personal relationship thatwhether or not en-  titled to formal recognition in the lawis within the liberty of persons  to choose without being punished as criminals.","type":"I","timestamp":"2012-04-12 18:21:21"},{"nodeID":"1194","text":"To say that  the issue in Bowers was simply the right to engage in certain sexual  conduct demeans the claim the individual put forward","type":"I","timestamp":"2012-04-12 18:21:21"},{"nodeID":"1195","text":"The claim was about the fact that the law was against a costitutional liberty defending human freedom","type":"I","timestamp":"2012-04-12 18:21:21"},{"nodeID":"1196","text":"The law involves the human freedom","type":"I","timestamp":"2012-04-12 18:21:21"},{"nodeID":"1197","text":"If  a law is against a liberty that the Constitution protects the law is against a Constitutional liberty","type":"I","timestamp":"2012-04-12 18:21:21"},{"nodeID":"1198","text":"Although the laws in-  volved in Bowers and here purport to do not more than prohibit a  particular sexual acttheir penalties and purposes have more far-  reaching consequencestouching upon the most private human con-  ductsexual behaviorand in the most private of placesthe home","type":"I","timestamp":"2012-04-12 18:21:21"},{"nodeID":"1199","text":"If the consequences of the law are against the human freedom the law itself is against the human freedom","type":"I","timestamp":"2012-04-12 18:21:21"},{"nodeID":"1200","text":"RA","type":"RA","timestamp":"2012-04-12 18:21:21","scheme":"Analogy"},{"nodeID":"1201","text":"RA","type":"RA","timestamp":"2012-04-12 18:21:22","scheme":"Example"},{"nodeID":"1202","text":"RA","type":"RA","timestamp":"2012-04-12 18:21:22"},{"nodeID":"1203","text":"RA","type":"RA","timestamp":"2012-04-12 18:21:22","scheme":"VerbalClassification"},{"nodeID":"1204","text":"RA","type":"RA","timestamp":"2012-04-12 18:21:23"}],"edges":[{"edgeID":"1086","fromID":"1192","toID":"1200","formEdgeID":null},{"edgeID":"1087","fromID":"1200","toID":"1194","formEdgeID":null},{"edgeID":"1088","fromID":"1193","toID":"1201","formEdgeID":null},{"edgeID":"1089","fromID":"1201","toID":"1198","formEdgeID":null},{"edgeID":"1090","fromID":"1194","toID":"1202","formEdgeID":null},{"edgeID":"1091","fromID":"1195","toID":"1202","formEdgeID":null},{"edgeID":"1092","fromID":"1202","toID":"981","formEdgeID":null},{"edgeID":"1093","fromID":"988","toID":"1203","formEdgeID":null},{"edgeID":"1094","fromID":"1196","toID":"1203","formEdgeID":null},{"edgeID":"1095","fromID":"1197","toID":"1203","formEdgeID":null},{"edgeID":"1096","fromID":"1203","toID":"1195","formEdgeID":null},{"edgeID":"1097","fromID":"1198","toID":"1204","formEdgeID":null},{"edgeID":"1098","fromID":"1199","toID":"1204","formEdgeID":null},{"edgeID":"1099","fromID":"1204","toID":"1196","formEdgeID":null}]}