{"nodes":[{"nodeID":"343","text":"Does the Priest Scandal Reveal the Beast?  In response to Reply #0    no","type":"I","timestamp":"2012-04-12 18:18:38"},{"nodeID":"344","text":"The priests scandals cannot be taken as representing the whole church without taking into account the good doen by the church and sponsored by the church worldwide Catholic charities hospitals schools in most of the poorest countries in the world.","type":"I","timestamp":"2012-04-12 18:18:38"},{"nodeID":"345","text":"Mother theresa and people likes her more than make up for the bad doen by a small minority","type":"I","timestamp":"2012-04-12 18:18:38"},{"nodeID":"346","text":"RA","type":"RA","timestamp":"2012-04-12 18:18:38"}],"edges":[{"edgeID":"324","fromID":"344","toID":"346","formEdgeID":null},{"edgeID":"325","fromID":"345","toID":"346","formEdgeID":null},{"edgeID":"326","fromID":"346","toID":"343","formEdgeID":null}]}