{"nodes":[{"nodeID":"4593","text":"Dovresti scegliere tale banca","type":"I","timestamp":"2012-04-12 18:33:01"},{"nodeID":"4594","text":"In questi anni hai cambiato cellulari.","type":"I","timestamp":"2012-04-12 18:33:01"},{"nodeID":"4595","text":"Hai cambiato televisori.","type":"I","timestamp":"2012-04-12 18:33:01"},{"nodeID":"4596","text":"Hai cambiato stereo","type":"I","timestamp":"2012-04-12 18:33:01"},{"nodeID":"4597","text":"Tu desideri cambiare per il meglio e per il piu` efficace","type":"I","timestamp":"2012-04-12 18:33:01"},{"nodeID":"4598","text":"Ora c`e` una banca che e` la piu` innovativa e moderna","type":"I","timestamp":"2012-04-12 18:33:01"},{"nodeID":"4599","text":"Adesso puoi cambiare banca.","type":"I","timestamp":"2012-04-12 18:33:01"},{"nodeID":"4600","text":"L`unico motivo per cui l`affermazione  poter cambiare banca  puo` aver senso e` che tale banca e` la piu` moderna di tutte","type":"I","timestamp":"2012-04-12 18:33:01"},{"nodeID":"4601","text":"RA","type":"RA","timestamp":"2012-04-12 18:33:01"},{"nodeID":"4602","text":"RA","type":"RA","timestamp":"2012-04-12 18:33:01"},{"nodeID":"4603","text":"RA","type":"RA","timestamp":"2012-04-12 18:33:02"},{"nodeID":"4604","text":"RA","type":"RA","timestamp":"2012-04-12 18:33:02"},{"nodeID":"4605","text":"RA","type":"RA","timestamp":"2012-04-12 18:33:02"}],"edges":[{"edgeID":"4319","fromID":"4594","toID":"4601","formEdgeID":null},{"edgeID":"4320","fromID":"4601","toID":"4597","formEdgeID":null},{"edgeID":"4321","fromID":"4595","toID":"4602","formEdgeID":null},{"edgeID":"4322","fromID":"4602","toID":"4597","formEdgeID":null},{"edgeID":"4323","fromID":"4596","toID":"4603","formEdgeID":null},{"edgeID":"4324","fromID":"4603","toID":"4597","formEdgeID":null},{"edgeID":"4325","fromID":"4597","toID":"4604","formEdgeID":null},{"edgeID":"4326","fromID":"4598","toID":"4604","formEdgeID":null},{"edgeID":"4327","fromID":"4604","toID":"4593","formEdgeID":null},{"edgeID":"4328","fromID":"4599","toID":"4605","formEdgeID":null},{"edgeID":"4329","fromID":"4600","toID":"4605","formEdgeID":null},{"edgeID":"4330","fromID":"4605","toID":"4598","formEdgeID":null}]}