{"nodes":[{"nodeID":"2714","text":"Russia's continued influence in international affairs.","type":"I","timestamp":"2012-04-12 18:26:48"},{"nodeID":"2715","text":"As a consequence the latter played the role of mediator and increased its international status.","type":"I","timestamp":"2012-04-12 18:26:48"},{"nodeID":"2716","text":"If a nation increases its International status and plays important roles in international affairs it is internationally influent","type":"I","timestamp":"2012-04-12 18:26:48"},{"nodeID":"2717","text":"In the political settlement of the Kosovo issue Russia played a unique important role.","type":"I","timestamp":"2012-04-12 18:26:48"},{"nodeID":"2718","text":"If a nation plays an unique role in international affairs its international status increases","type":"I","timestamp":"2012-04-12 18:26:48"},{"nodeID":"2719","text":"For a considerable period of time the United States has adopted the policy of pressuring and intimidating Russia weakening its role in international affairs.","type":"I","timestamp":"2012-04-12 18:26:48"},{"nodeID":"2720","text":"However when the United States was in a dilemma over the Kosovo issue it had to seek Russia's assistance.","type":"I","timestamp":"2012-04-12 18:26:48"},{"nodeID":"2721","text":"If Russia was the only nation able to play the role of mediator its role was extremely important and unique","type":"I","timestamp":"2012-04-12 18:26:49"},{"nodeID":"2722","text":"RA","type":"RA","timestamp":"2012-04-12 18:26:49"},{"nodeID":"2723","text":"RA","type":"RA","timestamp":"2012-04-12 18:26:49"},{"nodeID":"2724","text":"RA","type":"RA","timestamp":"2012-04-12 18:26:49","scheme":"CauseToEffect"}],"edges":[{"edgeID":"2612","fromID":"2715","toID":"2722","formEdgeID":null},{"edgeID":"2613","fromID":"2716","toID":"2722","formEdgeID":null},{"edgeID":"2614","fromID":"2722","toID":"2714","formEdgeID":null},{"edgeID":"2615","fromID":"2717","toID":"2723","formEdgeID":null},{"edgeID":"2616","fromID":"2718","toID":"2723","formEdgeID":null},{"edgeID":"2617","fromID":"2723","toID":"2715","formEdgeID":null},{"edgeID":"2618","fromID":"2719","toID":"2724","formEdgeID":null},{"edgeID":"2619","fromID":"2720","toID":"2724","formEdgeID":null},{"edgeID":"2620","fromID":"2721","toID":"2724","formEdgeID":null},{"edgeID":"2621","fromID":"2724","toID":"2717","formEdgeID":null}]}