{"nodes":[{"nodeID":"3699","text":"So there is no inherent contradiction between Islam and democracy","type":"I","timestamp":"2012-04-12 18:30:02"},{"nodeID":"3700","text":"Islam should not be cathegorized as a religion that aims at violence","type":"I","timestamp":"2012-04-12 18:30:02"},{"nodeID":"3701","text":"And like all other religions Islam aims to help people in their daily lives and bring happiness","type":"I","timestamp":"2012-04-12 18:30:02"},{"nodeID":"3702","text":"Government has the same aim   and democracy as a system of government  has proven to be more effective and better than any other system.","type":"I","timestamp":"2012-04-12 18:30:02"},{"nodeID":"3703","text":"Two positions can be said to be contradictory when their principles and goals are opposite","type":"I","timestamp":"2012-04-12 18:30:02"},{"nodeID":"3704","text":"Islam is a religion for all of us who believe in it","type":"I","timestamp":"2012-04-12 18:30:02"},{"nodeID":"3705","text":"There are bad people who are giving us a bad time at this particular juncture. But the same applies to all religions","type":"I","timestamp":"2012-04-12 18:30:02"},{"nodeID":"3706","text":"We do not condemn other religions for few bad people","type":"I","timestamp":"2012-04-12 18:30:02"},{"nodeID":"3707","text":"RA","type":"RA","timestamp":"2012-04-12 18:30:02","scheme":"VerbalClassification"},{"nodeID":"3708","text":"RA","type":"RA","timestamp":"2012-04-12 18:30:03","scheme":"Analogy"}],"edges":[{"edgeID":"3502","fromID":"3700","toID":"3707","formEdgeID":null},{"edgeID":"3503","fromID":"3701","toID":"3707","formEdgeID":null},{"edgeID":"3504","fromID":"3702","toID":"3707","formEdgeID":null},{"edgeID":"3505","fromID":"3703","toID":"3707","formEdgeID":null},{"edgeID":"3506","fromID":"3707","toID":"3699","formEdgeID":null},{"edgeID":"3507","fromID":"3704","toID":"3708","formEdgeID":null},{"edgeID":"3508","fromID":"3705","toID":"3708","formEdgeID":null},{"edgeID":"3509","fromID":"3706","toID":"3708","formEdgeID":null},{"edgeID":"3510","fromID":"3708","toID":"3700","formEdgeID":null}]}