{"nodes":[{"nodeID":"412","text":"5 Ropemaker Road was never used as offices","type":"I","timestamp":"2012-04-12 18:18:51"},{"nodeID":"413","text":"it suggests his account regarding Ropemaker Road is untrue.","type":"I","timestamp":"2012-04-12 18:18:51"},{"nodeID":"414","text":"the presence of at least four telephones at the address","type":"I","timestamp":"2012-04-12 18:18:52"},{"nodeID":"415","text":"Mr. O'Donnell on the face of it a close associate of the first defendant is contacting the claimant there in respect of the very matters raised by the alleged agreement between the claimant and the first defendant very shortly after on the claimant's account that agreement was reached","type":"I","timestamp":"2012-04-12 18:18:52"},{"nodeID":"416","text":"If there are four telephones at 5 Roper Road and apparently close associates of the defendant are contacting the claimant there in respect of the matters raised by the alleged agreement then this evidence suggests that it is untrue that 5 Ropemaker Road was never used as an office.","type":"I","timestamp":"2012-04-12 18:18:52"},{"nodeID":"417","text":"CA","type":"CA","timestamp":"2012-04-12 18:18:52"},{"nodeID":"418","text":"RA","type":"RA","timestamp":"2012-04-12 18:18:52"}],"edges":[{"edgeID":"386","fromID":"413","toID":"417","formEdgeID":null},{"edgeID":"387","fromID":"417","toID":"412","formEdgeID":null},{"edgeID":"388","fromID":"414","toID":"418","formEdgeID":null},{"edgeID":"389","fromID":"415","toID":"418","formEdgeID":null},{"edgeID":"390","fromID":"416","toID":"418","formEdgeID":null},{"edgeID":"391","fromID":"418","toID":"413","formEdgeID":null}]}