{"nodes":[{"nodeID":"503","text":"Putting Saddam Hussein on trial will be complicated but it has to be done","type":"I","timestamp":"2012-04-12 18:19:08"},{"nodeID":"504","text":"Putting Saddam Hussein on trial will be complicated","type":"I","timestamp":"2012-04-12 18:19:08"},{"nodeID":"505","text":"Putting Saddam Hussein on trial has to be done","type":"I","timestamp":"2012-04-12 18:19:09"},{"nodeID":"506","text":"You don't build respect for the rule of law by choosing to kill someone no matter how heinous their crimes because it's the easier thing to do.","type":"I","timestamp":"2012-04-12 18:19:09"},{"nodeID":"507","text":"If you don't build respect for the rule of law by choosing to kill someone no matter how henious their crimes because it's the easier thing to do then Putting Saddam Hussein on trial has to be done.","type":"I","timestamp":"2012-04-12 18:19:09"},{"nodeID":"508","text":"RA","type":"RA","timestamp":"2012-04-12 18:19:09"},{"nodeID":"509","text":"RA","type":"RA","timestamp":"2012-04-12 18:19:09"}],"edges":[{"edgeID":"464","fromID":"504","toID":"508","formEdgeID":null},{"edgeID":"465","fromID":"505","toID":"508","formEdgeID":null},{"edgeID":"466","fromID":"508","toID":"503","formEdgeID":null},{"edgeID":"467","fromID":"506","toID":"509","formEdgeID":null},{"edgeID":"468","fromID":"507","toID":"509","formEdgeID":null},{"edgeID":"469","fromID":"509","toID":"505","formEdgeID":null}]}