{"nodes":[{"nodeID":"871","text":"The army of Palestine is claiming responsibility for yesterday's atrocity","type":"I","timestamp":"2012-04-12 18:20:17"},{"nodeID":"873","text":"when the American embassy in Nairobi was bombed in 1998 al-Qa'eda operated in the name of the Islamic Army against the Jews and the Crusaders.","type":"I","timestamp":"2012-04-12 18:20:18"},{"nodeID":"1932","text":"that does not rule out the involvement of bin Laden's organisation","type":"I","timestamp":"2012-04-12 18:23:58"},{"nodeID":"1933","text":"RA","type":"RA","timestamp":"2012-04-12 18:23:58","scheme":"Analogy"}],"edges":[{"edgeID":"1826","fromID":"871","toID":"1933","formEdgeID":null},{"edgeID":"1827","fromID":"873","toID":"1933","formEdgeID":null},{"edgeID":"1828","fromID":"1933","toID":"1932","formEdgeID":null}]}