{"nodes":[{"nodeID":"3592","text":"You should not rely on their statements","type":"I","timestamp":"2012-04-12 18:29:39"},{"nodeID":"3593","text":"We have seen historically that the Liberal Democrats jump on any old passing bandwagon.","type":"I","timestamp":"2012-04-12 18:29:39"},{"nodeID":"3594","text":"Democrats stated that they intend to abolish the nuclear power","type":"I","timestamp":"2012-04-12 18:29:39"},{"nodeID":"3595","text":"RA","type":"RA","timestamp":"2012-04-12 18:29:40"}],"edges":[{"edgeID":"3407","fromID":"3593","toID":"3595","formEdgeID":null},{"edgeID":"3408","fromID":"3594","toID":"3595","formEdgeID":null},{"edgeID":"3409","fromID":"3595","toID":"3592","formEdgeID":null}]}