{"nodes":[{"nodeID":"469","text":"When doctors finally did see the hostages in ambulances or hospitals medical personnel were unable to prescribe appropriate treatment as officials had not informed them of the substance that was used.","type":"I","timestamp":"2012-04-12 18:19:02"},{"nodeID":"1677","text":"many hostages died because they were not given basic medical care immediately after their rescue","type":"I","timestamp":"2012-04-12 18:23:02"},{"nodeID":"1678","text":"MIlitary's carelessness caused many people to die","type":"I","timestamp":"2012-04-12 18:23:02"},{"nodeID":"1679","text":"The fact that there were not doctors close to the theatre caused the death of many people","type":"I","timestamp":"2012-04-12 18:23:02"},{"nodeID":"1680","text":"Hostages will die because of inappropriate treatment due to the military's withholding information on gases","type":"I","timestamp":"2012-04-12 18:23:02"},{"nodeID":"1681","text":"People died becuse of the denial","type":"I","timestamp":"2012-04-12 18:23:02"},{"nodeID":"1682","text":"According to reliable sources who spoke to Human Rights Watch doctors from several humanitarian organizations who were in the theater's immediate vicinity sought access to the released hostages but were denied by security officials","type":"I","timestamp":"2012-04-12 18:23:02"},{"nodeID":"1683","text":"Hostages died because of inappropriate treatment due to the military's withholding information on gases","type":"I","timestamp":"2012-04-12 18:23:02"},{"nodeID":"1684","text":"Television images showed special forces placing on bare concrete unconscious hostages who were then left utterly unattended","type":"I","timestamp":"2012-04-12 18:23:02"},{"nodeID":"1685","text":"If a person in critical health situation is left unattended in a cold place plausibly he will die","type":"I","timestamp":"2012-04-12 18:23:02"},{"nodeID":"1686","text":"If a person in critical health situation is not treated plausibly he will die","type":"I","timestamp":"2012-04-12 18:23:02"},{"nodeID":"1687","text":"It took a long time to the doctors to intervene","type":"I","timestamp":"2012-04-12 18:23:02"},{"nodeID":"1688","text":"If there are not doctors near an area it will take a long time for them to intervene","type":"I","timestamp":"2012-04-12 18:23:02"},{"nodeID":"1689","text":"Footage indicated that no doctors were available outside the theater at that time.","type":"I","timestamp":"2012-04-12 18:23:02"},{"nodeID":"1690","text":"Russian authorities continue to withhold vital information about the gas even though it is of key importance to medical doctors who are still treating hostages-some of whom are still in grave condition-and to survivors who may face long-term health consequences","type":"I","timestamp":"2012-04-12 18:23:02"},{"nodeID":"1691","text":"If a specific treatment is not given to a person in critical health situation the person plausibly will die","type":"I","timestamp":"2012-04-12 18:23:02"},{"nodeID":"1692","text":"If a person in critical health situation is not treated he plausibly will die","type":"I","timestamp":"2012-04-12 18:23:03"},{"nodeID":"1693","text":"Doctors from several humanitarian organizations were denied to intervene","type":"I","timestamp":"2012-04-12 18:23:03"},{"nodeID":"1694","text":"RA","type":"RA","timestamp":"2012-04-12 18:23:03","scheme":"Example"},{"nodeID":"1695","text":"RA","type":"RA","timestamp":"2012-04-12 18:23:03","scheme":"Example"},{"nodeID":"1696","text":"RA","type":"RA","timestamp":"2012-04-12 18:23:03","scheme":"Example"},{"nodeID":"1697","text":"RA","type":"RA","timestamp":"2012-04-12 18:23:04","scheme":"Example"},{"nodeID":"1698","text":"RA","type":"RA","timestamp":"2012-04-12 18:23:04","scheme":"ExpertOpinion"},{"nodeID":"1699","text":"RA","type":"RA","timestamp":"2012-04-12 18:23:04","scheme":"Example"},{"nodeID":"1700","text":"RA","type":"RA","timestamp":"2012-04-12 18:23:04","scheme":"CauseToEffect"},{"nodeID":"1701","text":"RA","type":"RA","timestamp":"2012-04-12 18:23:05","scheme":"CauseToEffect"},{"nodeID":"1702","text":"RA","type":"RA","timestamp":"2012-04-12 18:23:05","scheme":"CauseToEffect"},{"nodeID":"1703","text":"RA","type":"RA","timestamp":"2012-04-12 18:23:05","scheme":"CauseToEffect"},{"nodeID":"1704","text":"RA","type":"RA","timestamp":"2012-04-12 18:23:06","scheme":"CauseToEffect"},{"nodeID":"1705","text":"RA","type":"RA","timestamp":"2012-04-12 18:23:06","scheme":"CauseToEffect"}],"edges":[{"edgeID":"1560","fromID":"1678","toID":"1694","formEdgeID":null},{"edgeID":"1561","fromID":"1694","toID":"1677","formEdgeID":null},{"edgeID":"1562","fromID":"1679","toID":"1695","formEdgeID":null},{"edgeID":"1563","fromID":"1695","toID":"1677","formEdgeID":null},{"edgeID":"1564","fromID":"1680","toID":"1696","formEdgeID":null},{"edgeID":"1565","fromID":"1696","toID":"1677","formEdgeID":null},{"edgeID":"1566","fromID":"1681","toID":"1697","formEdgeID":null},{"edgeID":"1567","fromID":"1697","toID":"1677","formEdgeID":null},{"edgeID":"1568","fromID":"1682","toID":"1698","formEdgeID":null},{"edgeID":"1569","fromID":"1698","toID":"1693","formEdgeID":null},{"edgeID":"1570","fromID":"1683","toID":"1699","formEdgeID":null},{"edgeID":"1571","fromID":"1699","toID":"1677","formEdgeID":null},{"edgeID":"1572","fromID":"1684","toID":"1700","formEdgeID":null},{"edgeID":"1573","fromID":"1685","toID":"1700","formEdgeID":null},{"edgeID":"1574","fromID":"1700","toID":"1678","formEdgeID":null},{"edgeID":"1575","fromID":"1686","toID":"1701","formEdgeID":null},{"edgeID":"1576","fromID":"1687","toID":"1701","formEdgeID":null},{"edgeID":"1577","fromID":"1701","toID":"1679","formEdgeID":null},{"edgeID":"1578","fromID":"1688","toID":"1702","formEdgeID":null},{"edgeID":"1579","fromID":"1689","toID":"1702","formEdgeID":null},{"edgeID":"1580","fromID":"1702","toID":"1687","formEdgeID":null},{"edgeID":"1581","fromID":"1690","toID":"1703","formEdgeID":null},{"edgeID":"1582","fromID":"1691","toID":"1703","formEdgeID":null},{"edgeID":"1583","fromID":"1703","toID":"1680","formEdgeID":null},{"edgeID":"1584","fromID":"1692","toID":"1704","formEdgeID":null},{"edgeID":"1585","fromID":"1693","toID":"1704","formEdgeID":null},{"edgeID":"1586","fromID":"1704","toID":"1681","formEdgeID":null},{"edgeID":"1587","fromID":"1691","toID":"1705","formEdgeID":null},{"edgeID":"1588","fromID":"469","toID":"1705","formEdgeID":null},{"edgeID":"1589","fromID":"1705","toID":"1683","formEdgeID":null}]}