{"nodes":[{"nodeID":"2499","text":"Tax money should be used to fix the highway","type":"I","timestamp":"2012-04-12 18:26:05"},{"nodeID":"2500","text":"We should improve the highway","type":"I","timestamp":"2012-04-12 18:26:05"},{"nodeID":"2501","text":"The best means to have an adequate highway is to use tax money to fix it","type":"I","timestamp":"2012-04-12 18:26:05"},{"nodeID":"2502","text":"If America-we almost said when- goes to war it may be necessary to rush quantities of men and materials from the interior to the coast in a hurry to repel possible enemy raids.","type":"I","timestamp":"2012-04-12 18:26:05"},{"nodeID":"2503","text":"There are few useable routes now.","type":"I","timestamp":"2012-04-12 18:26:05"},{"nodeID":"2504","text":"In such circumstance an adequate Klamath highway would be not merely important but terribly essential","type":"I","timestamp":"2012-04-12 18:26:05"},{"nodeID":"2505","text":"RA","type":"RA","timestamp":"2012-04-12 18:26:05","scheme":"PracticalReasoning"},{"nodeID":"2506","text":"RA","type":"RA","timestamp":"2012-04-12 18:26:06"}],"edges":[{"edgeID":"2412","fromID":"2500","toID":"2505","formEdgeID":null},{"edgeID":"2413","fromID":"2501","toID":"2505","formEdgeID":null},{"edgeID":"2414","fromID":"2505","toID":"2499","formEdgeID":null},{"edgeID":"2415","fromID":"2502","toID":"2506","formEdgeID":null},{"edgeID":"2416","fromID":"2503","toID":"2506","formEdgeID":null},{"edgeID":"2417","fromID":"2504","toID":"2506","formEdgeID":null},{"edgeID":"2418","fromID":"2506","toID":"2500","formEdgeID":null}]}