{"nodes":[{"nodeID":"2887","text":"I think it makes it clear that it is not necessarily true that an all-good God would have to create a world in which there is no harm.","type":"I","timestamp":"2012-04-12 18:27:22"},{"nodeID":"2888","text":"it's also possible as the Christian believes that there's an afterlife in which God will compensate us for the harms that we have borne if we have borne these in courage faith and trust in Him.","type":"I","timestamp":"2012-04-12 18:27:22"},{"nodeID":"2889","text":"Every immoral act will be punished.","type":"I","timestamp":"2012-04-12 18:27:22"},{"nodeID":"2890","text":"In order reward and punishment to exist it is necessary harm to exist","type":"I","timestamp":"2012-04-12 18:27:22"},{"nodeID":"2891","text":"RA","type":"RA","timestamp":"2012-04-12 18:27:22","scheme":"PracticalReasoning"}],"edges":[{"edgeID":"2775","fromID":"2888","toID":"2891","formEdgeID":null},{"edgeID":"2776","fromID":"2889","toID":"2891","formEdgeID":null},{"edgeID":"2777","fromID":"2890","toID":"2891","formEdgeID":null},{"edgeID":"2778","fromID":"2891","toID":"2887","formEdgeID":null}]}